use,car
0.5815166666666666,0.0
0.5163833333333332,0.0
0.4292,0.0
0.4272833333333333,0.0
0.4317833333333333,0.0
0.4127833333333333,0.0
0.4123333333333333,0.0
0.7308333333333332,0.0
0.54745,0.0
0.4265333333333333,0.0
0.422,0.0
0.41345,0.0
0.4438833333333333,0.0
0.7321333333333332,0.0
0.56735,0.0
0.5232166666666666,0.0
0.4811333333333332,0.0
0.58245,0.0
0.69005,0.0
0.8993666666666666,0.0
0.7928,0.0
0.8340166666666666,0.0
0.7033666666666666,0.0
0.5536,0.0
