use,car
0.5180166666666666,0.0
0.4862666666666666,0.0
0.4467333333333333,0.0
3.299733333333333,2.86975
3.747083333333333,3.31275
2.263583333333333,1.82155
0.4455833333333333,0.003
0.7569166666666666,0.00255
0.71465,0.0014
0.5845666666666666,0.0
0.438,0.0
0.4615333333333332,0.0
0.71525,0.0
0.80495,0.0
0.5038666666666666,0.0
0.4589833333333333,0.0
0.74225,0.0
0.7545,0.0
0.8238166666666666,0.0
0.7487,0.0
0.8756833333333331,0.0
0.75905,0.0
0.6209166666666666,0.0
0.5247,0.0
