use,car
0.3401,0.0
0.3259833333333333,0.0
0.30495,0.0
0.3192166666666666,0.0
0.3237333333333333,0.0
0.30415,0.0
0.3215166666666666,0.0
0.5341,0.0
0.43235,0.0
0.4028,0.0
0.3396333333333333,0.0
0.3331333333333333,0.0
0.3215833333333333,0.0
0.3747666666666665,0.0
0.3827,0.0
0.9989166666666665,0.0
0.4235833333333333,0.0
0.4438,0.0052
0.8880833333333331,0.0
1.0118333333333331,0.00195
2.6977333333333333,0.0
0.7234666666666665,0.0019333333333333331
3.6458666666666666,0.0
1.0339166666666668,0.0
