use,car
0.373,0.0
0.3392666666666666,0.0
0.3259833333333333,0.0
0.3062,0.0
0.3075,0.0
0.3057333333333333,0.0
0.3109333333333333,0.0
0.3085166666666666,0.0
0.4853,0.0
0.4274833333333333,0.0
0.6042666666666666,0.0
0.5040333333333332,0.0
0.3478166666666666,0.0
0.4850666666666666,0.0
0.46445,0.0
0.42805,0.0
0.4556666666666666,0.0
0.75875,0.0
0.7690833333333331,0.0
0.6445,0.0
0.7251166666666665,0.0
0.6336666666666666,0.0
0.6077833333333332,0.0
0.5054166666666666,0.0
