use,car
0.4313833333333333,5e-05
0.84605,0.0
1.4180666666666668,0.0
1.9746,0.0
1.9756166666666668,0.0
0.43845,0.0
0.4355333333333333,0.0
0.42596666666666655,0.0
0.4237333333333333,0.0
0.4221333333333333,0.0
0.62825,0.0
0.5879166666666666,0.0
0.5884166666666666,0.0
0.5876666666666666,0.0
0.5789,0.0
0.42936666666666656,0.0019
0.4305833333333333,0.0
0.4328833333333333,5e-05
0.4314,0.0005
0.4240333333333333,0.0001
0.55685,0.00025
0.5143666666666666,0.0014
0.4422,0.0006
0.4418,0.0002
