use,car
0.9409,0.0
1.1939666666666668,0.0
1.6233,0.0
2.2743,0.0
1.9329666666666667,0.0
0.6577166666666666,0.0
0.7251833333333332,0.0
1.12835,0.0
0.83455,0.0
0.8121,0.0
0.96205,0.0
1.31085,0.0
0.9507,0.0
0.8973333333333331,0.0
0.7502,0.0
0.5764166666666666,0.0
0.5726666666666665,0.0
0.7718333333333331,0.0
1.0329333333333333,0.0
1.126,0.0
1.0098166666666664,0.0
1.01295,0.0
0.8509166666666667,0.0
0.8401166666666666,0.0
