use,car
0.7979166666666666,0.0
1.31455,0.0
1.7863166666666668,0.0
2.2696,0.0
1.6996166666666668,0.0
0.5409166666666666,0.0
0.7962,0.0
0.9864833333333332,0.0
0.68465,0.0
0.6065666666666666,0.0
1.0027,0.0
1.0369166666666667,0.0
0.9579,0.0
0.7425,0.0
0.7204666666666666,0.0
0.5640833333333332,0.0
0.5410166666666666,0.0
0.7941333333333331,0.0
1.0511833333333331,0.0
0.9154666666666667,0.0
0.9347166666666664,0.0
0.9071833333333332,0.0
0.8086333333333331,0.0
0.8371833333333331,0.0
