use,car
0.8137833333333331,0.0
1.3333666666666668,0.0
1.8552666666666668,0.0
2.5153,0.0
1.8806,0.0
0.5408833333333332,0.0
0.43686666666666657,0.0
0.43406666666666655,0.0
0.4885166666666666,0.0
0.4769666666666666,0.0
0.6279666666666666,0.0
0.58085,0.0
0.7854,0.0
0.90935,0.0
0.8873833333333331,0.0
0.5368833333333332,0.0
0.6407166666666666,0.0014
0.8447333333333331,0.0
0.8413833333333331,0.0
0.8049,0.0
0.7229166666666665,0.0
0.8065833333333331,0.0
0.7898166666666666,0.0
0.8696166666666666,0.0
