use,car
0.7050666666666666,0.0
0.94975,0.0
1.40165,0.0
2.06055,0.0
1.6105333333333332,0.0
0.4906333333333332,0.0
0.52425,0.0
0.95125,0.0
0.4774333333333332,0.02128333333333333
0.41635,0.0
0.6058833333333332,0.0
0.6265666666666666,0.0
0.7340666666666665,0.0
0.86965,0.0
0.7836833333333331,0.0
0.5321333333333332,0.0
0.6716833333333332,0.0
0.72145,0.0
0.7463666666666666,0.0
0.7226666666666665,0.0
0.7147333333333332,0.0
0.71695,0.0
0.7195666666666666,0.0
0.7110166666666666,0.0
