use,car
0.872533333333333,0.0
1.3630666666666669,0.0
1.7146833333333331,0.0
2.34235,0.0
1.70295,0.0
0.45026666666666654,0.0
0.5145333333333332,0.0
0.5931166666666666,0.0
0.4784833333333332,0.0
0.4802666666666666,0.0
0.7019666666666666,0.0
0.8432333333333331,0.0
1.0177833333333333,0.0
0.9186166666666666,0.0
0.9030666666666666,0.0
0.8994166666666666,0.0
0.7994166666666666,0.0
1.01715,0.0
0.8490666666666666,0.0
0.85865,0.0
0.8078833333333331,0.0
0.87615,0.0
0.8966,0.0
0.8821333333333331,0.0
