use,car
1.038433333333333,0.0
0.5257166666666666,0.0
0.3102666666666666,0.0
0.37135,0.0
0.30745,0.0
0.3682666666666666,0.0
0.3421333333333333,0.0
0.40235,0.0
0.6814,0.0
0.8538333333333331,0.0
0.7442166666666666,0.0
0.5539333333333332,0.0
0.9097166666666666,0.0
0.93845,0.0
1.2066,0.0
1.5629666666666668,0.0
1.4960666666666669,0.0
1.77255,0.0
1.8884666666666667,0.0008
2.989916666666667,0.0011833333333333331
3.55155,0.0
3.71745,0.0
2.8341333333333334,0.0
1.12855,0.0
