use,car
0.34725,0.0
0.3898333333333333,0.0
0.31955,0.0
0.3864166666666666,0.0
0.3200666666666666,0.0
0.3566666666666666,0.0
0.3583166666666666,0.0
0.3509,0.0
0.38496666666666657,0.0
0.3481333333333333,0.0
0.4015,0.0
0.32935,0.0
0.4053,0.0
0.3574833333333333,0.0
0.3975,0.0
1.1589333333333331,0.0
2.11165,0.0
1.8827333333333331,0.0
1.71785,0.0
1.0413333333333332,0.0
1.0140666666666664,0.0
0.6181166666666666,0.0
0.41491666666666654,0.0
0.37891666666666657,0.0
