use,car
1.296,0.0
1.227933333333333,0.0
1.05615,0.0
0.31735,0.0
0.3429833333333333,0.0
0.3349166666666666,0.0
0.4844333333333332,0.0012833333333333332
0.4003,0.0
0.40625,0.0
0.3351333333333333,0.0
0.2932,0.0
0.3471333333333333,0.0
0.3021666666666666,0.0
0.77195,0.0
1.3709166666666668,0.0
1.95035,0.0
2.25415,0.0
2.563283333333333,0.0
2.0471666666666666,0.0
0.949,0.0
1.05805,0.00025
1.81455,0.0006
1.0572333333333332,0.0013333333333333333
1.3012,0.00085
