use,car
6.118483333333333,3.5174
2.28625,0.0
1.9087833333333333,0.0
1.4997333333333331,0.0
1.6100833333333333,0.0
1.65135,0.0
1.40015,0.0
1.4015,0.00075
1.623816666666667,0.0
1.5319833333333333,0.00025
1.8440666666666667,0.0
3.1072333333333333,0.0
2.429183333333333,0.0
2.7359666666666667,0.0
1.7116,0.0
1.4365,0.0
1.5885166666666668,0.0
1.816733333333333,0.0
1.6681666666666668,0.0
0.46845,0.0
1.3166,0.0
1.0043833333333332,0.0
0.8726666666666666,0.0
1.8322333333333332,5e-05
