use,car
11.778966666666665,9.800216666666666
2.7004,0.0
1.8145666666666669,0.0
1.7624,0.0
1.5367833333333332,0.0
1.4919666666666669,0.0
1.565683333333333,0.0
1.9541333333333333,0.00015
1.9260166666666667,0.0
1.5256666666666667,0.0
1.8024833333333332,0.0
1.8444,0.0
2.50335,0.0
4.63115,0.0002
6.5900333333333325,0.00255
5.286933333333333,0.0
4.902066666666666,0.0
4.7993,0.0
4.616933333333333,0.0011
2.4932,0.0004666666666666666
4.000116666666666,0.0001
2.9139,0.0
2.09275,0.0
2.07055,0.0
