use,car
0.6641166666666666,0.0
0.8958,0.0
0.6765,0.0
0.9252,0.0
0.65985,0.0
0.59185,0.0
0.6825,0.0
0.8884166666666666,0.0
1.7046333333333332,0.0
1.8768,0.00035
2.4760666666666666,0.0
2.5883,0.0
3.1256166666666667,0.0003166666666666667
3.692916666666666,0.0
1.623,0.0
1.6562333333333332,0.0
1.6823666666666668,0.0
1.7161666666666668,0.0
1.41345,0.0
1.1596,0.0
1.0135666666666665,0.0
1.934,0.0
4.88575,0.0
2.0134333333333334,0.0
