use,car
4.509616666666666,4.171783333333333
0.3947,0.0
0.3445,0.0
0.4048833333333333,0.0
0.3368,0.0
0.4136833333333333,0.0
0.3374,0.0
0.41031666666666655,0.0
0.3375166666666666,0.0
0.40936666666666655,0.0
0.3473,0.0
0.4041833333333333,0.0
0.6511333333333332,0.0006166666666666666
0.9304833333333332,0.0
1.3897166666666667,0.0
1.3598,0.0
1.5654833333333331,0.0
1.9346833333333333,0.0
1.139133333333333,0.0
0.8235666666666666,0.0
0.58205,0.0
0.39921666666666655,0.0
0.57905,0.0
0.3667166666666666,0.0
