use,car
0.3553833333333333,0.0
0.39571666666666655,0.0
0.37365,0.0
0.37165,0.0
0.3972833333333333,0.0
0.3504666666666666,0.0
0.4202833333333333,0.0
0.3529166666666666,0.0
0.3946833333333333,0.0
0.37461666666666654,0.0
0.3736333333333333,0.0
0.6076,0.0
0.8480833333333331,0.00015
1.73525,0.00045
2.369016666666667,0.0
2.274016666666667,0.0
2.5995,0.0
2.280066666666667,0.0
1.62135,0.0
1.3516833333333331,0.0
0.5816166666666666,0.0
0.3960833333333333,0.0
0.5665166666666666,0.0
0.3547666666666666,0.0
