use,car
1.3815333333333333,0.0
0.6817,0.0
0.34135,0.0
0.3926,0.0
0.41446666666666654,0.0
0.40345,0.0
0.46005,0.0
0.41685,0.0
0.4588833333333333,0.0
1.03895,0.0
0.85745,0.0
0.43766666666666654,0.0
0.28025,0.0
0.3419666666666666,0.0
0.3086833333333333,0.0
0.3209,0.0
0.39585,0.0
0.4223833333333333,0.0
0.48695,0.0
0.6735166666666667,0.0
1.1921833333333332,0.0
1.17135,0.0
1.25625,0.0
1.50475,0.0018833333333333332
