use,car
1.8661166666666669,0.0
1.11315,0.0
1.0299833333333333,0.0
0.8503166666666666,0.0
0.7788,0.0
0.4056833333333333,0.0003
1.2925166666666668,0.0011
0.9141833333333332,0.0
0.6612166666666666,0.0
0.5507166666666666,0.0
0.52985,0.0
0.48675,0.0
0.5701333333333332,0.0
0.5261666666666666,0.0
0.4977833333333332,0.0
0.78535,0.0
0.54925,0.0
0.5045833333333332,0.0
0.4899,0.0
0.4874666666666666,0.0
0.5241166666666666,0.0
1.1857833333333332,0.0
1.4107,0.0
1.334733333333333,0.0
