use,car
3.551266666666667,2.293883333333333
1.257083333333333,0.0
1.2878833333333333,0.0
1.3261166666666668,0.0
1.2114833333333332,0.0
1.3303166666666668,0.0
1.3253666666666668,0.0
1.464,0.0
1.3123,0.0
1.3182666666666667,0.0
1.20355,0.0
1.2871,0.0
1.323,0.0
1.3172166666666667,0.0
1.2776333333333332,0.0
1.3000333333333332,0.0
1.3154666666666668,0.0
1.28865,0.0
2.19545,0.7969166666666666
4.840066666666666,3.3896333333333333
4.82965,3.38225
3.2173,1.79055
1.47775,0.0
1.4446166666666669,0.0
