use,car
4.591816666666666,3.381216666666667
2.4525,1.1800166666666667
0.85545,0.0
1.71235,0.0
1.4161166666666667,0.0
1.3139833333333333,0.0
1.2914666666666668,0.0
1.4568333333333332,0.0
2.206466666666667,0.0
2.153716666666667,0.0
1.5772333333333333,0.0
1.95915,0.0
1.8211833333333332,0.0
2.245633333333333,0.0
2.537933333333333,0.0
2.18225,0.0
2.5435166666666666,0.0
2.782016666666667,0.0
2.4582333333333333,0.0
2.05445,0.0
1.35495,0.0
1.08705,0.0
0.4176833333333333,0.0
1.0103666666666664,0.0
