use,car
1.67185,0.3359833333333333
1.30635,0.0
1.24445,0.0
1.2565,0.0
1.2848666666666668,0.0
0.9776166666666664,0.0
1.2234166666666668,0.0
1.1595666666666669,0.0
1.4769333333333332,0.0
1.3288166666666668,0.0
1.164383333333333,0.0
1.3833833333333332,0.0
1.459566666666667,0.0
1.6092,0.0
1.6005333333333331,0.0
1.7416833333333333,0.0
1.9705,0.0
2.4394,0.0
2.3522,0.0
2.7325166666666667,0.0
2.449816666666667,0.0
2.240083333333333,0.0
2.2777166666666666,0.0
1.8396333333333332,0.14316666666666664
