use,car
5.0033,3.372783333333333
4.6565666666666665,3.3909
2.889533333333333,1.8873333333333333
1.2354333333333332,0.0
0.92305,0.0
0.9018,0.0
0.95355,0.0
1.1359833333333331,0.0
1.01295,0.0
1.2485333333333333,0.0
1.6151166666666668,0.0
1.8153166666666667,0.0
2.18665,0.0
2.7435,0.0
2.3144,0.0
2.725283333333333,0.0
2.793566666666667,0.0
2.3863166666666666,0.0
2.921666666666667,0.0
2.5405333333333333,0.0
2.597116666666667,0.0
2.756333333333333,0.0
2.684566666666667,0.0
4.17845,2.4450833333333333
