use,car
5.2285,3.377333333333333
2.943283333333333,0.8624166666666666
2.1224166666666666,0.0
1.62045,0.0
1.9975666666666667,0.0
2.058583333333333,0.05088333333333332
1.6999833333333332,0.08055
1.66835,0.0
1.71475,0.0
1.9600666666666668,0.0
2.57765,0.0
2.51585,0.0
3.741383333333333,0.0
3.8773166666666663,0.0
3.3712166666666668,0.0
3.0897666666666668,0.0
4.4721166666666665,0.0
3.83535,0.0
4.426833333333333,0.0
4.3725,0.0
3.2515,0.0
2.9854,0.0
2.4255666666666666,0.0
2.059683333333333,0.0
