use,car
1.4952666666666667,0.0
1.3018333333333332,0.0
1.3434333333333333,0.0
1.5176666666666667,0.0
0.9969666666666664,0.0
1.4210166666666668,0.0
0.64335,0.0
0.9683333333333332,0.0
0.9605333333333332,0.0
1.1337,0.0
1.1755,0.0
1.93335,0.0
2.1962,0.0
2.604916666666667,0.0
2.877016666666667,0.0
2.91625,0.0
3.0143,0.0
3.7105,0.0
3.0143,0.0
2.631283333333333,0.0
2.3545166666666666,0.0
1.889,0.0
1.8814666666666668,0.0
1.8231833333333332,0.0
