use,car
1.9121333333333332,0.0
1.6511333333333331,0.0
1.7991333333333333,0.0
1.8291333333333333,0.0
1.8520666666666667,0.0
1.6316833333333332,0.0
1.2614333333333332,0.0
1.3529666666666669,0.0
0.4624,0.0
0.4795166666666666,0.0
1.0390833333333331,0.0
1.5067333333333333,0.0
2.44055,0.0
2.2608,0.0
3.2899,0.0
3.0966666666666667,0.0
2.9801333333333333,0.0
3.0961833333333333,0.0
3.38405,0.0
3.309133333333333,0.0
2.4827166666666667,0.0
2.660966666666667,0.0
2.03295,0.0
2.9684,1.47735
