use,car
3.6552833333333328,2.9185
0.9627,0.1172833333333333
0.8546666666666666,0.0
0.7485166666666666,0.0
0.8144666666666666,0.0
0.7685,0.0
0.5881166666666666,0.0
0.7342666666666665,0.0
0.4245333333333333,0.0
0.487,0.0
0.4037,0.0
0.5086,0.0
0.5629666666666666,0.0
1.03585,0.0
1.16695,0.0
0.5785166666666666,0.0
0.6968333333333332,0.0
0.8532,0.0
1.574566666666667,0.0
2.04555,0.0
1.5873666666666668,0.0
1.563416666666667,0.0
1.5560666666666667,0.0
1.5912833333333332,0.12905
