use,car
0.5461,0.0
0.6935166666666666,0.0
0.5364166666666667,0.0
0.5846,0.0
0.5249666666666666,0.0
0.5327,0.0
0.5148333333333333,0.0
0.4691166666666666,0.0
0.51975,0.0
0.64305,0.0
0.5756,0.0
0.8285166666666666,0.0
0.46675,0.0
0.3110666666666666,0.0
0.3524666666666666,0.0
0.6767833333333332,0.0
0.6461333333333332,0.0002
0.9385166666666664,0.003
0.8161333333333332,0.00285
0.9251,0.0
0.8778666666666666,0.0
0.7803833333333331,0.0
0.4755166666666666,0.0
0.6033833333333332,0.0
