use,car
0.6435166666666666,0.0
0.5496,0.0
0.6440333333333332,0.0
0.5113333333333332,0.0
0.5257666666666666,0.0
0.4847,0.0
0.7895833333333331,0.0
0.4956166666666666,0.0
0.5020666666666666,0.0
0.4766,0.0
0.5183833333333332,0.0
0.42441666666666655,0.0
0.4965166666666666,0.0
0.51255,0.0
0.5709333333333332,0.0
0.4451833333333333,0.0
0.63755,0.0
0.72025,0.0
0.6795,0.0
3.347783333333333,2.56525
2.7224,1.9807666666666668
0.64095,0.0
0.5654333333333332,0.0
0.5523333333333332,0.0
