use,car
0.5668833333333332,0.0
0.4494,0.0
0.61315,0.0
0.49005,0.0
0.6173166666666666,0.0
0.5317833333333332,0.0
0.6739666666666666,0.0
0.7066666666666666,0.0
0.50405,0.0
0.43651666666666655,0.0
0.4255333333333333,0.0
0.4581666666666666,0.0
0.453,0.0
0.4907666666666666,0.0
0.43415,0.0
0.8899166666666666,0.0
1.253183333333333,0.0
1.35915,0.0
1.1789,0.0
1.3021,0.0
0.99905,0.0
1.2747666666666668,0.0
4.5731166666666665,3.28365
3.9563833333333327,3.381066666666667
