use,car
1.0559166666666668,0.0
1.0486666666666669,0.0
0.7578,0.0
0.9195,0.0
0.6787,0.0
0.7969166666666666,0.0
0.9951,0.0
1.0170333333333332,0.0
0.6417833333333332,0.0
0.8221166666666666,0.0
0.61265,0.0
0.8408,0.0
0.576,0.0
1.0243,0.0
0.8861,0.0
1.0944333333333331,0.0
1.2726833333333332,0.0
1.7731666666666668,0.23015
4.877266666666666,3.38115
4.548866666666666,3.1323833333333333
1.7040833333333332,0.2709833333333333
1.3407,0.05085
0.9332,0.0
0.7662166666666665,0.0
