use,car
0.30625,0.0
0.3035833333333333,0.0
0.30335,0.0
0.3038666666666666,0.0
0.3007833333333333,0.0
0.2975,0.0
0.2908333333333333,0.0
0.3402833333333333,0.00015
0.5867,0.0007166666666666666
0.6010666666666666,0.0
0.6283333333333332,0.00036666666666666667
0.4892333333333332,6.666666666666666e-05
0.43105,0.0
0.4273333333333333,0.0
0.41355,0.0
0.5160166666666666,0.0
0.54705,0.0
0.5372,0.0
0.5514,0.0
0.6566333333333332,0.0
0.9737,0.0003
0.8973333333333331,0.0
0.64085,0.0
0.34905,0.0
