use,car
0.4156666666666666,0.0
0.3552333333333333,0.0
0.37615,0.0
0.3820333333333333,0.0
0.3364,0.0
0.5775166666666666,0.0
0.3989,0.0
0.37706666666666655,0.0
0.5804833333333332,0.0
0.4929833333333332,0.0
2.902283333333333,0.0
0.8125166666666666,0.0
0.2961833333333333,0.0
3.1327166666666666,0.0
3.1688,0.0
2.91495,0.0
2.394333333333333,0.0
3.31865,0.0
2.2074333333333334,0.0
0.8871166666666666,0.0
0.5858833333333332,0.0
0.63315,0.0
1.7764833333333332,0.0
0.4089,0.0
