use,car
0.40796666666666653,0.0
0.3388666666666666,0.0
0.4131,0.0
0.4802,0.0
0.3567333333333333,0.0
0.5843666666666666,0.0
0.3703333333333333,0.0
0.73225,0.0
0.7419833333333331,0.0
0.5818166666666666,0.0
0.8738,0.0
0.834233333333333,0.0
0.7673833333333331,0.0
1.8316333333333332,0.0
1.38835,0.0
2.8628,0.0
3.044083333333333,0.0
3.0460166666666666,0.0
3.9435,0.0
3.53895,0.0
1.2546333333333333,0.0
3.1424333333333334,0.0
1.4796,0.0
0.40631666666666655,0.0
