use,car
0.3923333333333333,0.0
0.3501166666666666,0.0
0.4035833333333333,0.0
0.34935,0.0
0.3558833333333333,0.0
0.38266666666666654,0.0
0.3634333333333333,0.0
0.3400666666666666,0.0
0.5638833333333332,0.0
0.39726666666666655,0.0
0.4770833333333332,0.0
0.5177,0.0
0.6024166666666666,0.0
0.8583,0.0
0.8101166666666666,0.0
1.0803,0.0
2.1963,0.0
1.1606666666666667,0.0
1.01155,0.0
0.97145,0.0
0.56045,0.0
1.8391333333333333,0.0
2.449116666666667,0.0
0.3916,0.0
