use,car
0.3618,0.0
0.3495833333333333,0.0
0.40245,0.0
0.3297166666666666,0.0
0.36633333333333323,0.0
0.3874833333333333,0.0
0.3363333333333333,0.0
0.6112166666666666,0.0
0.7957,0.0
0.6985833333333332,0.0
0.8133333333333331,0.0
0.9720833333333332,0.0
0.8345166666666666,0.0
0.9949,0.0
3.59415,0.0
1.928,0.0
1.8541166666666669,0.0
3.496233333333333,0.0
3.38985,0.0
1.5281333333333331,0.0
1.6902,0.0
1.6053333333333333,0.0
2.198916666666667,0.0
0.3713,0.0
