use,car
0.5601666666666666,0.0
1.64935,0.0
1.1972,0.0
2.722433333333333,0.0
0.5259166666666666,0.0
0.5257333333333332,0.0
0.7890833333333331,0.0
0.96645,0.0
1.52305,0.0
2.427766666666667,0.0
1.73,0.0
5.2127333333333326,0.0
2.088416666666667,0.0
4.211483333333333,0.0
2.0227833333333334,0.0
2.6009,0.0
2.5334166666666667,0.0
1.683266666666667,0.0
3.5322,0.0
3.8850833333333328,0.0
4.347366666666667,0.0
4.763816666666666,0.0
4.568533333333333,0.0
3.711083333333333,0.0
