use,car
2.1547666666666667,0.0
2.652283333333333,0.0
3.54105,0.0
1.8102666666666667,0.0
1.180583333333333,0.0
1.6950833333333333,0.0
0.37826666666666653,0.0
0.4133833333333333,0.0
0.6454166666666666,0.0
0.38985,0.0
1.65735,0.0
1.0631333333333333,0.0
1.0762166666666668,0.0
3.25645,0.0
2.5943,0.0
3.7222166666666663,0.0
0.4283,0.0
3.105383333333333,0.0
2.169033333333333,0.0
3.929233333333333,0.0
2.71455,0.0
4.1041333333333325,0.0
4.01095,0.0
2.23845,0.0
