use,car
0.38226666666666653,0.0
0.42935,0.0
0.62615,0.0
0.39336666666666653,0.0
0.41286666666666655,0.0
0.7377333333333332,0.0
0.4715166666666666,0.0
0.6370333333333332,0.0
0.7381166666666666,0.0
1.1063,0.0
0.6214833333333332,0.0
0.8771833333333331,0.0
2.749216666666667,0.0
0.0,0.0
2.1601166666666667,0.0
0.99915,0.0
0.8502,0.0
1.0117,0.0
1.2656666666666667,0.0
1.1655833333333332,0.0
1.1560333333333332,0.0
0.9092,0.0
0.48,0.0
0.38701666666666656,0.0
