use,car
1.2584,0.0
1.4184666666666668,0.0
2.311183333333333,0.0
0.89675,0.0
2.24495,0.0
0.3529,0.0
0.3269333333333333,0.0
0.44945,0.0
0.7681666666666666,0.0
1.4863333333333333,0.0
0.44235,0.0
2.094716666666667,0.0
2.119416666666667,0.0
3.9270833333333326,0.0
1.9479666666666668,0.0
3.747433333333333,0.0
4.0177,0.0
2.68765,0.0
3.3038833333333333,0.0
4.37055,0.0
4.49185,0.0
4.713,0.0
4.186366666666666,0.0
2.9889,0.0
