use,car
2.3936,0.0
0.4285833333333333,0.0
1.8695666666666668,0.0
1.2831833333333331,0.0
0.9787333333333332,0.0
0.8048666666666666,0.0
0.39841666666666653,0.0
0.5162333333333332,0.0
0.3757833333333333,0.0
0.7837333333333331,0.0
0.6441166666666666,0.0
2.660216666666667,0.0
2.223666666666667,0.0
2.19585,0.0
2.027566666666667,0.0
3.145783333333333,0.0
1.737,0.0
3.5748333333333333,0.0
3.98145,0.0
4.045683333333333,0.0
2.9164833333333333,0.0
3.3131,0.0
3.09855,0.0
2.305833333333333,0.0
