use,car
0.5235333333333332,0.0
1.9779833333333332,0.0
1.3323166666666668,0.0
0.9203166666666666,0.0
0.6258333333333332,0.0
1.0996333333333332,0.0
0.48265,0.0
0.5336166666666666,0.0
0.4702,0.0
0.41805,0.0
0.4731833333333332,0.0
1.254133333333333,0.0
2.1461,0.0
1.320466666666667,0.0
1.3598666666666668,0.0
1.9685333333333332,0.0
1.1423666666666668,0.0
2.455216666666667,0.0
5.3035,0.0
3.407566666666667,0.0
2.0287333333333333,0.0
3.1403833333333333,0.0
3.112283333333333,0.0
2.086733333333333,0.0
