use,car
1.2732166666666669,0.0
2.26195,0.0
0.8144,0.0
2.4617,0.0
0.38816666666666655,0.0
1.7497,0.0
0.4671666666666666,0.0
1.22735,0.0
1.94435,0.0
1.9382333333333333,0.0
1.297,0.0
1.8608333333333331,0.0
1.0572333333333332,0.0
3.327666666666667,0.0
2.208483333333333,0.0
2.534066666666667,0.0
2.793,0.0
2.7053166666666666,0.0
3.65505,0.0
2.60075,0.0
1.8619333333333332,0.0
3.231883333333333,0.0
3.1996,0.0
2.98695,0.0
