use,car
1.2393666666666667,0.0
0.6735166666666667,0.0
0.3498666666666666,0.0
0.8382166666666666,0.0
0.4994,0.0
0.36275,0.0
0.38785,0.0
0.7376,0.0
0.5323166666666665,0.0
0.6362,0.0
0.44226666666666653,0.0
1.5831,0.0
1.15505,0.0
0.51875,0.0
0.7904666666666667,0.0
2.08815,0.0
2.506666666666667,0.0
2.2552833333333333,0.0
1.1873,0.0
0.7666333333333331,0.0
1.6071333333333333,0.0
1.7913666666666668,0.0
3.088233333333333,0.0
1.6042333333333332,0.0
