use,car
1.39415,0.0
1.0614833333333331,0.0
2.1085833333333333,0.0
0.8438333333333331,0.0
0.9989166666666665,0.0
0.39156666666666656,0.0
0.3564,0.0
0.3384,0.0
0.4096,0.0
1.6405333333333332,0.0
0.8383,0.0
1.5060166666666668,0.0
1.5627,0.0
3.09495,0.0
2.682983333333333,0.0
3.582266666666667,0.0
0.5298833333333332,0.0
0.4352,0.0
3.263033333333333,0.0
3.26565,0.0
1.8049166666666667,0.0
2.832383333333333,0.0
3.0902,0.0
2.216066666666667,0.0
