use,car
1.4280166666666667,0.0
1.2556166666666668,0.0
0.37315,0.0
0.97895,0.0
2.01635,0.0
0.3637,0.0
0.36508333333333326,0.0
0.37596666666666656,0.0
0.6860666666666666,0.0
0.334,0.0
0.4977666666666666,0.0
1.0179,0.0
1.0253333333333332,0.0
2.69165,0.0
0.68975,0.0
3.8454833333333327,0.0
3.8424333333333327,0.0
3.3966333333333334,0.0
3.6808166666666664,0.0
3.03655,0.0
1.8415333333333332,0.0
2.4508,0.0
2.9036666666666666,0.0
0.80715,0.0
