use,car
0.6561,0.0
0.39506666666666657,0.0
0.7047166666666665,0.0
0.35725,0.0
0.5968333333333332,0.0
0.4181666666666666,0.0
0.56195,0.0
0.4843833333333332,0.0
0.7994833333333331,0.0
0.36095,0.0
0.56625,0.0
0.8408833333333331,0.0
0.6970833333333332,0.0
0.73235,0.0
0.70175,0.0
0.6716333333333332,0.0
0.3186833333333333,0.0
0.3398166666666666,0.0
0.5868833333333332,0.0
0.4449833333333333,0.0
0.3250833333333333,0.0
0.5074333333333332,0.0
0.5358666666666666,0.0
0.4682,0.0
