use,car
1.0041166666666663,0.0
1.4805166666666667,0.0
1.0178333333333331,0.0
1.190583333333333,0.0
0.42645,0.0
0.7339833333333332,0.0
0.4284,0.0
0.5185666666666666,0.0
0.3657,0.0
0.3702833333333333,0.0
0.42396666666666655,0.0
1.1103833333333333,0.0
0.3317333333333333,0.0
2.0759,0.0
1.0066833333333332,0.0
0.9793166666666664,0.0
2.717833333333333,0.0
2.29475,0.0
1.7543333333333333,0.0
2.4140333333333333,0.0
1.2597666666666667,0.0
1.9561333333333333,0.0
2.78695,0.0
1.01285,0.0
