use,car
0.98845,0.0
0.39566666666666656,0.0
0.3428333333333333,0.0
0.37905,0.0
0.3645666666666666,0.0
0.3374833333333333,0.0
0.38175,0.0
0.3627666666666666,0.0
0.6277,0.0
0.3822333333333333,0.0
0.3581333333333333,0.0
0.49015,0.0
0.3333666666666666,0.0
0.5473,0.0
0.656,0.0
1.08795,0.0
1.22265,0.0
3.0610166666666667,0.0
1.9019,0.0
2.15425,0.0
1.7010166666666668,0.0
2.265566666666667,0.0
1.9304333333333332,0.0
1.5064,0.0
