use,car
0.3837333333333333,0.0
0.3417666666666666,0.0
0.3811833333333333,0.0
0.36108333333333326,0.0
0.3379833333333333,0.0
0.36705,0.0
0.37275,0.0
0.7141666666666666,0.0
0.33345,0.0
0.4565,0.0
0.4864833333333332,0.0
0.34615,0.0
0.3129333333333333,0.0
0.37001666666666655,0.0
0.5935833333333332,0.0
0.6161833333333332,0.0
0.6527,0.0
0.5482333333333332,0.0
1.7624,0.0
2.477266666666667,0.0
2.68745,0.0
1.10965,0.0
2.571966666666667,0.0
0.46485,0.0
