use,car
0.4383833333333333,0.0
0.3520166666666666,0.0
0.39166666666666655,0.0
0.3475333333333333,0.0
0.34945,0.0
0.37595,0.0
0.3217666666666666,0.0
0.5516666666666666,0.0
1.4433,0.0
2.369483333333333,0.0
0.4514,0.0
1.304,0.0
0.3795333333333333,0.0
1.4492666666666667,0.0
1.2239833333333332,0.0
1.2642,0.0
1.55555,0.0
0.7727666666666666,0.0
0.8788833333333331,0.0
3.380316666666667,0.0
3.023816666666667,0.0
1.854,0.0
2.9226,0.0
0.9670166666666664,0.0
