use,car
0.48795,0.0
0.4028333333333333,0.0
0.3724,0.0
0.3443,0.0
0.38325,0.0
0.7660166666666666,0.0
0.3316,0.0
0.5219833333333332,0.0
0.6931333333333332,0.0
0.8335666666666666,0.0
0.40945,0.0
0.5914666666666666,0.0
0.5202666666666667,0.0
0.5943166666666666,0.0
0.5592833333333332,0.0
0.5364,0.0
1.2505166666666667,0.0
2.03845,0.0
0.86815,0.0
0.6520666666666666,0.0
0.87995,0.0
2.260066666666667,0.0
1.664116666666667,0.0
0.6214,0.0
