use,car
0.3094333333333333,0.0
0.3517,0.0
0.3659166666666666,0.0
0.3230333333333333,0.0
0.3834833333333333,0.0
0.32025,0.0
0.43131666666666657,0.0
0.7543833333333331,0.0
0.42115,0.0
0.5630166666666666,0.0
0.7208333333333332,0.0
0.2935,0.0
0.7056166666666666,0.0
3.105166666666667,0.0
1.91465,0.0
3.3898,0.0
2.60735,0.0
2.458,0.0
1.545483333333333,0.0
1.4178,0.0
1.3729333333333331,0.0
1.0498833333333333,0.0
1.484816666666667,0.0
0.7435833333333332,0.0
