use,car
0.3459,0.0
0.3840833333333333,0.0
0.3861833333333333,0.0
0.3436,0.0
0.39831666666666654,0.0
0.3566,0.0
0.36465,0.0
0.5940666666666666,0.0
0.41555,0.0
0.406,0.0
0.7451333333333331,0.0
0.49235,0.0
0.91085,0.0
2.797266666666667,0.0
3.2523,0.0
0.8193333333333331,0.0
0.3798333333333333,0.0
0.79585,0.0
4.156716666666666,0.0
3.6630166666666666,0.0
2.4837,0.0
3.203266666666667,0.0
0.8966166666666666,0.0
0.4727333333333332,0.0
