use,car
0.3683,0.0
0.3464333333333333,0.0
0.3892833333333333,0.0
0.3589166666666666,0.0
0.3430166666666666,0.0
0.3772,0.0
0.3591,0.0
0.4717,0.0
0.5481833333333332,0.0
0.3838333333333333,0.0
0.55595,0.0
0.3969666666666665,0.0
0.38601666666666656,0.0
0.2884833333333333,0.0
0.26935,0.0
0.3119,0.0
0.5373333333333332,0.0
1.56625,0.0
0.6725333333333332,0.0
0.7977333333333331,0.0
0.7436833333333331,0.0
0.8735,0.0
0.5868666666666666,0.0
0.53385,0.0
