use,car
0.37605,0.0
0.3417833333333333,0.0
0.35545,0.0
0.3806833333333333,0.0
0.3110166666666666,0.0
0.37501666666666655,0.0
0.3327166666666666,0.0
0.3511333333333333,0.0
0.5509333333333332,0.0
0.63195,0.0
0.5647,0.0
0.5194333333333332,0.0
1.1152666666666669,0.0
0.9000666666666666,0.0
2.598383333333333,0.0
1.4764,0.0
0.8555,0.0
0.64915,0.0
0.3568333333333333,0.0
0.8396,0.0
1.9448,0.0
1.9955833333333333,0.0
1.3078333333333332,0.0
0.3187666666666666,0.0
