use,car
1.830566666666667,0.0
1.7947166666666667,0.0
0.6220833333333332,0.0
0.39076666666666654,0.0
0.3267833333333333,0.0
0.3879,0.0
0.3578,0.0
0.3484166666666666,0.0
0.6078333333333332,0.0
0.4011,0.0
0.6072333333333332,0.0
0.2968666666666666,0.0
0.3171666666666666,0.0
0.5126166666666666,0.0
0.37125,0.0
0.6893,0.0
2.587733333333333,0.0
3.188283333333333,0.0
0.8582166666666666,0.0
0.6227666666666666,0.0
0.7536,0.0
0.8709833333333331,0.0
0.5937666666666666,0.0
0.4778333333333332,0.0
