use,car
0.3460666666666666,0.0
0.3336666666666666,0.0
0.6878833333333332,0.0
0.3166833333333333,0.0
0.3611166666666666,0.0
0.7616166666666666,0.0
0.4429833333333333,0.0
0.7913666666666666,0.0
0.77275,0.0
0.5040166666666666,0.0
2.9097166666666667,0.0
0.48415,0.0
0.5072,0.0
0.39161666666666656,0.0
0.3197166666666666,0.0
1.9066833333333333,0.0
2.999483333333333,0.0
2.8902,0.0
1.035483333333333,0.0
1.12455,0.0
0.96215,0.0
1.13165,0.0
0.5346,0.0
0.3839,0.0
