use,car
0.39915,0.0
0.382,0.0
0.35735,0.0
0.4083333333333333,0.0
0.3396166666666666,0.0
0.37565,0.0
0.3832333333333333,0.0
0.4142833333333333,0.0
0.53175,0.0
0.4082333333333333,0.0
0.5889166666666666,0.0
0.3917333333333333,0.0
0.3336333333333333,0.0
0.5641833333333331,0.0
0.8304833333333331,0.0
2.58605,0.0
0.9828166666666664,0.0
0.3113333333333333,0.0
4.267583333333333,0.0
2.105383333333333,0.0
0.9489166666666664,0.0
1.3707,0.0
0.60455,0.0
0.6418333333333331,0.0
