use,car
0.4274,0.0
0.4845,0.0
0.42851666666666655,0.0
0.3582666666666666,0.0
0.38471666666666654,0.0
0.5772333333333332,0.0
0.3602666666666666,0.0
0.56585,0.0
0.6653333333333332,0.0
2.395083333333333,0.0
0.6120666666666666,0.0
4.606816666666666,0.0
0.4929166666666666,0.0
0.38665,0.0
3.35165,0.0
1.3792,0.0
1.4765166666666667,0.0
3.464783333333333,0.0
3.961683333333333,0.0
3.72425,0.0
1.92175,0.0
0.7393666666666666,0.0
0.91385,0.0
0.7545166666666666,0.0
