use,car
1.566633333333333,0.0
2.3984,0.0
1.0676666666666668,0.0
1.2936,0.0
1.7445666666666668,0.0
1.07025,0.0
1.4394,0.3825333333333333
1.012133333333333,0.0
1.4739166666666668,0.0
0.7059,0.0
0.8351666666666666,0.0
0.8572166666666666,0.0
1.09835,0.0
1.0566666666666669,0.0
2.29615,0.0
3.04715,0.0
1.8166,0.0
2.2525833333333334,0.0
3.147,0.0
3.254633333333333,0.0
3.54185,0.0
3.354416666666667,0.0
3.382833333333333,0.0
3.1685166666666666,0.0
