use,car
1.987,0.0
2.069183333333333,0.0
1.0633,0.0
1.9238,0.0
1.9034166666666668,0.0
0.8194333333333331,0.0
1.78995,0.1868
1.02285,0.0
0.5829666666666666,0.0
1.203,0.0
0.57315,0.0
0.98795,0.0
0.9222333333333332,0.0
1.2248,0.0
1.09155,0.0
1.7862,0.0
2.783266666666667,0.93415
6.329833333333333,2.6921833333333334
6.6278,3.3591333333333333
7.364533333333333,3.353066666666667
5.129833333333333,2.229633333333333
2.108616666666667,0.0
2.3666,0.0
3.07495,0.0
