use,car
2.3664,0.0
0.5981166666666666,0.0
0.59785,0.0
1.3957666666666668,0.0
0.5803333333333331,0.0
0.5999166666666667,0.0
0.92525,0.0
0.8387833333333331,0.0
0.7474333333333331,0.0
0.7309333333333332,0.0
0.6698833333333332,0.0
0.67295,0.0
0.6749333333333332,0.0
0.7515166666666666,0.0
0.8083,0.0
1.6339333333333332,0.0
0.7765166666666666,0.0
2.090266666666667,0.0
2.226866666666667,0.0
2.3787,0.0
2.0657,0.0
1.0023333333333333,0.0
2.8784666666666667,0.0
2.8728,0.0
