use,car
3.8927666666666663,0.0
3.754483333333333,0.0
3.870116666666666,0.0
2.4887333333333332,0.0
3.1728,0.0
2.810633333333333,0.0
2.74655,0.0
2.43685,0.0
2.9859166666666668,0.0
3.8413,0.0
3.5993166666666667,0.0
4.122183333333333,0.0
4.473566666666667,0.3074666666666666
3.8471666666666664,0.0
5.968133333333332,1.929
4.612466666666666,0.4983666666666666
4.16915,0.0
5.2848,0.0
4.30465,0.0
4.348483333333332,0.0
3.9471,0.0
3.9797,0.0
3.823,0.0
3.665533333333333,0.0
