use,car
3.7037333333333327,0.0
3.63185,0.0
3.6888333333333327,0.0
3.74935,0.0936
3.5893,0.0
3.5162666666666667,0.0
1.3212166666666667,0.0
0.7407333333333331,0.0
1.72835,0.0
1.428416666666667,0.0
1.3449666666666669,0.0
2.540966666666667,0.0
2.914083333333333,0.0
2.7503,0.0
3.6823666666666663,0.0
3.70635,0.0
6.168966666666666,2.1788833333333333
5.585683333333333,1.6868833333333333
3.78855,0.0
3.73785,0.0
3.6548166666666666,0.0
6.950983333333332,3.0784
7.03565,3.3589333333333333
7.02935,3.35475
