use,car
3.614683333333333,0.0
3.4962666666666666,0.0
3.419366666666667,0.0
3.3425,0.0
3.256883333333333,0.0
1.9109333333333332,0.0
2.89795,0.0
1.90425,0.0
3.60115,0.0
1.6197,0.0
1.8377166666666669,0.0
1.9594833333333332,0.0
1.940516666666667,0.0
2.8418,0.0
4.4008666666666665,0.0
4.159166666666667,0.0
3.8392666666666666,0.0
3.8781,0.0
5.1659,0.0
4.916,0.0
4.435783333333333,0.0
5.801916666666666,0.0
4.389266666666666,0.0
3.652,0.0
