use,car
3.361666666666667,0.0
3.2247,0.0
3.1589666666666667,0.0
2.2979333333333334,0.0
2.015016666666667,0.0
1.3288333333333333,0.0
0.9833,0.0
1.7038833333333332,0.0
0.5630333333333332,0.0
1.3360333333333332,0.0
2.00085,0.0
2.396583333333333,0.0
2.956466666666667,0.0
2.5582833333333332,0.0
3.467233333333333,0.0
3.4162,0.0
3.6637333333333326,0.0
3.5519833333333333,0.0
3.68275,0.0
3.548766666666667,0.0
3.9173166666666663,0.0
4.33135,0.0
3.8655666666666666,0.0
2.005983333333333,0.0
