use,car
1.18495,0.0
2.992783333333333,0.0
2.99185,0.0
2.952633333333333,0.0
0.8481166666666666,0.0
2.299,0.0
2.71535,0.0
1.57745,0.0
0.8967,0.0
1.13585,0.0
1.58155,0.0
1.207733333333333,0.0
1.98375,0.0
1.3504166666666668,0.0
1.6177166666666667,0.0
2.2823333333333333,0.0
5.1263,2.587066666666667
3.4675333333333334,1.7425
1.8753,0.0
1.5894,0.0
1.953566666666667,0.0
2.64185,0.0
3.246716666666667,0.0
3.22685,0.0
