use,car
0.78425,0.0
0.7881333333333331,0.0
0.7927333333333331,0.0
0.864,0.0
0.9220333333333331,0.0
0.8706,0.0
1.4444833333333331,0.0
1.2411833333333333,0.0
1.0844833333333332,0.0
1.0634,0.0
1.05405,0.0
1.0882333333333332,0.0
1.07985,0.0
0.97865,0.0
0.9713166666666664,0.0
0.9422666666666664,0.0
2.783516666666667,1.8498166666666669
4.208116666666666,3.0433
1.5147333333333333,0.0
1.1961,0.0
1.2647833333333331,0.0
1.26475,0.0
1.0954833333333331,0.0
1.0294166666666669,0.0
