use,car
0.9306333333333332,0.0
0.9269,0.0
0.9247,0.0
0.9174,0.0
0.9188,0.0
0.9286333333333332,0.0
1.1667833333333333,0.0
0.917,0.0
1.0599833333333333,0.0
1.1560666666666668,0.0
1.3715666666666668,0.0
2.7391666666666667,0.0
1.4598666666666669,0.0
2.2815833333333333,0.0
1.2440666666666669,0.0
1.2536166666666668,0.0
1.29605,0.0
1.08115,0.0
1.3825666666666667,0.0
1.5686833333333332,0.0
1.4577166666666668,0.0
1.3850333333333331,0.0
1.1302,0.0
1.1303,0.0
