use,car
1.5363166666666668,0.0
1.5284666666666669,0.0
1.3996333333333333,0.0
1.4616,0.0
1.4698666666666669,0.0
1.25625,0.0
1.1738833333333332,0.0
2.647016666666667,0.0
2.814416666666667,0.0
2.7998,0.0
1.3297333333333332,0.038
1.4498833333333332,0.0738
1.3536333333333332,0.06155
1.36245,0.05288333333333332
1.24945,0.0292
2.623183333333333,0.0
2.70965,0.0
2.429266666666667,0.0
1.8689,0.0
1.55805,0.0
1.63065,0.0
1.8652166666666667,0.0
2.2473666666666667,0.0
1.9708666666666668,0.0
