use,car
1.5692833333333331,0.9634666666666664
0.6368666666666666,0.0
0.6547833333333332,0.0
0.6212166666666666,0.0
0.6619833333333331,0.0
0.62705,0.0
0.8645,0.0
1.0120333333333331,0.0
1.7636,0.0
2.002016666666667,0.0
1.69965,0.0
1.2355833333333333,0.0
1.3585166666666668,0.0
1.198416666666667,0.0
2.81215,1.62095
4.085783333333333,1.5269166666666667
6.4866,2.73
5.3675,3.313766666666667
3.457933333333333,0.1158333333333333
2.25635,0.0
1.6972666666666667,0.0
1.66945,0.0
1.5172,0.0
1.00735,0.0
