use,car
1.3892,0.0
0.8501333333333331,0.0
0.8041333333333331,0.0
0.79605,0.0
0.7552,0.0
0.8133333333333331,0.0
0.9762166666666664,0.0
0.9851,0.0
0.7940166666666666,0.0
0.7153666666666666,0.0
0.7033333333333333,0.0
0.70445,0.0
0.7016,0.0
1.6091166666666668,1.0669
0.5851166666666666,0.0
0.57035,0.0
1.1962,0.6254666666666666
4.36,3.347933333333333
4.374933333333333,3.347316666666667
2.300533333333333,0.8018333333333331
1.294,0.0
1.3226,0.0
1.8869,0.0
0.8287333333333331,0.0
