use,car
0.8643666666666666,0.0
1.2916833333333333,0.0
0.96975,0.0
0.82685,0.0
0.8508166666666666,0.0
0.83315,0.0
0.8431333333333331,0.0
0.9164333333333332,0.0
1.164383333333333,0.0
1.5175,0.0
0.9458833333333332,0.0
1.8821333333333332,0.0
0.9013666666666666,0.0
0.9025333333333332,0.0
0.9838333333333332,0.0
3.2201666666666666,0.0
3.106383333333333,0.0
3.4206333333333334,0.0
4.4519166666666665,0.0
3.9421333333333326,0.0
4.4829,0.0
3.5206,0.0
2.91425,0.0
2.010066666666667,0.0
