use,car
5.044583333333333,0.0
3.9066166666666664,0.0
5.2651,0.0
3.841183333333333,0.0
2.80675,0.0
3.16305,0.0
1.9707666666666668,0.0
2.4494833333333332,0.0
3.2457333333333334,0.0
3.161383333333333,0.0
1.9927833333333331,0.0
1.4197,0.0
2.51785,0.0
3.7202,0.0003166666666666667
4.0395666666666665,5e-05
2.98245,0.0
3.21665,0.0
2.8436,0.0
3.212016666666667,0.0
4.35495,0.0
3.916283333333333,0.0
2.993983333333333,0.0
2.9871,0.0
2.906766666666667,0.0
