use,car
3.0731333333333333,0.0
1.9716,0.0
2.338716666666667,0.0
2.2109666666666667,0.0
1.6547833333333333,0.0
2.5049,0.0
1.7070333333333332,0.0
1.8617666666666668,0.0
3.833783333333333,0.0
3.41115,0.0
3.404516666666667,0.0
2.340783333333333,0.0
3.5903,0.0
6.686516666666666,0.0
4.999183333333333,0.0
4.5251166666666665,0.0
3.998383333333333,0.0
3.5317333333333334,0.0
4.0244833333333325,0.0
3.8033666666666663,0.0
3.66545,0.0
4.2629,0.0
3.5151833333333333,0.0
2.44735,0.0
