use,car
1.93815,0.0
2.77565,0.0
2.2699,0.0
2.692683333333333,0.0
1.7467833333333331,0.0
3.403833333333333,0.0
1.6036333333333332,0.0
1.89465,0.0
3.375916666666667,0.0
2.196466666666667,0.0
1.7882333333333331,0.0
1.6629833333333333,0.0
4.7335666666666665,0.0
4.466716666666667,0.0
5.040833333333333,0.0
8.0545,0.0
19.474866666666664,0.0
19.62095,0.0
21.3183,0.0
19.863733333333332,0.0
18.02036666666666,0.0
18.6203,0.0
16.84595,0.0
17.0379,0.0
