use,car
5.459083333333333,0.0
4.4021,0.0
1.5085666666666668,0.0
1.5438666666666667,0.0
1.4285666666666668,0.0
1.33435,0.0
1.5669,0.0
1.137133333333333,0.0
3.598333333333333,0.0
3.5669166666666667,0.0
4.026683333333333,0.0
5.195133333333333,0.0
5.583433333333333,0.0
5.614116666666666,0.0
7.224833333333333,0.0
8.4197,0.0
7.0353666666666665,0.0
4.783333333333333,0.0
5.040783333333333,0.0
4.69795,0.0
3.925766666666666,0.0
3.9186666666666663,0.0
3.089566666666667,0.0
5.2920333333333325,0.0
