use,car
18.3347,0.0
18.527916666666663,0.0
11.073783333333331,0.0
2.8415,0.0
2.303983333333333,0.0
1.5799833333333333,0.0
2.120216666666667,0.0
1.66175,0.0
3.7534333333333327,0.0
4.099133333333333,0.0
3.850133333333333,0.0
6.72995,0.0
5.3799,0.0
8.140133333333333,0.0
6.055116666666667,0.0
8.332566666666665,0.0
7.845933333333333,0.0
6.5417,0.0
6.673183333333332,0.0
6.030183333333333,0.0
4.81655,0.0
5.436516666666666,0.0
10.160583333333332,0.0
18.97455,0.0
