use,car
23.416283333333332,0.0
22.56116666666666,0.0
22.60465,0.0
22.021916666666662,0.0
22.08573333333333,0.0
20.24608333333333,0.0
20.31415,0.0
6.69635,0.0
6.430483333333333,0.0
7.2618,0.0
7.573216666666665,0.0
7.58055,0.0
6.450166666666666,0.0
8.082566666666665,0.0
10.392716666666665,0.0
9.941466666666665,0.0
9.939416666666666,0.0
10.247966666666665,0.0
10.97005,0.0
10.4641,0.0
13.715433333333332,0.0
12.08625,0.0
10.967983333333331,0.0
6.792516666666667,0.0
