use,car
17.124216666666666,0.0
17.395466666666664,0.0
16.513133333333332,0.0
16.700166666666664,0.0
17.2746,0.0
16.135666666666665,0.0
2.10165,0.0
2.270083333333333,0.0
3.4795,0.0
4.8238,0.0
4.271033333333333,0.0
4.567383333333333,0.0
7.351883333333332,0.0
7.975416666666666,0.0
8.3459,0.0
9.307916666666666,0.0
8.990366666666665,0.0
8.149266666666666,0.0
7.910633333333333,0.0
6.359383333333333,0.0
5.5872,0.0
5.515133333333333,0.0
6.04395,0.0
7.799316666666666,0.0
