use,car
7.354116666666665,0.0
4.879,0.0
2.846716666666667,0.0
2.2508166666666667,0.0
2.634466666666667,0.0
2.418416666666667,0.0
1.9463666666666668,0.0
3.638416666666666,0.0
7.897916666666665,0.0
8.4235,0.0
6.747716666666666,0.0
4.6453,0.0
7.2693,0.0
7.0853,0.0
8.896,0.0
8.943783333333332,0.0
8.793366666666666,0.0
8.388833333333332,0.0
7.74705,0.0
7.7196,0.0
7.38675,0.0
6.7951,0.0
6.11015,0.0
8.133266666666666,0.0
