use,car
5.8974,0.0
4.0427833333333325,0.0
6.8131,0.0
4.974,0.0
3.8755833333333327,0.0
2.9701166666666667,0.0
2.67795,0.0
3.1687,0.0
4.6662,0.0
5.065016666666667,0.0
5.9583,0.0
8.664166666666665,0.0
9.678383333333331,0.0
11.046666666666665,0.0
9.7366,0.0
10.911416666666666,0.0
9.688566666666665,0.0
9.1052,0.0
9.802283333333332,0.0
7.3574,0.0
7.0104,0.0
7.282866666666665,0.0
6.558166666666667,0.0
5.564183333333332,0.0
