use,car
6.468183333333333,0.0
4.479666666666667,0.0
2.787716666666667,0.0
2.8623333333333334,0.0
2.1931333333333334,0.0
2.05885,0.0
1.4992166666666669,0.0
1.8982166666666669,0.0
3.252683333333333,0.0
2.86605,0.0
2.372316666666667,0.0
2.4665166666666667,0.0
4.6366,0.0
5.247116666666666,0.0
6.8419,0.0
7.425166666666666,0.0
6.956083333333333,0.0
5.7797,0.0
6.738466666666667,0.0
8.03415,0.0
7.923733333333333,0.0
7.898583333333333,0.0
6.719,0.0
3.7606833333333327,0.0
