use,car
5.245016666666666,0.0
6.693316666666666,0.0
4.084033333333333,0.0
3.037383333333333,0.0
3.062,0.0
2.54055,0.0
1.4002166666666669,0.0
2.45755,0.0
5.51345,0.0
2.9467,0.0
2.340183333333333,0.0
3.016433333333333,0.0
8.028583333333334,0.0
7.385433333333332,0.0
9.11448333333333,0.0
9.1384,0.0
8.554116666666665,0.0
5.665416666666666,0.0
5.93985,0.0
6.483266666666666,0.0
6.046683333333333,0.0
5.447466666666666,0.0
3.871933333333333,0.0
6.195216666666666,0.0
