use,car
5.35685,0.0
3.587266666666667,0.0
4.463183333333332,0.0
3.7471833333333326,0.0
1.55365,0.0
1.9154166666666668,0.0
1.5380666666666667,0.0
2.023366666666667,0.0
4.444733333333333,0.0
3.568633333333333,0.0
3.422416666666667,0.0
4.147933333333333,0.0
6.344966666666666,0.0
7.7531,0.0
7.986283333333333,0.0
8.849733333333333,0.0
8.03675,0.0
5.881166666666666,0.0
5.697433333333333,0.0
5.866,0.0
5.3362,0.0
4.93055,0.0
6.531483333333333,0.0
4.644883333333333,0.0
