use,car
4.880866666666666,0.0
3.7840166666666666,0.0
3.2216,0.0
2.87525,0.0
2.0164666666666666,0.0
1.2904166666666668,0.0
1.419,0.0
2.0671166666666667,0.0
4.384,0.0
3.51105,0.0
3.3617833333333333,0.0
4.1467,0.0
4.7988,0.0
5.33745,0.0
6.001266666666666,0.0
7.6430333333333325,0.0
6.752033333333332,0.0
4.0571,0.0
3.7580333333333327,0.0
5.69895,0.0
8.130883333333333,0.0
5.45755,0.0
5.2557,0.0
7.224633333333333,0.0
