use,car
3.9874166666666664,0.0
1.687533333333333,0.0
1.3804166666666668,0.0
1.4162333333333332,0.0
1.46275,0.0
1.53155,0.0
1.7613333333333332,0.0
2.5507833333333334,0.0
3.5061666666666667,0.0
3.152,0.0
2.9245,0.0
4.276883333333333,0.0
5.693433333333333,0.0
5.700166666666666,0.0
7.26295,0.0
8.35245,0.0
8.360766666666665,0.0
5.4667,0.0
4.506483333333333,0.0
4.932616666666666,0.0
5.7518666666666665,0.0
4.594116666666666,0.0
6.051,0.0
5.460816666666666,0.0
