use,car
5.16605,0.0
4.2495,0.0
3.4544,0.0
3.409933333333333,0.0
2.80695,0.0
2.764283333333333,0.0
1.419533333333333,0.0
1.9423833333333331,0.0
3.2147666666666668,0.0
3.8431,0.0
3.0104333333333333,0.0
3.1648,0.0
4.420916666666667,0.0
5.718166666666667,0.0
7.848133333333333,0.0
7.579116666666666,0.0
6.488566666666666,0.0
5.231866666666666,0.0
5.160983333333332,0.0
4.829916666666667,0.0
5.407066666666666,0.0
4.79255,0.0
4.840816666666666,0.0
4.55085,0.0
