use,car
3.2409166666666667,0.0
3.708783333333333,0.0
1.6929166666666668,0.0
1.88455,0.0
1.4572,0.0
1.6197833333333331,0.0
1.1725666666666668,0.0
1.8134666666666668,0.0
3.428366666666667,0.0
3.127883333333333,0.0
2.556166666666667,0.0
2.9134333333333333,0.0
3.4069,0.0
3.3079,0.0
2.7084333333333332,0.0
3.3522333333333334,0.0
3.0338166666666666,0.0
0.8311166666666666,0.0
2.2072333333333334,0.0
3.8414833333333327,0.0
3.66605,0.0
1.9844833333333332,0.0
3.557033333333333,0.0
1.64875,0.0
