use,car
1.3653166666666667,0.0
2.1315833333333334,0.0
1.1932666666666667,0.0
1.1524,0.0
1.1377666666666668,0.0
1.1588,0.0
1.3064,0.0
7.001683333333332,0.0
7.944416666666665,0.0
7.942133333333333,0.0
4.1737,0.0
2.4745666666666666,0.0
3.56325,0.0
3.0262333333333333,0.0
2.913383333333333,0.0
3.703233333333333,0.0
3.580833333333333,0.0
1.0060666666666664,0.0
1.63995,0.0
1.8562666666666667,0.0
2.9615666666666667,0.0
1.4942833333333332,0.0
1.5906833333333332,0.0
2.7608333333333333,0.0
