use,car
2.0883833333333333,0.0
3.069983333333333,0.0
3.0169,0.0
3.340533333333333,0.0
3.169766666666667,0.0
2.958566666666667,0.0
3.814683333333333,0.0
9.381683333333331,0.0
11.94843333333333,0.0
6.033833333333333,0.0
3.426433333333333,0.0
4.398483333333333,0.0
4.7085833333333325,0.0
4.90725,0.0
3.9456833333333328,0.0
7.474716666666666,0.0
1.1572333333333331,0.0
1.44065,0.0
1.5516333333333332,0.0
1.95845,0.0
1.7010833333333333,0.0
1.4941166666666668,0.0
1.4746666666666668,0.0
1.6395,0.0
