use,car
3.742683333333333,0.0
4.259783333333333,0.0
3.549183333333333,0.0
4.2512333333333325,0.0
4.427616666666666,0.0
5.0979,0.0
5.77295,0.0
12.817066666666665,0.0
13.068,0.0
6.286866666666667,0.0
3.5477,0.0
5.2626,0.0
3.51335,0.0
3.95775,0.0
3.93245,0.0
3.0556666666666668,0.0
1.86575,0.0
1.9551833333333333,0.0
1.763283333333333,0.0
2.0108,0.0
5.442816666666666,0.0
1.7292833333333333,0.0
2.24105,0.0
2.2365166666666667,0.0
