use,car
1.2883166666666668,0.0
2.8561,0.0
5.78235,0.0
4.500416666666666,0.0
5.977966666666666,0.0
17.238516666666666,0.0
12.408516666666666,0.0
11.2415,0.0
9.956316666666666,0.0
8.305033333333332,0.0
21.96366666666666,0.0
6.202383333333333,0.0
4.658316666666666,0.0
3.659583333333333,0.0
3.511616666666667,0.0
2.7084,0.0
1.3686666666666667,0.0
1.9160166666666667,0.0
2.5633166666666667,0.0
2.35925,0.0
2.3851666666666667,0.0
1.8269166666666667,0.0
1.4544,0.0
3.0560666666666667,0.0
