use,car
1.2956666666666667,0.0
1.26675,0.0
2.322983333333333,0.0
3.3230166666666667,0.0
3.64635,0.0
4.12555,0.0
4.9854666666666665,0.0
10.754866666666665,0.0
14.16108333333333,0.0
7.93995,0.0
6.044616666666666,0.0
6.7530166666666664,0.0
5.441966666666667,0.0
3.288883333333333,0.0
3.6887,0.0
3.047833333333333,0.0
2.798716666666667,0.0
3.615933333333333,0.0
4.556033333333333,0.0
3.3691666666666666,0.0
2.534283333333333,0.0
4.727616666666666,0.0
4.543583333333332,0.0
4.6726,0.0
