use,car
11.244716666666665,0.0
15.756483333333332,0.0
13.131316666666665,0.0
16.412366666666667,0.0
14.1567,0.0
17.196,0.0
16.204066666666666,0.0
18.909316666666662,0.0
18.759116666666664,0.0
13.637066666666666,0.0
11.083216666666665,0.0
13.05915,0.0
9.232083333333332,0.0
4.48035,0.0
7.5823,0.0
5.1645,0.0
2.13575,0.0
6.409933333333333,0.0
12.557583333333332,0.0
9.440433333333331,0.0
16.77498333333333,0.0
24.396366666666662,0.0
25.1781,0.0
14.800466666666665,0.0
