use,car
15.561366666666666,0.0
16.0176,0.0
1.0833666666666668,0.0
1.16265,0.0
1.18385,0.0
1.1006,0.0
1.0470166666666667,0.0
2.84675,0.0
3.0753166666666667,0.0
2.3476,0.0
1.4721166666666667,0.0
2.5947,0.0027833333333333334
2.54205,0.004
2.3190833333333334,0.0047666666666666664
3.594516666666667,0.004366666666666666
3.1607,0.0038
1.928583333333333,0.00065
1.4965,0.0
2.2491166666666667,0.0
4.62585,1.0539166666666668
3.44055,0.0
2.78255,0.0
2.91155,0.0
2.8518166666666667,0.0
