use,car
0.8144166666666666,0.0
0.71205,0.0
0.5301,0.0
0.5149666666666666,0.0
0.5268666666666666,5e-05
0.5027333333333333,0.0
0.77025,0.0
1.3546833333333332,0.0
1.52715,0.48665
2.006616666666667,1.24995
0.7161666666666666,0.0
0.6131666666666666,0.0
0.4479833333333333,0.0
0.42306666666666654,0.0
0.4512666666666666,0.0
0.43756666666666655,0.0
1.3136,0.8624666666666666
4.1269,3.324116666666667
5.036633333333333,3.3266
3.5868,1.8786333333333332
1.6882,0.0
1.4415333333333331,0.0
1.2881,0.0
1.007,0.0
