use,car
0.48455,0.0
0.4561166666666666,0.0
0.4789833333333332,0.0
0.4511166666666666,0.0
0.4722333333333332,0.0
0.4504666666666666,0.0
0.6773666666666666,0.0
2.1461,0.0
1.5856666666666668,0.0
1.2946666666666669,0.0
0.5447,0.0
1.8346333333333331,0.0
1.7554166666666668,0.0
1.817516666666667,0.0
2.525183333333333,0.0
1.8894,0.0001
2.3609,0.0
2.339833333333333,0.0
2.6820666666666666,0.0
4.87135,2.9147
2.174383333333333,0.4028333333333333
0.7051833333333332,0.0
0.5401,0.0
0.51665,0.0
