use,car
0.861,0.0
0.9345333333333332,0.0
0.7452166666666666,0.0
0.7550666666666666,0.0
0.73115,0.0
0.7927,0.0
3.503833333333333,0.0
1.6920666666666668,0.0
1.15615,0.0
0.8760333333333331,0.0
0.6379333333333332,0.0
0.61705,0.0
0.6511166666666666,0.0
1.0852333333333333,0.0
1.8588166666666668,0.0
2.53555,0.0
2.632483333333333,0.0
2.914433333333333,0.0
3.481183333333333,0.0
2.2689833333333334,0.0
1.694516666666667,0.0
1.0343166666666668,0.0
0.9847,0.0
0.7114666666666666,0.0
