use,car
1.4187166666666668,0.0
1.2848666666666668,0.0
1.4033833333333332,0.0
1.3734666666666668,0.0
1.1003333333333332,0.0
1.25445,0.0
1.0038833333333332,0.0
1.1777833333333332,0.0
1.09325,0.0
0.5029166666666666,0.0
0.5513666666666666,0.0
1.4556833333333332,0.0
1.5901,0.0
2.590066666666667,0.0
2.8328,0.0
2.595566666666667,0.0
3.25315,0.0
4.688283333333333,0.0
4.40115,0.0
3.8717166666666665,0.0
2.66885,0.0
1.9443333333333332,0.0
1.841,0.0
1.6102666666666667,0.0
