use,car
1.9106166666666669,0.0
1.56535,0.0
1.187466666666667,0.0
1.1221333333333332,0.0
1.0488,0.0
1.0952166666666667,0.0
1.473666666666667,0.0
1.0297833333333333,0.0
1.1168833333333332,0.0
1.1269,0.0
1.4498833333333332,0.0
1.1974166666666668,0.0
2.1370666666666667,0.0
3.0338333333333334,0.0
3.367233333333333,0.0
3.1985,0.0
4.35025,0.0
5.752266666666666,0.0
6.07585,0.0
5.928216666666667,0.0
4.029133333333333,0.0
2.7441166666666668,0.0
1.377,0.0
2.020116666666667,0.0
