use,car
2.7495833333333333,0.0
1.9032666666666669,0.0
2.23635,0.0
1.6807,0.0
1.5039333333333331,0.0
1.7308333333333332,0.0
2.3856333333333333,0.3603
2.01975,0.0
1.85985,0.0
0.6929333333333332,0.0
1.6378666666666668,0.0
1.6375166666666667,0.0
1.7641,0.0
1.6866,0.0
2.203683333333333,0.0
2.1652,0.0
2.465616666666667,0.0
2.99885,0.0
4.655466666666666,0.0
5.573666666666666,0.0
2.80675,0.0
2.2233,0.0
1.85755,0.0
1.7269666666666668,0.0
