use,car
1.7169166666666669,0.0
1.3517333333333332,0.0
1.182416666666667,0.0
1.12045,0.0
0.7056666666666666,0.0
0.8921833333333331,0.0
0.66835,0.0
0.6701333333333332,0.0
0.7763833333333331,0.0
0.5409,0.0
0.4514166666666666,0.0
0.47915,0.0
0.45805,0.0
0.4785,0.0
0.4655166666666666,0.0
0.6969,0.0
0.9257166666666664,0.0
1.36655,0.0
1.4051166666666668,0.0
1.2781833333333332,0.0
0.7206666666666665,0.0
0.69725,0.0
0.65885,0.0
0.6479166666666666,0.0
