use,car
0.4961,0.0
0.4655333333333332,0.0
0.3994833333333333,0.0
0.3584,0.0
0.3520666666666666,0.0
0.3632,0.0
0.6126833333333332,0.0
0.9909,0.0
0.9150333333333333,0.0
0.9248,0.0
0.9314666666666664,0.0
1.6620833333333331,0.0
1.2129,0.0
0.76215,0.0
0.7470166666666666,0.0
0.6165333333333332,0.0
0.5819333333333332,0.0
0.87805,0.0
0.8208333333333331,0.0
0.43791666666666657,0.0
0.53235,0.0
0.5215166666666666,0.0
0.3074,0.0
0.3068333333333333,0.0
