use,car
4.45765,3.3329166666666667
3.8752,3.3255833333333333
2.622516666666667,1.9225
0.5952166666666666,0.0
0.4909166666666666,0.0
3.23915,0.0
3.375916666666667,5e-05
2.48935,0.0
2.762,0.93595
4.0232,3.3305333333333333
4.675583333333333,3.3264666666666667
0.9290166666666664,0.19721666666666665
0.4637166666666666,0.0
0.4675833333333332,0.0
0.4693,0.0
0.4658,0.0
0.4495833333333333,0.0
0.8540666666666666,0.0
1.0384,0.0
0.6876,0.0
0.44046666666666656,0.0
0.72145,0.0
0.6682,0.0
0.4825,0.0
