use,car
0.5415333333333332,0.0
0.5618666666666666,0.0
0.6226166666666666,0.0
0.4895,0.0
0.5622833333333332,0.0
0.6639,0.0
0.7349666666666665,0.0
0.91185,0.0
0.9512833333333331,0.0
0.9410833333333332,0.0
1.7195333333333331,0.0
1.5074333333333332,0.0
0.9491,0.0
1.00865,0.0
1.026166666666667,0.0
0.823133333333333,0.0
0.9874833333333332,0.0
1.0879,0.0
0.9977,0.0
1.5075,0.0
1.2012833333333333,0.0
0.99915,0.0
1.03485,0.0
0.8909166666666666,0.0
