use,car
0.5037166666666666,0.0
0.48915,0.0
0.50875,0.0
0.5057166666666666,0.0
0.4940833333333332,0.0
0.48895,0.0
0.6918666666666666,0.0
1.8706833333333333,0.0
1.5602333333333331,0.0
0.5875,0.0
1.2258666666666669,0.0
3.1905,0.0
2.987216666666667,0.0
0.87095,0.0
2.004166666666667,0.0
0.4840833333333332,0.0
0.4372833333333333,0.0
0.4260333333333333,0.0
0.4188833333333333,0.0
0.6236,0.0
0.7607,0.0
0.6358,0.0
0.6664666666666667,0.0
0.65485,0.0
