use,car
0.5046,0.0
0.4831166666666666,0.0
0.4793166666666666,0.0
0.52685,0.0
0.5308,0.0
0.4752166666666666,0.0
2.2601666666666667,0.0
0.8969333333333331,5e-05
1.67515,1.12765
0.6440833333333332,0.15676666666666664
0.4822833333333332,0.0
0.5237,0.0
0.5346333333333332,0.0
0.5289333333333333,0.0
0.39425,0.0
0.383,0.0
0.4253333333333333,0.0
0.4664666666666666,0.0
0.9611833333333332,0.0
0.8338666666666666,0.0
0.5836833333333332,0.0
0.8553,0.0
1.9713,0.0
0.9389333333333332,0.0
