use,car
0.5515333333333332,0.0
0.42701666666666654,0.0
0.0,0.0
0.4419833333333333,0.0
0.4235333333333333,0.0
0.42045,0.0
0.41836666666666655,0.0
0.4257833333333333,0.0
1.1852666666666667,0.0
2.144683333333333,0.0
1.58115,0.0
3.4694166666666666,0.0
2.7916166666666666,0.0
2.34085,0.0
1.22875,0.0
0.5962166666666666,0.0
0.6322333333333332,0.0
0.7613333333333331,0.0
0.6358166666666666,0.0
0.8291166666666666,0.0
3.3750666666666667,0.0
1.2737333333333332,0.0
0.8469,0.0
1.2753333333333332,0.0
