use,car
0.5972333333333332,0.0
0.5903166666666666,0.0
0.5841333333333332,0.0
0.3944666666666666,0.0
0.39411666666666656,0.0
0.5304166666666666,0.0
0.7901666666666666,0.0
2.56555,0.0
2.908666666666667,0.0
0.40215,0.0
0.3821833333333333,0.0
0.40711666666666657,0.0
0.3875833333333333,0.0
0.393,0.0
0.39815,0.0
0.4091,0.0
0.39985,0.0
1.2499333333333331,0.0
2.27415,0.0
5.408716666666667,2.743333333333333
2.0765,0.01723333333333333
1.2883166666666668,0.0
1.1584166666666669,0.0
0.7408333333333331,0.0
