use,car
0.0,0.0005333333333333333
0.7091333333333332,0.0
0.54865,0.0
0.37791666666666657,0.0
0.3593,0.0
0.3320166666666666,0.0
0.3394333333333333,0.0
0.3216166666666666,0.0
0.4833666666666666,0.0
0.4835,0.0
0.5178333333333331,0.0
1.1751166666666668,0.0
0.9415,0.0
0.8301666666666666,0.0
0.5957166666666666,0.0
1.22285,0.0
2.02975,0.0
0.8068833333333331,0.0
1.2653666666666668,0.0
1.422,0.0
1.2535166666666668,0.0
0.6955,0.0
0.5351333333333332,0.0
0.5382,0.0
