use,car
1.09545,0.0
1.05285,0.0
0.9035333333333332,0.0
1.02325,0.0
0.7491333333333331,0.0
0.9995666666666664,0.0
1.1113,0.0
0.9544333333333332,0.0
1.8659,0.0
1.9908833333333331,0.0
1.9128833333333333,0.0
2.239716666666667,0.0
3.217833333333333,0.0
2.9980333333333333,0.0
3.636383333333333,0.0
3.46495,0.0
3.027066666666667,0.0
3.2739,0.0
4.0001,0.0
3.6008666666666667,0.0
1.7680333333333331,0.0
1.6231666666666669,0.0
1.99,0.0
2.2673,0.0
