use,car
0.3082,0.0
0.2949,0.0
0.3022166666666666,0.0
0.30635,0.0
0.2993666666666666,0.0
0.2909333333333333,0.0
0.7215,0.0
0.8171,0.0
0.7526666666666666,0.0
1.0978666666666668,0.0
1.0138833333333332,0.0
0.6705166666666666,0.0
0.56615,0.0
0.3276333333333333,0.0
0.5336833333333332,0.0
0.4645,0.0
0.38985,0.0
0.3702666666666666,0.0
0.6872333333333333,0.0
0.4265,0.0
0.4479,0.0
0.5045833333333332,0.0
0.5903166666666666,0.0
0.4959333333333332,0.0
