use,car
1.05175,0.0
1.0136666666666665,0.0
1.0207833333333332,0.0
1.0190833333333331,0.0
0.98425,0.0
0.95405,0.0
0.6549333333333331,0.0
0.8282333333333332,0.0
0.8713333333333331,0.0
1.0716,0.0
1.5511166666666667,0.0
1.9541833333333332,0.0
2.72395,0.0
2.4764666666666666,0.0
2.702233333333333,0.0
3.280533333333333,0.0
2.46395,0.0
2.1333333333333333,0.0
2.0041333333333333,0.0
1.5955333333333332,0.0
1.64045,0.0
2.044283333333333,0.0
1.91685,0.0
1.90975,0.0
