use,car
3.1658666666666666,0.0
2.992566666666667,0.0
1.7839,0.0
1.7809,0.0
1.1323666666666667,0.0
1.35445,0.0
0.6349333333333332,0.0
0.3808166666666665,0.0
0.3600333333333333,0.0
0.8452666666666666,0.0
0.9547833333333332,0.0
1.2535666666666667,0.0
1.5877,0.0
1.8802333333333332,0.0
2.5342333333333333,0.0
3.153766666666667,0.0
3.8847166666666664,0.0
3.6724,0.0
3.23115,0.0
2.735316666666667,0.0
2.5084,0.0
1.4269666666666667,0.0
2.0835833333333333,0.0
1.8432,0.0
