use,car
0.6495833333333332,0.0
0.4987666666666666,0.0
0.4942833333333332,0.0
0.45405,0.0
0.3609,0.0
0.4099833333333333,0.0
0.72095,0.0
0.5976333333333332,0.0
0.4899833333333332,0.0
0.4198,0.0
0.44861666666666655,0.0
0.58455,0.0
0.5080166666666666,0.0
3.2073666666666667,0.0
4.3271,0.0
0.60865,0.0
0.42491666666666655,0.0
4.002466666666667,3.3023833333333332
4.481883333333333,3.6730833333333326
1.42395,0.02801666666666666
0.7079333333333332,0.0
0.76875,0.0
0.5759,0.0
0.753583333333333,0.0
