use,car
0.62935,0.030516666666666664
0.60085,0.0
0.44215,0.0
0.4248833333333333,0.0
0.56295,0.0
0.43116666666666653,0.0
0.56155,0.0
0.5713,0.0
0.5834,0.0
1.152016666666667,0.0
1.3918166666666667,0.0
1.7169333333333332,0.0
1.04315,0.0
0.2832833333333333,0.0
2.828933333333333,0.0
5.57415,5e-05
2.224083333333333,0.0
0.5568,0.0
0.8983,0.0
0.6098833333333332,0.0
0.4883666666666666,0.0
0.54895,0.0
0.4588666666666666,0.0
0.402,0.0
