use,car
0.4607833333333333,0.0
0.3255,0.0
0.43475,0.0
0.37291666666666656,0.0
0.28445,0.0
0.2937,0.0
0.2958833333333333,0.0
0.2743,0.0
0.4706166666666666,0.0
0.4992333333333332,0.0
2.3624,1.6744166666666669
4.4048333333333325,3.0892833333333334
1.799216666666667,0.0
2.634666666666667,0.0
2.70705,0.0
2.467616666666667,0.0
2.222233333333333,0.0
2.224466666666667,0.0
2.9090333333333334,0.0
2.5771,0.0
2.373133333333333,0.0
2.0001,0.0
0.8519333333333331,0.0
1.07995,0.0
