use,car
0.7564666666666666,0.0
0.7421166666666666,0.0
0.7095166666666666,0.0
0.4549,0.0
0.4903333333333332,0.0
0.4962666666666666,0.0
0.93785,0.0
0.9655666666666664,0.0
0.5383666666666665,0.0
0.5510666666666666,0.0
0.7756666666666666,0.0
0.5229,0.0
1.2201166666666667,0.0
3.4536333333333333,0.3826
5.4934666666666665,1.89715
2.96395,0.0
3.233166666666667,0.0
2.282516666666667,0.0
1.5647833333333332,0.0
1.0887166666666668,0.0
1.1540833333333331,0.0
0.898733333333333,0.0
0.6393,0.0
0.9743,0.0
