use,car
0.9396333333333332,0.0
0.56445,0.0
0.6880166666666666,0.0
0.5639,0.0
0.68165,0.0
0.5598833333333332,0.0
0.5432833333333332,0.0
0.55695,0.0
0.6805,0.0
0.5518166666666666,0.0
0.8792833333333331,0.0
1.1565,0.0
2.2814666666666668,0.0
3.7698333333333327,0.0
6.44995,0.0
3.505383333333333,0.0
5.6917833333333325,0.0
0.5252166666666666,0.0
1.6148,0.0
1.53535,0.0
1.6283,0.0
3.5494833333333333,1.2475833333333333
5.767083333333333,3.67935
5.076816666666667,3.6717
