use,car
3.8035166666666664,3.1174166666666667
0.38935,0.0
0.2284,0.0
0.22626666666666664,0.0
0.2293,0.0
0.5271333333333332,0.0
0.37741666666666657,0.0
0.22025,0.0
0.2322333333333333,0.0
0.4173,0.0
0.5486833333333332,0.0
1.15135,0.0
1.06455,0.0
1.8342166666666668,0.0
1.9586666666666668,0.0
2.1830333333333334,0.0
2.41135,0.0
2.8604,0.0
5.4176,0.0
5.243783333333333,0.0
2.6264333333333334,0.0
4.280633333333332,0.0
1.2364166666666667,0.0
0.8850666666666666,0.0
