use,car
0.9101833333333332,0.030783333333333333
0.5249,0.0
0.7801833333333331,0.0
0.5667666666666666,0.0
0.316,0.0
0.3203666666666666,0.0
0.6178666666666666,0.0
0.9041666666666666,0.0
0.6348,0.0
0.6424333333333332,0.0
0.7204666666666666,0.0
0.7838666666666666,0.0
1.7251166666666669,0.0
2.5016166666666666,0.0
2.75365,0.0
2.282083333333333,0.0
2.844716666666667,0.0
2.55395,0.0
2.5914333333333333,0.0
2.06145,0.0
0.9388666666666664,0.0
0.75465,0.0
1.0888833333333332,0.0
1.1110666666666669,0.0
