use,car
0.57485,0.0
0.5912166666666666,0.0
0.5663333333333332,0.0
0.3924833333333333,0.0
0.3284333333333333,0.0
0.4417333333333333,0.0
0.4476,0.0
0.92915,0.0
0.5775166666666666,0.0
0.9452666666666664,0.0
1.1386333333333332,0.0
1.3607166666666668,0.0
3.3804,2.396666666666667
5.2441,2.953783333333333
2.603,0.0
2.9342333333333332,0.0
3.1839666666666666,0.0
2.72735,0.0
1.3485833333333332,0.0
1.3752166666666668,0.0
0.9220166666666666,0.0
0.8474333333333331,0.0
0.82605,0.0
0.5092333333333332,0.0
