use,car
0.38021666666666654,0.01625
0.3550333333333333,0.0
0.35745,0.0
0.3453,0.0
0.3614333333333333,0.0
0.33735,0.0
0.5727666666666666,0.0
0.66305,0.0
0.4653,0.0
0.9281666666666664,0.0
0.7793,0.0
0.6948166666666666,0.0
0.2773666666666666,0.0
0.5719833333333332,0.0
0.815,0.0
0.6641666666666666,0.0
1.519,0.0
1.2396166666666668,0.0
1.6206,0.0
1.50665,0.0
0.7893166666666666,0.0
0.9109666666666666,0.0
0.6085666666666666,0.0
0.4148833333333333,0.0
