use,car
0.32475,0.0
0.3383333333333333,0.0
0.3157833333333333,0.0
0.41146666666666654,0.0
0.3683666666666666,0.0
0.3618,0.0
0.39235,0.0
0.36213333333333325,0.0
0.8327833333333331,0.0
0.8410833333333331,0.0
0.6839833333333332,0.0
0.5729833333333332,0.0
0.9000333333333331,0.0
1.0788166666666668,0.0
1.0048833333333331,0.0
0.8428833333333331,0.0
1.0318833333333333,0.0
0.6888833333333332,0.0
0.5998,0.0
0.83215,0.0
0.9305833333333332,0.0
0.8066833333333331,0.0
0.7166333333333332,0.0
0.8869,0.0
