use,car
0.8901166666666666,0.0
0.7085333333333332,0.0
0.4331833333333333,0.0
0.48355,0.0
0.5321833333333332,0.0
0.4295,0.0
0.41121666666666656,0.0
0.7067,0.0
0.3335,0.0
0.4847,0.0
0.9072,0.0
1.9611166666666668,0.0
3.283666666666667,0.5671
5.9833333333333325,0.1203
3.8988,0.0
2.0636666666666668,0.0
2.620683333333333,0.0
2.98585,0.0
1.6396,0.0
2.074266666666667,0.0
2.1702833333333333,0.0
1.4084666666666668,0.0
1.4439833333333332,0.0
0.6643,0.0
