use,car
0.7920833333333331,0.0
0.6091,0.0
0.6893333333333332,0.0
0.5425333333333332,0.0
0.42245,0.0
0.44255,0.0
0.5822666666666666,0.0
0.8828333333333331,0.0
0.52845,0.0
0.44755,0.0
0.6288,0.0
4.153433333333333,0.0
4.203266666666666,0.0
1.523283333333333,0.0
0.6255833333333332,0.0
1.8097666666666667,0.0
4.562533333333333,0.0
1.6120666666666668,0.0
0.6078166666666666,0.0
0.42365,0.0
0.39376666666666654,0.0
2.6475166666666667,0.0
0.7984333333333331,0.0
0.4025333333333333,0.0
