use,car
0.4107833333333333,0.0
0.3178666666666666,0.0
0.2842,0.0
0.2995,0.0
0.2953666666666666,0.0
0.2849,0.0
0.3061666666666666,0.0
0.4179333333333333,0.0
0.8673666666666666,0.0
0.7881166666666666,0.0
0.7406666666666666,0.0
0.4120333333333333,0.0
0.5430666666666666,0.0
1.1967166666666669,0.0
0.9843,0.0
0.68055,0.0
1.0609166666666667,0.0
0.8312166666666666,0.0
1.20235,0.0
1.4371333333333332,0.0
1.47755,0.0
1.1872833333333332,0.0
0.8748833333333331,0.0
0.7746666666666666,0.0
