use,car
0.7413666666666666,0.0
0.93765,0.0
1.1818,0.0
0.8139833333333331,0.0
0.5001166666666667,0.0
0.4453833333333333,0.0
0.7389166666666666,0.0
0.7782333333333331,0.0
0.67195,0.0
0.6394166666666666,0.0
0.62385,0.0
0.6607166666666666,0.0
0.9261833333333332,0.0
0.8028166666666666,0.0
0.81565,0.0
2.043166666666667,0.7224
4.44365,3.4417166666666668
1.1119,0.0
1.0368333333333333,0.0
1.011283333333333,0.0
1.0374666666666668,0.0
1.0371333333333332,0.0
2.8825833333333333,0.0
1.9738166666666668,0.0
