use,car
0.93345,0.0
0.54405,0.0
0.5681166666666666,0.0
0.30855,0.0
0.3166333333333333,0.0
0.3026333333333333,0.0
0.3181666666666666,0.0
0.2987333333333333,0.0
0.5656166666666665,0.0
0.7511166666666667,0.0
0.40065,0.0
0.6417833333333332,0.0
4.6701,3.639433333333333
3.2065,1.7425333333333333
2.0306,0.0
2.2295333333333334,0.0
2.18755,0.0
1.8390166666666667,0.0
2.3272,0.0
1.0765166666666668,0.0
1.00165,0.0
0.8145,0.0
0.7157166666666666,0.0
0.6995,0.0
