use,car
0.44771666666666654,0.02365
0.5335833333333332,0.0
0.3923833333333333,0.0
0.2756666666666666,0.0
0.3411666666666666,0.0
0.3220666666666666,0.0
0.42021666666666657,0.0
0.3730833333333333,0.0
0.36015,0.0
0.3758166666666666,0.0
0.3944666666666666,0.0
0.6500666666666666,0.0
0.3549,0.0
4.302083333333333,3.6594833333333328
1.94705,1.1751333333333331
2.5122166666666668,0.0
1.1542,0.0
1.739083333333333,0.0
2.96975,0.0
2.200016666666667,0.0
1.08545,0.0
0.9047,0.0
0.5021,0.0
0.5705,0.0
