use,car
1.8354,0.0
0.7557,0.0
0.4994833333333332,0.0
0.5240666666666666,0.0
0.43955,0.0
0.5277666666666666,0.0
1.2008166666666669,0.0
1.038166666666667,0.0
1.36105,0.0
1.77535,0.0
1.0726166666666668,0.0
0.85035,0.0
0.8774333333333331,0.0
0.9951,0.0
0.9686333333333332,0.0
1.716,0.0
2.99665,0.0
3.986183333333333,0.002
3.99,0.003483333333333333
4.11135,0.0035
3.84725,0.0
3.4823166666666667,0.0
3.190783333333333,0.0018
1.5404,0.0
