use,car
3.128166666666667,0.0
2.2066166666666667,0.0
2.0613,0.0
1.6367,0.0
1.4173333333333331,0.0
1.2601,0.0
1.79135,0.0
1.44765,0.0
1.556633333333333,0.0
1.3885333333333332,0.0
1.73215,0.0
2.0859,0.0
2.5517333333333334,0.0
3.0165333333333333,0.0
3.1498666666666666,0.0
3.1652,0.0
4.277566666666666,0.0
4.2588833333333325,0.0
3.56255,0.0
3.23295,0.0
2.9642166666666667,0.0
2.9447,0.0
2.321466666666667,0.0
1.8190666666666668,0.0
