use,car
1.7156833333333332,0.0
1.0685666666666669,0.0
1.1060166666666669,0.0
1.2925166666666668,0.0
0.94415,0.0
0.9441666666666664,0.0
0.72435,0.0
1.3171,0.0
1.2616833333333333,0.0
1.5035166666666668,0.0
1.59375,0.0
1.710516666666667,0.0
1.9040333333333332,0.0
2.1392333333333333,0.0
3.06665,0.0
3.047,0.0
2.9823666666666666,0.0
3.3731666666666666,0.0
3.1306166666666666,0.0
2.9701,0.0
2.089166666666667,0.0
2.0338833333333333,0.0
1.1967166666666669,0.0
1.5681833333333333,0.0
