use,car
3.262233333333333,0.0017
2.02115,0.0
3.271266666666667,1.1142166666666669
5.156233333333333,3.3490333333333333
4.56385,2.813766666666667
1.6897,0.07456666666666666
1.2015,0.0
1.1285,0.0842
1.1791666666666667,0.0
2.5347666666666666,0.0
3.079283333333333,0.0
3.5526,0.0
3.55735,0.0
4.071683333333333,0.0
4.191283333333333,0.0
5.5564,0.0
5.75385,0.0
6.385683333333333,0.0
4.986,0.0
5.275183333333333,0.0
3.8869666666666665,0.0
3.06435,0.0
2.728466666666667,0.0
2.319783333333333,0.0
