use,car
1.5674833333333331,0.0
1.410116666666667,0.0
1.1879,0.0
1.3737333333333333,0.0
0.9812666666666664,0.0
1.2701,0.0
1.0614,0.0
1.0449833333333332,0.0
1.0422166666666668,0.0
0.9750166666666664,0.0
1.43535,0.0
1.1539,0.0
2.22745,0.0
2.1608,0.0
2.9985,0.0
3.303583333333333,0.0
3.0679333333333334,0.0
5.5933,0.0229
6.1328,0.10295
3.74005,0.09355
3.2157,0.08998333333333333
2.596983333333333,0.07971666666666664
2.00805,0.0014
2.16,0.0015
