use,car
1.0875666666666668,0.0
1.101983333333333,0.0
0.9578333333333332,0.0
0.9491333333333332,0.0
0.8661,0.0
0.9213166666666666,0.0
1.5385,0.0
1.4568333333333332,0.0
2.3232666666666666,0.0
1.2736166666666668,0.0
1.0790333333333333,0.0
1.7575166666666668,0.0
1.2405833333333331,0.0
1.3617333333333332,0.0
0.91445,0.0
2.150533333333333,0.0
3.3740666666666668,0.0
2.7446333333333333,0.0
1.8242666666666667,0.0
3.1702,0.0
1.9377,0.0
1.8777,0.0
1.2682666666666669,0.0
0.6958666666666666,0.0
