use,car
1.43115,0.0
1.6897166666666668,0.0
1.5264,0.0
1.2690333333333332,0.0
1.39625,0.0
1.2687333333333333,0.0
1.1134166666666667,0.0
1.3008333333333333,0.0
2.24325,0.0
1.706783333333333,0.0
1.8744666666666667,0.0
2.1330666666666667,0.0
2.6104833333333333,0.0
3.447233333333333,0.0
4.1281333333333325,0.0
4.4233,0.0
5.049416666666667,0.0
6.661466666666667,0.0
4.10425,0.0
4.0248833333333325,0.0
2.560716666666667,0.0
2.0654,0.0
2.05855,0.0
1.90955,0.0
