use,car
0.8559333333333331,0.0
0.4337666666666665,0.0
0.4986666666666666,0.0
0.39535,0.0
0.48885,0.0
0.4935833333333332,0.0
0.85085,0.0
0.8588833333333331,0.0
0.5046333333333332,0.0
0.3999833333333333,0.0
0.48595,0.0
0.56485,0.0
0.5407333333333332,0.0
0.5174333333333332,0.0
0.3998,0.0
0.4680166666666666,0.0
0.4672666666666666,0.0
0.5067833333333333,0.0
0.5386,0.0
0.41676666666666656,0.0
0.3927333333333333,0.0
0.3150666666666666,0.0
0.4053,0.0
0.3277666666666666,0.0
