use,car
0.41605,0.0
0.4739,0.0
0.4032333333333333,0.0
0.4766666666666666,0.0
0.42751666666666654,0.0
0.41701666666666654,0.0
0.5088,0.0
0.4793166666666666,0.0
0.5997,0.0
0.52225,0.0
0.5172833333333332,0.0
0.55045,0.0
0.5035666666666666,0.0
0.5476666666666666,0.0
0.4842,0.0
0.5372333333333332,0.0
0.4058,0.0
0.5216833333333332,0.0
0.5306,0.0
0.5993,0.0
0.5767666666666666,0.0
0.6216,0.0
0.5443333333333332,0.0
0.5154166666666666,0.0
