use,car
3.93845,0.0013666666666666666
5.760083333333333,1.8780666666666668
6.946683333333333,3.35685
7.253116666666665,3.3436833333333333
6.242966666666667,1.5859
3.8713666666666664,0.0
3.7779,0.0
4.5881,0.0
5.305766666666666,0.0
5.6344666666666665,0.0
5.685883333333333,0.0
4.0584,0.0
4.5108,0.0
4.0028,0.0
4.7882333333333325,0.0
4.18425,0.0
3.204766666666667,0.0
1.04625,0.0
0.65615,0.0
1.17515,0.0
2.272866666666667,0.0
3.0490833333333334,0.0
3.5564,0.0
3.526466666666667,0.0
