use,car
0.70475,0.0015666666666666665
0.4462333333333333,0.0
0.81745,0.0016
3.592016666666667,2.956733333333333
3.210866666666667,2.78265
1.7492833333333333,0.0
0.82,0.0
0.6591666666666666,0.0
0.9448333333333332,0.0
0.8990166666666666,0.0
1.8421,0.0
2.0595166666666667,0.0
1.0694833333333331,0.0
1.4935833333333333,0.0
3.2,0.0
3.12365,0.0
1.6370166666666668,0.0
1.49475,0.0
1.6379333333333332,0.0
1.9477666666666669,0.0
1.13365,0.0
0.76755,0.0
0.5586333333333332,0.0
0.4864333333333332,0.0
