use,car
2.1294,0.005
1.97385,0.005
2.1382,0.005
1.9911666666666668,0.005
1.9851,0.005
1.92305,0.005
2.08505,0.005033333333333333
1.6315,0.005
1.61095,0.005
1.69875,0.005
1.8609666666666669,0.005
2.3478833333333333,0.005
1.9084333333333332,0.005
1.94215,0.005
1.4297,0.005
1.0016,0.005
1.0607166666666668,0.005
1.5613,0.005
0.896733333333333,0.005
0.76915,0.005
0.7359666666666665,0.005
0.7682333333333331,0.005
2.191316666666667,0.005
2.5043,0.005
