use,car
0.6963333333333332,0.005
0.71705,0.005
0.6276666666666666,0.005
1.10775,0.005
0.6667166666666666,0.005
0.55485,0.005
0.6532666666666666,0.005
0.7380166666666667,0.005
0.5501333333333333,0.005
0.69135,0.005
0.53375,0.005
0.5761666666666666,0.005
1.2726,0.005
1.0016666666666665,0.005
1.14445,0.005
0.5839166666666666,0.005
1.0719,0.005
0.9455333333333332,0.005
0.7582166666666666,0.005
0.7239,0.005
0.7795,0.005
1.4241166666666667,0.005
0.9601833333333332,0.005
0.70405,0.005
