use,car
1.1244166666666668,0.0
1.0909666666666669,0.0
0.9865333333333332,0.0
0.7526333333333332,0.0
0.72745,0.0
0.74135,0.0
0.60255,0.0
0.6774666666666666,0.0
0.6878,0.0
0.6588166666666666,0.0
0.6881666666666666,0.0
0.9422166666666664,0.0
1.0803,0.0
1.2511166666666669,0.0
1.2852833333333331,0.0
1.2303,0.0
1.51325,0.0
1.49135,0.0
1.5100833333333332,0.0
1.2930666666666668,0.0
1.064,0.0
1.073683333333333,0.0
0.6167666666666666,0.0
0.6626333333333332,0.0
