use,car
0.7184166666666666,0.0
0.7000833333333332,0.0
0.5614833333333332,0.0
0.4911833333333332,0.0
0.4928666666666666,0.0
0.37865,0.0
0.40155,0.0
0.41296666666666654,0.0
0.4259833333333333,0.0
0.3936833333333333,0.0
0.42706666666666654,0.0
0.5191333333333332,0.0
0.75885,0.0
0.9628166666666664,0.0
1.1682333333333332,0.0
1.31465,0.0
1.2619,0.0
1.46285,0.0
1.3721833333333333,0.0
1.3787833333333332,0.0
1.0391,0.0
0.8633666666666666,0.0
0.7533666666666666,0.0
0.6448166666666666,0.0
