use,car
0.8860166666666666,0.0
0.7335,0.0
0.7401,0.0
0.6786333333333332,0.0
0.6388833333333332,0.0
0.5279833333333332,0.0
0.5548333333333332,0.0
1.0586,0.0
1.0809666666666669,0.0
0.9698,0.0
0.9776166666666664,0.0
0.9920333333333332,0.0
0.42345,0.0
0.9207666666666666,0.0
1.4402333333333333,0.0
1.53545,0.0
2.0871,0.0
2.48845,0.0
2.3752666666666666,0.0
2.2301333333333333,0.0
1.75985,0.0
1.8971166666666668,0.0
2.3453,0.0
2.2258,0.11451666666666666
