use,car
0.8239666666666666,0.0
0.7996166666666666,0.0
0.6802,0.0
0.6529833333333332,0.0
0.6789166666666666,0.0
0.6628166666666666,0.0
0.61015,0.0
0.4707166666666666,0.0
0.4818,0.0
0.6558,0.0
0.8146333333333331,0.0
1.1985833333333331,0.0
1.42015,0.0
1.3828166666666668,0.0
1.6676,0.0
1.4197333333333333,0.0
1.4929,0.0
1.4006333333333332,0.0
1.1003833333333333,0.0
1.29225,0.0
1.3953166666666668,0.0
0.98195,0.0
1.0068666666666664,0.0
0.95195,0.0
