use,car
0.8980333333333331,0.0
0.7875833333333331,0.0
0.7623666666666666,0.0
0.8656,0.0
0.7817,0.0
0.6723,0.0
0.5742166666666666,0.0
0.6055666666666666,0.0
0.64825,0.0
0.6644,0.0
0.8423166666666666,0.0
1.1635,0.0
1.2884166666666668,0.0
1.49955,0.0
1.9174,0.0
1.6328166666666668,0.0
2.115533333333333,0.0
1.9036333333333333,0.0
1.7392666666666667,0.0
1.6220333333333332,0.0
1.2313166666666668,0.0
1.4149666666666667,0.0
1.2458333333333331,0.0
0.99715,0.0
