use,car
0.2971833333333333,0.0
0.2869,0.0
0.2709833333333333,0.0
0.272,0.0
0.2942,0.0
0.2943,0.0
0.2712166666666666,0.0
0.2661333333333333,0.0
0.2793333333333333,0.0
0.3037666666666666,0.0
0.3098333333333333,0.0
0.2976666666666666,0.0
0.3012166666666666,0.0
0.3196,0.0
0.3286333333333333,0.0
0.3187833333333333,0.0
0.2938333333333333,0.0
0.2866333333333333,0.0
0.2959166666666666,0.0
0.3020666666666666,0.0
0.2699833333333333,0.0
0.2679,0.0
0.2882833333333333,0.0
0.2942,0.0
