use,car
1.1584666666666668,0.0
1.0544833333333332,0.0
0.5745666666666666,0.0
0.3229333333333333,0.0
0.3148833333333333,0.0
0.3468333333333333,0.0
0.40381666666666655,0.0
0.5715833333333332,0.0
0.7021166666666666,0.0
1.3926,0.0
1.0171333333333332,0.0
1.2402,0.0
1.8664833333333333,0.0
2.17235,0.0
2.4732333333333334,0.0
2.7242,0.0
2.9518833333333334,0.0
2.252216666666667,0.0
2.182633333333333,0.0
1.8807166666666668,0.0
1.1688666666666667,0.0
0.865,0.0
0.9133,0.0
0.7806833333333331,0.0
