use,car
0.2732166666666666,0.0
0.29045,0.0
0.2927833333333333,0.0
0.2847333333333333,0.0
0.35105,0.0
0.5535,0.0
0.2905166666666666,0.0
0.2885166666666666,0.0
0.36865,0.0
0.9696,0.0
1.0972,0.0
0.9092333333333332,0.0
0.7524,0.0
0.6843666666666666,0.0
0.7056166666666666,0.0
0.5072833333333332,0.0
0.3349833333333333,0.0
0.7268666666666665,0.0
0.8049166666666666,0.0
0.6794666666666666,0.0
0.8259833333333331,0.0
0.3606666666666666,0.0
0.2927833333333333,0.0
0.28905,0.0
