use,car
0.4225333333333333,0.0
1.3678333333333332,0.0
0.94005,0.0
0.8061166666666666,0.0
0.55955,0.0
0.36365,0.0
0.27415,0.0
0.45405,0.0
0.3652666666666666,0.0
0.3253833333333333,0.0
0.38315,0.0
0.2953,0.0
0.3155,0.0
0.61055,0.0
0.64755,0.0
1.2385166666666667,0.6832166666666666
3.3795,2.359983333333333
0.6951666666666666,0.0
0.749583333333333,0.0
0.7523333333333331,0.0
0.74575,0.0
0.8159666666666666,0.0
0.5861333333333332,0.0
0.2923666666666666,0.0
