use,car
0.2857833333333333,0.0
0.2944333333333333,0.0
0.2952166666666666,0.0
0.29425,0.0
0.2930833333333333,0.0
0.2848,0.0
0.2815666666666666,0.0
0.2807,0.0
0.6859,0.0
0.89425,0.0
1.3235333333333332,0.0
1.485866666666667,0.0
1.2192,0.0
0.3300166666666666,0.0
1.0215333333333332,0.5927333333333332
4.258383333333333,3.020766666666667
2.4730166666666666,0.03266666666666666
1.6828333333333332,0.0
2.08735,0.0
1.5259,0.0
1.7006333333333332,0.0
1.1111,0.0
0.55145,0.0
0.38315,0.0
