use,car
0.49675,0.0
0.4599833333333333,0.0
0.4635333333333332,0.0
0.4581666666666666,0.0
0.4562333333333333,0.0
0.45415,0.0
0.4543,0.0
0.4603166666666666,0.0
0.5068,0.0
0.6120666666666666,0.0
0.7144333333333333,0.0
1.3187666666666669,0.6444333333333332
0.32515,0.0
0.3690833333333333,0.0
0.3479666666666666,0.0
0.3246,0.0
0.30925,0.0
0.3053166666666666,0.0
0.2989166666666666,0.0
0.2985666666666666,0.0
0.3190833333333333,0.0
0.3852833333333333,0.0
0.39,0.0
0.38721666666666654,0.0
