use,car
0.68035,0.0
0.9671,0.0
1.0065333333333333,0.0
1.1114333333333333,0.0
1.10895,0.0
1.1445333333333332,0.0
1.14225,0.0
1.15425,0.0
1.1137333333333332,0.0
1.1315,0.0
1.19685,0.0
1.2950833333333331,0.0
1.19015,0.0
1.2219666666666669,0.0
1.3758,0.0
1.4110166666666668,0.0
0.9809833333333332,0.0
0.9593833333333333,0.0
1.06375,0.0
0.9746666666666663,0.0
1.171533333333333,0.0
1.1264,0.0
1.0718166666666669,0.0
1.072,0.0
