use,car
0.61165,0.0
0.65355,0.0
0.6710666666666666,0.0
0.67495,0.0
0.6757666666666666,0.0
0.6795,0.0
0.6742666666666666,0.0
0.6989333333333332,0.0
0.802933333333333,0.0
0.5283166666666665,0.0
0.3324333333333333,0.0
0.28505,0.0
0.29115,0.0
0.29255,0.0
0.29445,0.0
1.7257333333333331,1.3748833333333332
1.5056333333333332,0.8105666666666665
0.7043833333333333,0.0
0.9445833333333332,0.0
1.00945,0.0
1.1559833333333331,0.0
1.1768,0.0
1.3933,0.0
1.0252333333333332,0.0
