use,car
0.5709666666666666,0.0
0.6534666666666666,0.0
0.7227833333333332,0.0
0.7223833333333332,0.0
0.7364,0.0
0.6934,0.0
0.7214833333333333,0.0
0.7446,0.0
1.04095,0.0
0.7408833333333331,0.0
0.7301,0.0
0.4173333333333333,0.0
0.3545333333333333,0.0
0.41205,0.0
0.36475,0.0
0.3058666666666666,0.0
0.4217333333333333,0.0
0.9067166666666666,0.0
1.07315,0.0
1.0997,0.0
3.7374666666666663,2.5982833333333333
4.570766666666667,3.34945
4.160216666666666,3.132083333333333
1.0937,0.0
