use,car
1.8593333333333333,1.021
1.2618333333333331,0.0
0.7138333333333332,0.0
0.662,0.0
0.71465,0.0
0.72485,0.0
0.73365,0.0
0.6737,0.0
0.54285,0.0
0.4569333333333333,0.0
0.4292,0.0
0.3918833333333333,0.0
0.3573666666666666,0.0
0.3386,0.0
0.3133,0.0
0.3238833333333333,0.0
0.38326666666666653,0.0
2.358216666666667,1.5466833333333332
4.22655,3.350216666666667
4.253083333333333,3.2462666666666666
0.9459666666666664,0.02358333333333333
0.8529,0.0
0.6232833333333332,0.0
0.6434,0.0
