use,car
0.35255,0.0
0.3584,0.0
0.3697833333333333,0.0
0.3451333333333333,0.0
0.3784333333333333,0.0
0.3806833333333333,0.0
0.3747666666666665,0.0
0.3944,0.0
0.3981333333333333,0.0
0.3386,0.0
0.26985,0.0
0.2672333333333333,0.0
0.2715166666666666,0.0
0.2700666666666666,0.0
0.2638166666666666,0.0
0.2555833333333333,0.0
0.26065,0.0
0.2628666666666666,0.0
0.2552666666666666,0.0
0.25075,0.0
0.24425,0.0
0.24305,0.0
0.2433666666666666,0.0
0.2513833333333333,0.0
