use,car
0.4327,0.0
0.42951666666666655,0.0
0.42975,0.0
0.3972833333333333,0.0
0.42765,0.0
0.4122,0.0
0.41955,0.0
0.43266666666666653,0.0
0.43686666666666657,0.0
0.39426666666666654,0.0
0.2908666666666666,0.0
0.3182166666666666,0.0
0.3766833333333333,0.0
0.38176666666666653,0.0
0.3614166666666666,0.0
0.3346166666666666,0.0
0.3577833333333333,0.0
0.39416666666666655,0.0
0.4067833333333333,0.0
0.4014333333333333,0.0
0.5771166666666666,0.0
0.4595,0.0
0.39501666666666657,0.0
0.4179333333333333,0.0
