use,car
1.3679333333333332,0.005
1.17565,0.005
1.8060833333333333,0.005
1.3019833333333333,0.005
1.1697833333333332,0.005
1.2939333333333332,0.005
0.79475,0.005
0.9898,0.005
0.56335,0.005
0.44865,0.005
0.3684833333333333,0.005
0.42681666666666657,0.005
0.4645333333333332,0.005
0.3967,0.005
0.40021666666666655,0.005
0.4896666666666666,0.005
2.95365,0.005
3.0205,0.005
3.4616333333333333,2.01945
2.6383666666666667,0.005
1.8217,0.005
1.548433333333333,0.005
3.5296333333333334,0.005
3.24015,0.005
