use,car
1.7041,0.017
1.6737166666666667,0.005
1.254,0.005
1.33755,0.005
1.8250833333333332,0.005
1.08565,0.005
0.5980666666666666,0.005
0.88585,0.005
0.68965,0.005
0.9073333333333332,0.005
0.5843,0.005
1.1593166666666668,0.4434
3.749316666666666,3.2453166666666666
0.49925,0.03163333333333333
0.5227666666666666,0.005
0.5902,0.005
3.597583333333333,0.005
3.497516666666667,0.005
3.06585,0.005
1.80435,0.005
1.5364166666666668,0.005
2.9634666666666667,0.005
3.776566666666666,0.005
2.44365,0.005
