use,car
2.0307166666666667,0.005
1.461,0.005
1.0664833333333332,0.005
1.6544833333333333,0.005
1.0777666666666668,0.005
1.02205,0.005
0.6821333333333331,0.005
1.1114,0.005
0.42081666666666656,0.005
0.31905,0.005
0.44865,0.005
0.49175,0.005
0.2859666666666666,0.005
0.3185833333333333,0.005
0.3113,0.005
0.2795666666666666,0.005
1.1079666666666668,0.005
3.715016666666666,0.005
2.4061166666666667,0.005
3.7982333333333327,0.005
3.3598,0.005
4.03925,0.005
4.0272,0.005
2.855,0.005
