use,car
0.76205,0.005
1.07815,0.005
0.5349333333333331,0.005
0.3715,0.005
0.4483666666666665,0.005
0.4294,0.005
0.6283833333333332,0.005
1.0602333333333331,0.005
0.42525,0.005
0.2728333333333333,0.005
0.2235,0.005
0.3313166666666666,0.005
0.4949166666666666,0.005
0.22555,0.005
0.22001666666666664,0.005
0.3342666666666666,0.005
0.2815,0.005
0.23355,0.005
0.2603333333333333,0.005
0.309,0.005
0.65095,0.005
0.9977833333333332,0.005
1.61555,0.005
0.7359166666666666,0.005
