use,car
0.41535,0.005
0.331,0.005
0.3949333333333333,0.005
0.4315333333333333,0.005
0.42051666666666654,0.005
0.3399333333333333,0.005
0.4581,0.005
0.9260166666666664,0.005
0.4315833333333333,0.005
0.3355833333333333,0.005
0.28175,0.005
0.2748666666666666,0.005
0.3506,0.005
0.37146666666666656,0.005
0.28045,0.005
0.2604666666666666,0.005
0.34305,0.005
0.64835,0.005
1.0107,0.005
0.8075166666666665,0.005
0.9237833333333332,0.005
1.17,0.005
1.4049333333333331,0.005
2.1830833333333333,0.005
