use,car
0.4131166666666666,0.0
0.3720333333333333,0.0
0.40291666666666653,0.0
0.39591666666666653,0.0
0.3598,0.0
0.3873833333333333,0.0
0.39545,0.0
0.4630333333333332,0.0
0.5413833333333332,0.0
0.43591666666666656,0.0
0.42205,0.0
0.3602166666666666,0.0
0.4537666666666666,0.0
0.38576666666666654,0.0
0.6997166666666667,0.0
0.6931166666666666,0.0
0.6993666666666666,0.0
0.6879666666666666,0.0
1.55685,0.0
1.9099333333333333,0.0
1.33135,0.0
1.2516833333333333,0.0
0.69,0.0
0.4777833333333332,0.0
