use,car
0.4055,0.0
0.3272166666666666,0.0
0.36555,0.0
0.36468333333333325,0.0
0.3122333333333333,0.0
0.3597333333333333,0.0
0.35965,0.0
0.3163833333333333,0.0
0.3276833333333333,0.0
0.8522333333333331,0.0
0.56385,0.0
0.56965,0.0
0.5462833333333332,0.0
0.6450833333333332,0.0
0.4935833333333332,0.0
0.5961166666666666,0.0
3.386566666666667,0.0
1.4139666666666668,0.0
0.6072166666666666,0.0
2.4737,0.0
3.280683333333333,0.0
1.6888333333333332,0.0
0.6147166666666666,0.0
1.0777666666666668,0.0
