use,car
0.4028833333333333,0.0
1.3401166666666668,0.0
0.36425,0.0
0.38275,0.0
0.3306666666666666,0.0
0.37711666666666654,0.0
0.38045,0.0
0.4904,0.0
0.3969,0.0
0.4797666666666666,0.0
0.383,0.0
1.2265,0.0
1.8502666666666667,0.0
1.3486166666666668,0.0
0.7507166666666666,0.0
0.6196833333333333,0.0
0.4925666666666666,0.0
0.3446666666666666,0.0
0.3022666666666666,0.0
0.96545,0.0
2.030116666666667,0.0
2.011683333333333,0.0
2.9362666666666666,0.0
0.5176666666666666,0.0
