use,car
0.4308333333333333,0.0
0.3410666666666666,0.0
0.3931333333333333,0.0
0.9283166666666663,0.0
0.3504,0.0
0.3878833333333333,0.0
0.3310166666666666,0.0
0.54365,0.0
0.4022,0.0
0.3865833333333333,0.0
1.0641,0.0
0.4779833333333332,0.0
0.4435833333333333,0.0
0.9628333333333332,0.0
0.3839,0.0
1.56195,0.0
2.4409,0.0
1.297216666666667,0.0
2.0713666666666666,0.0
1.5082833333333332,0.0
2.130466666666667,0.0
2.698666666666667,0.0
2.7334,0.0
0.40395,0.0
