use,car
0.43245,0.0
0.3883666666666665,0.0
0.4075666666666666,0.0
0.4186333333333333,0.0
0.36303333333333326,0.0
0.3936333333333333,0.0
0.4119333333333333,0.0
0.37586666666666657,0.0
0.65305,0.0
0.3865333333333333,0.0
0.41046666666666654,0.0
0.5606833333333332,0.0
0.0,0.0
0.8527833333333331,0.0
0.8381,0.0
0.6503833333333332,0.0
0.40171666666666656,0.0
0.3864,0.0
0.5461666666666666,0.0
0.8257666666666666,0.0
0.7392833333333331,0.0
0.76935,0.0
0.486,0.0
0.3753833333333333,0.0
