use,car
2.265416666666667,0.0
3.30105,0.0
3.219666666666667,0.0
2.5344,0.0
2.6390333333333333,0.0
1.8108166666666667,0.0
0.4535833333333333,0.0
0.6946666666666667,0.0
1.0756666666666668,0.0
0.388,0.0
1.3915333333333333,0.0
1.6432833333333332,0.0
2.169566666666667,0.0
2.11815,0.0
1.95535,0.0
4.13175,0.0
4.259933333333333,0.0
3.1391666666666667,0.0
3.39755,0.0
2.33075,0.0
2.2856666666666667,0.0
2.7628,0.0
3.2346166666666667,0.0
3.0221666666666667,0.0
