use,car
1.52105,0.0
2.0829666666666666,0.0
0.3686666666666666,0.0
1.9168833333333333,0.0
1.0089166666666665,0.0
0.8262833333333331,0.0
0.48965,0.0
0.4014333333333333,0.0
1.1310166666666668,0.0
1.5125166666666667,0.0
0.6431,0.0
1.3540333333333332,0.0
2.2367,0.0
2.96915,0.0
2.4505166666666667,0.0
3.3672,0.0
0.3142,0.0
0.6487166666666666,0.0
3.3855833333333334,0.0
3.2091833333333333,0.0
3.3903,0.0
3.4062,0.0
3.16475,0.0
1.6391833333333332,0.0
