use,car
1.33955,0.0
2.84105,0.0
0.3878666666666665,0.0
2.3127666666666666,0.0
0.8504666666666666,0.0
1.4825833333333331,0.0
0.43486666666666657,0.0
0.38215,0.0
1.2499166666666668,0.0
1.5787666666666669,0.0
2.1801833333333334,0.0
3.6146666666666665,0.0
6.769566666666666,0.0
4.501566666666666,0.0
3.430683333333333,0.0
3.68685,0.0
3.439366666666667,0.0
1.7937833333333333,0.0
3.3129,0.0
1.7801166666666668,0.0
2.1635,0.0
2.4943833333333334,0.0
2.946083333333333,0.0
2.2670166666666667,0.0
