use,car
2.383116666666667,0.0
2.0638666666666667,0.0
1.0010333333333332,0.0
1.8236,0.0
2.0815333333333332,0.0
0.6976666666666665,0.0
0.3610166666666666,0.0
0.5768666666666666,0.0
0.8470333333333331,0.0
1.1574166666666668,0.0
1.6832333333333331,0.0
0.8842833333333331,0.0
1.4350666666666667,0.0
2.8521,0.0
3.90965,0.0
5.178033333333333,0.0
2.177983333333333,0.0
2.13255,0.0
4.980083333333333,0.0
4.783283333333332,0.0
4.59975,0.0
4.448933333333333,0.0
3.8319833333333326,0.0
3.042733333333333,0.0
