use,car
1.9463,0.0
1.4300833333333332,0.0
1.1657166666666667,0.0
1.7950666666666668,0.0
1.4341,0.0
1.2333666666666667,0.0
0.3719,0.0
1.0403666666666669,0.0
1.566633333333333,0.0
1.0965166666666668,0.0
1.1431,0.0
2.653966666666667,0.0
1.4399666666666668,0.0
1.7736,0.0
2.215783333333333,0.0
3.5571,0.0
0.4184,0.0
0.7120166666666666,0.0
3.362716666666667,0.0
3.47005,0.0
3.48195,0.0
3.510533333333333,0.0
3.4999833333333332,0.0
3.4653,0.0
