use,car
3.143616666666667,0.0
1.4058166666666667,0.0
1.8625333333333332,0.0
1.2463833333333332,0.0
2.2451833333333333,0.0
0.4432,0.0
0.34875,0.0
0.97515,0.0
1.1769166666666668,0.0
1.1634666666666669,0.0
0.9412833333333332,0.0
2.451433333333333,0.0
2.946833333333333,0.0
2.66305,0.0
4.15765,0.0
3.21155,0.0
1.6888,0.0
2.20585,0.0
2.854766666666667,0.0
2.17385,0.0
2.31145,0.0
2.7199166666666668,0.0
3.276183333333333,0.0
2.96485,0.0
