use,car
1.8130666666666668,0.0
0.6073333333333332,0.0
1.4461166666666667,0.0
1.12505,0.0
2.182983333333333,0.0
0.5581,0.0
0.42256666666666653,0.0
0.4323333333333333,0.0
0.4801833333333332,0.0
0.75275,0.0
0.5559166666666666,0.0
1.4570166666666668,0.0
0.7812333333333331,0.0
1.2869666666666668,0.0
1.7424333333333333,0.0
0.6809333333333332,0.0
2.6205333333333334,0.0
2.0624,0.0
1.6157333333333332,0.0
1.1385166666666668,0.0
1.1615,0.0
2.115966666666667,0.0
2.8545333333333334,0.0
2.1597,0.0
