use,car
1.2975,0.0
0.3957333333333333,0.0
1.6933333333333331,0.0
0.7962,0.0
0.9972666666666664,0.0
0.7229333333333332,0.0
0.4701,0.0
0.4642166666666666,0.0
1.1003833333333333,0.0
1.0658333333333332,0.0
2.600216666666667,0.0
2.11785,0.0
3.6564166666666664,0.0
4.103183333333333,0.0
3.2624,0.0
5.5273666666666665,0.0
4.358133333333333,0.0
3.0627166666666668,0.0
4.499016666666666,0.0
4.254233333333333,0.0
3.7604,0.0
2.780116666666667,0.0
3.01525,0.0
1.4775666666666667,0.0
