use,car
1.5470666666666668,0.0
1.6051333333333333,0.0
1.16295,0.0
1.1481333333333332,0.0
0.3751,0.0
0.9069166666666666,0.0
0.36055,0.0
0.37135,0.0
0.6330333333333332,0.0
0.8452166666666666,0.0
2.329733333333333,0.0
1.2350166666666669,0.0
3.73715,0.0
1.1217333333333332,0.0
2.0322,0.0
1.0967333333333331,0.0
2.5852166666666667,0.0
2.573,0.0
2.0499,0.0
1.3203166666666668,0.0
1.9301,0.0
1.1928,0.0
2.870616666666667,0.0
0.83645,0.0
