use,car
1.8966833333333333,0.0
1.0214833333333333,0.0
0.7901166666666666,0.0
1.3601166666666669,0.0
1.3191833333333332,0.0
0.38041666666666657,0.0
0.32275,0.0
0.73975,0.0
0.3609333333333333,0.0
0.4871833333333332,0.0
0.5655,0.0
0.9572333333333332,0.0
1.0206333333333333,0.0
0.7067833333333332,0.0
1.5032166666666669,0.0
0.54935,0.0
1.2303,0.0
1.0080166666666663,0.0
0.3613833333333332,0.0
1.042166666666667,0.0
0.4198333333333333,0.0
1.3229166666666667,0.0
2.283,0.0
1.28925,0.0
