use,car
2.282566666666667,0.0
0.40415,0.0
0.9935,0.0
0.9564833333333332,0.0
0.9831166666666664,0.0
0.65635,0.0
0.36523333333333324,0.0
0.6292166666666666,0.0
0.4250833333333333,0.0
1.8899166666666667,0.0
1.8780333333333332,0.0
0.9165833333333332,0.0
0.9639666666666664,0.0
0.6604666666666666,0.0
1.4135833333333332,0.0
1.142183333333333,0.0
0.9342166666666664,0.0
1.590666666666667,0.0
1.9225666666666668,0.0
1.8408166666666668,0.0
3.492,0.0
2.0324833333333334,0.0
2.8926833333333333,0.0
1.1707,0.0
