use,car
1.70945,0.0
0.4271833333333333,0.0
0.9348666666666664,0.0
0.9834,0.0
0.9807333333333332,0.0
0.34195,0.0
0.3815,0.0
0.33915,0.0
0.4020166666666665,0.0
0.9134166666666667,0.0
0.6180333333333332,0.0
1.2886333333333333,0.0
0.6175,0.0
1.2005833333333331,0.0
1.862866666666667,0.0
1.12175,0.0
3.089833333333333,0.0
1.1883333333333332,0.0
3.2213833333333333,0.0
0.8041,0.0
1.111033333333333,0.0
1.2492166666666669,0.0
1.937,0.0
0.3411333333333333,0.0
