use,car
0.3481,0.0
0.40816666666666657,0.0
0.3322,0.0
0.3586666666666666,0.0
0.3863666666666665,0.0
0.3310666666666666,0.0
0.35165,0.0
0.4135666666666665,0.0
0.6719833333333332,0.0
0.3330333333333333,0.0
0.5149,0.0
0.3032833333333333,0.0
0.52025,0.0
0.5723,0.0
0.5105333333333332,0.0
0.5162333333333332,0.0
0.4174833333333333,0.0
0.4172333333333333,0.0
0.3626,0.0
0.2943666666666666,0.0
0.51725,0.0
0.55225,0.0
1.0677666666666668,0.0
0.37835,0.0
