use,car
0.3739333333333333,0.0
0.3409166666666666,0.0
0.3463,0.0
0.3499,0.0
0.3283833333333333,0.0
0.3144833333333333,0.0
0.3378166666666666,0.0
0.34615,0.0
1.06675,0.0
0.64905,0.0
0.9349333333333332,0.0
0.75185,0.0
1.2175833333333332,0.0
1.0407,0.0
0.9435833333333332,0.0
1.0933,0.0
0.9099666666666666,0.0
0.3234833333333333,0.0
0.3826333333333333,0.0
0.5829666666666666,0.0
0.6143166666666666,0.0
0.75375,0.0
0.5946833333333332,0.0
0.3794833333333333,0.0
