use,car
0.3550333333333333,0.0
0.31475,0.0
0.36283333333333323,0.0
0.3326166666666666,0.0
0.3169333333333333,0.0
0.3494333333333333,0.0
0.3384833333333333,0.0
0.30455,0.0
0.75945,0.0
0.3518166666666666,0.0
0.31635,0.0
0.4048833333333333,0.0
0.5460333333333331,0.0
0.3115833333333333,0.0
0.65765,0.0
0.6663666666666666,0.0
0.5878833333333332,0.0
0.7692333333333331,0.0
0.8871833333333331,0.0
0.8057833333333331,0.0
0.5428833333333332,0.0
0.5336166666666666,0.0
0.4927666666666666,0.0
0.5513,0.0
