use,car
0.4218833333333333,0.0
0.9864333333333332,0.0
0.39366666666666655,0.0
1.0210666666666668,0.0
0.8599,0.0
0.36875,0.0
0.3679333333333332,0.0
0.32655,0.0
0.6627833333333332,0.0
0.3644,0.0
0.3466333333333333,0.0
0.5053333333333332,0.0
0.4271833333333333,0.0
0.7920666666666666,0.0
1.9731333333333332,0.0
1.64375,0.0
0.7317166666666665,0.0
0.6059833333333332,0.0
0.40381666666666655,0.0
2.1026333333333334,0.0
0.7402666666666666,0.0
1.0375,0.0
3.6267,0.0
2.069,0.0
