use,car
0.3423166666666666,0.0
0.4601833333333333,0.0
0.4005166666666666,0.0
0.3257666666666666,0.0
0.3427666666666666,0.0
0.36615,0.0
0.3069833333333333,0.0
0.33045,0.0
0.7114166666666666,0.0
0.3126166666666666,0.0
0.4824,0.0
0.6481,0.0
0.6609,0.0
0.6603,0.0
0.5946666666666666,0.0
0.6304833333333332,0.0
0.85835,0.0
0.6879166666666666,0.0
0.62195,0.0
0.7158666666666667,0.0
0.66,0.0
1.1483333333333332,0.0
0.7054166666666666,0.0
0.6126333333333333,0.0
