use,car
0.4003,0.0
0.3734,0.0
0.3944,0.0
0.3482833333333333,0.0
0.3574833333333333,0.0
0.3847833333333333,0.0
0.32315,0.0
0.35525,0.0
0.70225,0.0
0.3121166666666666,0.0
0.3673166666666666,0.0
0.7642833333333331,0.0
0.4499166666666666,0.0
0.8519833333333331,0.0
1.16415,0.0
1.5366166666666667,0.0
1.4718833333333332,0.0
1.0155333333333332,0.0
0.4364333333333333,0.0
0.3974833333333333,0.0
2.02515,0.0
1.3860833333333331,0.0
0.7404666666666666,0.0
0.4813666666666666,0.0
