use,car
0.44441666666666657,0.0
0.39915,0.0
0.4465,0.0
0.4088833333333333,0.0
0.3856833333333333,0.0
0.42611666666666653,0.0
0.4415,0.0
1.3213333333333332,0.0
0.6704,0.0
0.3327,0.0
0.2866333333333333,0.0
0.5967666666666666,0.0
2.799183333333333,0.0
2.881733333333333,0.0
3.11165,0.0
2.619966666666667,0.0
0.8342,0.0
0.8310833333333331,0.0
0.40375,0.0
0.69045,0.0
0.94825,0.0
0.8768,0.0
0.8155,0.0
0.6942166666666666,0.0
