use,car
1.7280666666666669,0.0
1.9237833333333332,0.0
2.02445,0.0
1.7515666666666667,0.0
1.71495,0.0
2.1609166666666666,0.0
1.7852333333333332,0.0
0.72105,0.0
0.6215833333333332,0.0
0.7871,0.0
0.6670666666666666,0.0
0.7821833333333331,0.0
2.054616666666667,0.0
2.86245,0.0
1.4359666666666668,0.0
0.7224,0.0
1.48065,0.0
1.23655,0.0
1.7705,0.0
0.9705,0.0
0.9322666666666664,0.0
0.88,0.0
1.13995,0.0
1.0329333333333333,0.0
