use,car
0.9833833333333332,0.0
0.3236833333333333,0.0
0.35485,0.0
0.5572333333333332,0.0
0.3805333333333333,0.0
0.36408333333333326,0.0
0.68965,0.0
0.40135,0.0
0.7265166666666665,0.0
0.6926833333333332,0.0
0.4869666666666666,0.0
0.8453,0.0
0.5187333333333332,0.0
2.7960833333333333,0.0
2.2877666666666667,0.0
1.8202,0.0
0.9694333333333331,0.0
2.327183333333333,0.0
2.8328,0.0
1.4367666666666667,0.0
0.9480333333333332,0.0
3.471166666666667,0.0
1.4147833333333333,0.0
0.6170833333333332,0.0
