use,car
0.5001833333333332,0.0
0.36895,0.0
0.3058666666666666,0.0
0.4398166666666665,0.0
0.53615,0.0
0.2963833333333333,0.0
0.3758333333333333,0.0
0.5068666666666666,0.0
0.5095833333333332,0.0
0.38425,0.0
0.37361666666666654,0.0
0.4858666666666666,0.0
0.38316666666666654,0.0
0.3018666666666666,0.0
0.26885,0.0
0.2722333333333333,0.0
0.3016166666666666,0.0
0.6573666666666667,0.0
0.7835,0.0
0.8043,0.0
1.2256333333333331,0.0
1.1303666666666667,0.0
0.9365166666666664,0.0
0.6230833333333332,0.0
