use,car
0.3580333333333333,0.0
0.36653333333333327,0.0
0.4063,0.0
0.3377666666666666,0.0
0.37195,0.0
0.38766666666666655,0.0
0.331,0.0
0.59635,0.0
0.3769,0.0
0.4902666666666666,0.0
0.611,0.0
0.5602333333333332,0.0
0.3126,0.0
0.34335,0.0
0.4899166666666666,0.0
0.5407333333333332,0.0
1.8494833333333331,0.0
2.06135,0.0
2.8206333333333333,0.0
1.9860833333333332,0.0
1.132016666666667,0.0
1.1116333333333333,0.0
1.4486666666666668,0.0
2.345483333333333,0.0
