use,car
0.3433,0.0
0.3952833333333333,0.0
0.3454833333333333,0.0
0.3574166666666666,0.0
0.3802833333333333,0.0
0.3255833333333333,0.0
0.3654666666666666,0.0
0.3542,0.0
0.6065,0.0
0.3987833333333333,0.0
0.4938166666666666,0.0
0.36985,0.0
0.5693333333333332,0.0
0.9082666666666666,0.0
1.0320166666666668,0.0
0.7826666666666666,0.0
0.3229333333333333,0.0
0.3518333333333333,0.0
0.3753166666666666,0.0
0.3237833333333333,0.0
0.4421833333333333,0.0
0.73725,0.0
0.7043,0.0
0.4241,0.0
