use,car
1.8009333333333333,0.0
1.7935,0.0
1.8329,0.0
1.7635,0.0
0.9270333333333332,0.0
0.37751666666666656,0.0
0.3342666666666666,0.0
0.3906,0.0
0.5280666666666666,0.0
0.3478,0.0
0.41446666666666654,0.0
0.4560333333333333,0.0
0.2860333333333333,0.0
0.6789166666666666,0.0
0.8378833333333331,0.0
0.7917333333333331,0.0
0.47125,0.0
0.45645,0.0
0.41335,0.0
0.4598833333333333,0.0
1.6655333333333333,0.0
2.0487,0.0
0.9394166666666663,0.0
0.5976166666666666,0.0
