use,car
0.38435,0.0
0.33595,0.0
0.36545,0.0
0.3823833333333333,0.0
0.50375,0.0
0.4555166666666666,0.0
0.4055333333333333,0.0
0.3975833333333333,0.0
0.6317166666666666,0.0
0.43236666666666657,0.0
0.4784166666666666,0.0
1.7979166666666668,0.0
1.3049666666666668,0.0
0.6352833333333332,0.0
0.6584166666666667,0.0
1.5953833333333332,0.0
1.3589666666666669,0.0
0.4456833333333333,0.0
0.41956666666666653,0.0
0.43395,0.0
0.574,0.0
0.6274166666666666,0.0
0.64175,0.0
0.59915,0.0
