use,car
0.6507,0.0
0.39916666666666656,0.0
0.68545,0.0
0.47145,0.0
0.3985833333333333,0.0
0.5358666666666666,0.0
0.5716666666666665,0.0
0.6374166666666666,0.0
0.78935,0.0
0.6602166666666666,0.0
0.5958333333333332,0.0
0.41806666666666653,0.0
0.40341666666666653,0.0
0.4539833333333333,0.0
1.9729666666666668,0.0
2.3371166666666667,0.0
0.93995,0.0
4.4531,0.0
3.85445,0.0
2.998266666666667,0.0
2.863833333333333,0.0
3.1148833333333332,0.0
1.6872,0.0
0.4756166666666666,0.0
