use,car
0.37665,0.0
0.3502333333333333,0.0
0.41125,0.0
0.3613833333333332,0.0
0.38241666666666657,0.0
0.41485,0.0
0.3636166666666666,0.0
0.37711666666666654,0.0
0.5594,0.0
0.3846333333333333,0.0
0.7191666666666666,0.0
0.64645,0.0
0.3834833333333333,0.0
0.44645,0.0
0.6043333333333332,0.0
0.34905,0.0
0.3431666666666666,0.0
1.6696166666666667,0.0
0.2922333333333333,0.0
3.9605166666666665,0.0
2.6400333333333332,0.0
2.400516666666667,0.0
2.6403333333333334,0.0
2.3200833333333333,0.0
