use,car
0.36523333333333324,0.0
0.41825,0.0
0.3712,0.0
0.36365,0.0
0.40095,0.0
0.5365,0.0
0.3808833333333333,0.0
0.68075,0.0
0.2970166666666666,0.0
0.4123333333333333,0.0
0.3164333333333333,0.0
0.3064,0.0
0.3895,0.0
4.6612,0.0
3.1602333333333332,0.0
3.528033333333333,0.0
0.2976333333333333,0.0
1.7361,0.0
1.1619,0.0
1.5682,0.0
0.9682666666666664,0.0
1.6290166666666668,0.0
0.6740333333333332,0.0
0.3911,0.0
