use,car
0.41255,0.0
0.3762666666666665,0.0
0.4046833333333333,0.0
0.41095,0.0
0.36873333333333325,0.0
0.5844,0.0
0.3854,0.0
0.8464833333333331,0.0
0.6501,0.0
0.6133,0.0
0.3339166666666666,0.0
1.1952833333333333,0.0
1.7391166666666669,0.0
1.5032166666666669,0.0
1.8745666666666667,0.0
1.5946333333333331,0.0
0.3441,0.0
0.36185,0.0
3.005516666666667,0.0
2.40995,0.0
2.2296,0.0
1.2884666666666669,0.0
0.7077333333333332,0.0
0.3889166666666666,0.0
