use,car
0.9551333333333332,0.0
0.7346166666666665,0.0
0.6827166666666666,0.0
0.7670833333333331,0.0
0.6453333333333332,0.0
0.7758333333333332,0.0
0.6929666666666666,0.0
0.7948,0.0
0.8087,0.0
0.6591166666666666,0.0
0.76605,0.0
0.8289666666666666,0.0
0.7759833333333331,0.0
0.9907166666666664,0.0
1.5669166666666667,0.0
2.2819166666666666,0.0
2.18795,0.0
2.6881833333333334,0.0
2.4175166666666668,0.0
2.34535,0.0
1.74355,0.0
1.5682,0.0
1.490916666666667,0.0
0.9783833333333332,0.0
