use,car
1.9853666666666667,0.0005
1.5245,0.00075
1.2355,0.0004
3.6585833333333326,2.2765833333333334
1.0485666666666669,0.0003
1.2018,0.0
1.0026333333333333,0.0
0.7687666666666666,0.0
1.0268,0.0005
0.84005,0.0
0.79435,0.0
0.7541333333333331,0.0
0.7382833333333331,0.0
0.77065,0.0
0.7582333333333331,0.0
0.7539833333333331,0.0
0.9303,5e-05
1.042533333333333,0.0
0.94065,0.0
0.9815,0.0
0.90715,0.0
0.9631333333333332,0.0
1.0072333333333332,0.0
1.0573833333333331,0.0
