use,car
0.8404,0.0
0.7300333333333332,0.0
0.70505,0.0
5.451533333333333,4.675116666666667
2.9077333333333333,2.16765
0.7450333333333331,0.0
0.75535,0.0
0.83665,0.00015
1.0031166666666664,0.0003833333333333333
0.8596833333333331,0.0
0.7597166666666666,0.0
0.7856,0.0
0.7538333333333331,0.0
0.9012,0.0
0.82765,0.0
0.8548833333333331,0.0
1.1348833333333332,5e-05
1.1697333333333333,0.0
2.0530166666666667,0.00215
1.5993,0.0009
1.1262666666666667,0.0
1.17205,0.0
0.9439,0.0
1.14105,0.0
