use,car
0.8487833333333331,0.0
2.920983333333333,0.0002833333333333333
0.8394833333333331,0.0
2.16225,0.0
1.4568666666666668,0.0
1.4841,0.0
1.9577166666666668,0.0
1.15385,0.0
1.920383333333333,0.0
1.4757,0.0
1.6083,0.0
0.6976,0.0
1.6084666666666667,0.0
0.8699,0.0
0.9035,0.0
1.57495,0.0
1.0551666666666668,0.0
1.2622,0.0
3.955933333333333,0.602
1.1569,0.009
1.0378666666666667,0.009
1.98535,0.00785
1.18545,0.005
1.12395,0.005
