use,car
2.716133333333333,0.0
2.3867,0.0
2.3412,0.0
2.357816666666667,0.0
2.283666666666667,0.0
1.5949,0.0
1.4055666666666669,0.0
1.3054333333333332,0.0
1.76905,0.0
1.6432666666666669,0.0
1.38365,0.0
1.6745,0.0
3.460933333333333,0.0
2.8792166666666668,0.0
6.051983333333332,0.4375333333333333
9.112416666666666,3.358366666666667
9.27415,2.677083333333333
6.033033333333333,0.06301666666666667
5.718866666666666,0.0
7.1462,0.0
6.065483333333333,0.0
5.4375,0.0
5.6365,0.0
4.375983333333333,0.0
