use,car
3.201283333333333,0.0
3.0313,0.0
2.5837833333333333,0.0
2.6466333333333334,0.0
3.1665,0.0
2.8547333333333333,0.0
2.43755,0.0
2.459016666666667,0.0
2.539433333333333,0.0
1.5035333333333332,0.0
1.49125,0.0
2.0709,0.0
2.344133333333333,0.0
3.032283333333333,0.0
6.610616666666666,3.318416666666667
7.7039,1.7052833333333333
5.763,0.0
4.58745,0.0
5.187933333333333,0.0
5.5964,0.0
6.361133333333333,0.0
5.83445,0.0
4.440766666666667,0.0
3.2554,0.0
