use,car
0.722,0.0
0.6774666666666666,0.0
0.7336,0.0
0.6618833333333332,0.0
0.7732333333333331,0.0
0.8479166666666667,0.0
1.9016666666666668,0.0
0.9914,0.0
2.7469333333333332,1.78815
0.8862666666666666,0.0
0.4676833333333332,0.0
3.3002,2.454266666666667
1.11945,0.40075
0.46195,0.0
0.4691666666666666,0.0
2.28535,1.5749833333333332
0.9621,0.3298
0.42956666666666654,0.0
0.4086,0.0
1.3685666666666667,0.6768166666666666
5.388216666666667,3.3537833333333333
9.04315,3.3568
6.05605,1.1597
4.02365,0.0
