use,car
4.04875,0.0
4.03365,0.0
3.427566666666667,0.0
3.4534833333333332,0.0
3.226383333333333,0.0
2.82405,0.0
2.8325,0.0
2.455616666666667,0.0
1.98685,0.0
1.85695,0.0
1.93555,0.0
2.46945,0.0
3.24905,0.0
3.519216666666667,0.0
3.8295166666666662,0.0
6.2870833333333325,0.0
7.608,0.6324333333333332
11.27505,3.3684333333333334
10.360133333333332,3.3590166666666668
10.923916666666665,3.35955
7.8039,1.1446166666666668
7.27905,0.0022833333333333334
6.725766666666666,0.00055
5.4125,0.0
