use,car
2.43675,0.0
2.4243,0.0
1.8380166666666669,0.0
2.27705,0.0
1.513183333333333,0.0
1.9046166666666668,0.0
2.032283333333333,0.0
2.29995,0.0
2.4217833333333334,0.0
3.230316666666667,0.0
1.81065,0.0
1.9296166666666668,0.0
1.6488,0.0
1.6454166666666667,0.0
2.389066666666667,0.0
4.437016666666667,0.0
2.6997,0.0
6.35665,2.4292
7.5944,3.354166666666667
6.594566666666666,0.8772666666666666
5.899933333333332,0.0
5.488666666666666,0.0
4.14495,0.0
3.5610166666666667,0.0
