use,car
3.862783333333333,0.0
3.88675,0.0
3.288733333333333,0.0
3.102066666666667,0.0
2.791666666666667,0.0
2.6123166666666666,0.0
2.1327,0.0
2.36285,0.0
2.3834666666666666,0.0
1.7942166666666668,0.0
1.7769333333333333,0.0
1.8964833333333333,0.0
1.8917833333333332,0.0
3.3351,0.0
2.6784833333333333,0.0
5.658683333333332,0.0
4.552,0.0
4.851766666666666,0.0
4.628866666666666,0.0
5.9008,0.0
5.36505,0.0
5.7601,0.0
4.7497,0.0
4.569716666666666,0.0
