use,car
4.109133333333332,0.0
3.9529833333333326,0.0
3.47945,0.0
3.39275,0.0
3.2213333333333334,0.0
2.663333333333333,0.0
2.087216666666667,0.0
3.1971833333333333,0.0
2.178533333333333,0.0
1.6828333333333332,0.0
1.77775,0.0
1.9270666666666667,0.0
1.8645333333333332,0.0
2.6138166666666667,0.0
3.7712666666666665,0.0
5.0642,0.0
4.71565,0.0
4.450366666666667,0.0
5.43605,0.0
5.7277,0.0
6.225266666666666,0.0
6.274266666666667,0.0
5.7442,0.0
4.563366666666666,0.0
