use,car
4.250533333333332,0.0
3.8969166666666664,0.0
3.556583333333333,0.0
3.4173666666666667,0.0
3.3289666666666666,0.0
3.0112,0.0
2.298,0.0
2.40675,0.0
2.672833333333333,0.0
2.1610666666666667,0.0
3.984,0.0
2.14235,0.0
2.65315,0.0
3.387,0.0
3.4028,0.0
4.9028,0.0
6.173416666666666,0.0
7.406983333333333,2.416
8.939133333333332,3.35615
7.3579,1.1134166666666667
6.2004,0.0
5.991833333333333,0.0
5.974616666666666,0.0
4.742116666666666,0.0
