use,car
4.422,0.0
3.853783333333333,0.0
3.592233333333333,0.0
3.7039333333333326,0.0
3.4699666666666666,0.0
3.23555,0.0
2.6226,0.0
2.8340666666666667,0.0
2.898083333333333,0.0
2.2194333333333334,0.0
2.1645166666666666,0.0
2.0370833333333334,0.0
2.8016666666666667,0.0
3.87975,0.0
3.0272666666666668,0.0
4.720133333333333,0.0
6.17275,0.0
8.775816666666666,2.60745
10.816283333333331,3.35925
6.18315,1.07555
6.311366666666666,0.0
6.268166666666667,0.0
5.786933333333333,0.0
4.934366666666667,0.0
