use,car
3.2788833333333334,0.0
3.260283333333333,0.0
3.1552333333333333,0.0
2.81935,0.0
2.8857833333333334,0.0
2.750366666666667,0.0
2.2535333333333334,0.0
3.0407,0.0
2.58335,0.0
2.1019666666666668,0.0
3.2129,0.0
1.6410833333333332,0.0
3.4941666666666666,0.0
2.7485833333333334,0.0
2.83065,0.0
4.552833333333333,0.0
4.899583333333333,0.0
3.7440833333333328,0.0
3.88,0.0
5.38215,0.0
5.28995,0.0
5.2347166666666665,0.0
4.53665,0.0
3.61955,0.0
