use,car
3.3021333333333334,0.0
2.8623,0.0
2.757816666666667,0.0
1.9959666666666669,0.0
2.2183,0.0
2.0419,0.0
1.26535,0.0
1.3695833333333332,0.0
3.083466666666667,0.0
2.374366666666667,0.0
3.294383333333333,0.0004
2.7215833333333332,0.0
3.9428333333333327,0.0009
4.9687,2.8632833333333334
6.330583333333333,3.3533
6.475533333333333,0.89495
4.921266666666666,0.0
4.6260666666666665,0.0
3.8494,0.0
5.8402666666666665,0.0
5.59975,0.0
5.1996,0.0
4.541883333333333,0.0
3.347583333333333,0.0
