use,car
4.027966666666666,0.0
3.1919166666666667,0.0
2.919783333333333,0.0
2.9291,0.0
2.8369,0.0
2.3672833333333334,0.0
1.9097,0.0
1.9279,0.0
2.63485,0.4389333333333333
3.2432833333333333,0.4915333333333332
1.9570166666666668,0.0
1.8350833333333332,0.0
2.24225,0.0
2.8722,0.0
3.2697333333333334,0.0
4.51275,0.0
6.030466666666666,0.0
4.71295,0.0
6.052716666666666,0.0
6.200616666666666,0.0
7.092616666666666,0.0
5.97995,0.0
5.1728,0.0
3.5958,0.0
