use,car
1.731,0.0
1.0906,0.0
0.7748333333333332,0.0
0.8234166666666666,0.0
0.9534166666666664,0.0
0.8273666666666666,0.0
1.59525,0.0
1.939533333333333,0.0
1.5440333333333331,0.0
0.96335,0.0
0.7169333333333332,0.0
0.9378333333333332,0.0
0.8207666666666666,0.0
0.8991166666666666,0.0
0.8206166666666665,0.0
0.74965,0.0
1.0783333333333331,0.0
0.4196666666666666,0.0
0.5062666666666666,0.0
1.1081333333333332,0.0
1.6064166666666668,0.0
1.2042833333333332,0.0
0.99295,0.0
0.87955,0.0
