use,car
4.089066666666667,0.0
4.051733333333333,0.0
3.24705,0.0
3.5730666666666666,0.0
3.3266666666666667,0.0
3.2556,0.0
2.7547333333333333,0.0
3.3103333333333333,0.0
3.227866666666667,0.0
3.62835,0.0
3.7793666666666663,0.0
2.1333,0.0
1.7890833333333331,0.0
3.235733333333333,0.0
4.367116666666666,0.0
4.350066666666667,0.0
5.89285,0.0
4.979933333333332,0.0
5.9821,0.0
5.51875,0.0
5.547066666666667,0.0
5.619316666666666,0.0
4.772216666666666,0.0
4.227116666666666,0.0
