use,car
3.60975,0.0
3.2867333333333333,0.0
3.71105,0.0
2.988633333333333,0.0
2.5164666666666666,0.0
2.534466666666667,0.0
1.6990166666666668,0.0
1.569516666666667,0.0
2.2839666666666667,0.0
2.252,0.0
2.31755,0.0
2.177833333333333,0.0
2.109233333333333,0.0
2.19645,0.0
2.9764,0.0
4.60245,0.0
5.453516666666666,0.0
4.443633333333333,0.0
4.108216666666666,0.0
5.749933333333333,0.0
6.0778,0.0
5.901583333333333,0.0
5.616133333333333,0.0
5.494066666666666,0.0
