use,car
0.7925666666666666,0.0
0.8220166666666666,0.0
1.0148166666666665,0.0
1.09325,0.0
1.2079,0.0
0.9912333333333332,0.0
0.9642166666666664,0.0
1.0970333333333333,0.0
1.24995,0.0
0.8149,0.0
0.7587666666666666,0.0
0.7305,0.0
0.7539,0.0
1.45975,0.0
0.8899666666666666,0.0
1.0953833333333332,0.0
1.491083333333333,0.0
1.4997,0.0
0.9694166666666664,0.0
2.5393833333333333,1.2516666666666667
3.623933333333333,2.610533333333333
1.0387833333333332,0.0
0.9282166666666664,0.0
0.8409833333333331,0.0
