use,car
0.9693166666666664,0.0
0.664,0.0
0.8451,0.0
0.7578333333333331,0.0
0.7333166666666665,0.0
0.8533,0.0
1.0626666666666669,0.0
1.7458333333333331,0.0
2.02485,0.0
1.8516833333333331,0.0
3.417533333333333,0.0
1.293383333333333,0.0
3.0997833333333333,0.0
2.754983333333333,0.0
3.8424333333333327,0.0
3.7802666666666664,0.0
5.176983333333332,0.0
5.051216666666666,0.0
5.267983333333333,0.0
4.46295,0.0
4.0364,0.0
4.11045,0.0
4.695033333333333,0.0
4.918616666666666,0.0
