use,car
6.877983333333333,5e-05
4.8811833333333325,0.0
3.935183333333333,0.0
3.6213,0.0
2.416983333333333,0.0
1.3203333333333331,0.0
1.39805,0.0
1.5612,0.0
2.7776,0.0002
1.8102333333333331,0.0
1.59925,0.0
1.5652166666666667,0.0
1.9231666666666667,0.0
3.035416666666667,0.0
2.700616666666667,0.0
5.355583333333333,0.0
5.493733333333333,0.0
5.529116666666666,0.0
5.562533333333333,0.0
5.311066666666666,0.0
5.4363166666666665,0.0
5.428066666666666,0.0
5.02705,0.0
4.897033333333333,0.0
