use,car
4.707083333333332,0.0
4.83805,0.0
3.71045,0.0
2.11765,0.0
1.50695,0.0
1.2337333333333331,0.0
1.3844666666666667,0.0
1.93415,0.0
3.195533333333333,0.0
1.9367666666666667,0.0
1.7801333333333331,0.0
1.7369333333333332,0.0
3.6880666666666664,0.0
3.6617166666666665,0.0
3.237683333333333,0.0
4.740733333333333,0.0
3.843083333333333,0.0
3.8698833333333327,0.0
5.104633333333333,0.0
3.8241,0.0
2.4101166666666667,0.0
1.4327,0.0
1.3150666666666668,0.0
1.0630166666666667,0.0
