use,car
0.7072166666666666,0.0
0.9205666666666666,0.0
0.6591166666666666,0.0
0.6693,0.0
0.7214333333333331,0.0
0.7991666666666666,0.0
1.0614666666666668,0.0
1.35555,0.0
1.2087666666666668,0.0
1.0590166666666667,0.0
3.2824,0.0
0.6356833333333332,0.0
0.7245833333333332,0.0
0.67485,0.0
0.4698,0.0
0.72175,0.0
1.2322666666666668,0.0
0.8418666666666667,0.0
0.6953666666666666,0.0
0.6419333333333332,0.0
0.59525,0.0
0.6292666666666666,0.0
0.59005,0.0
0.8619166666666666,0.0
