use,car
0.5455833333333332,0.0
0.51655,0.0
0.5278,0.0
0.55145,0.0
0.5142333333333332,0.0
0.6173666666666666,0.0
0.67835,0.0
1.1909333333333332,0.0
1.036,0.0
0.54695,0.0
0.5122166666666667,0.0
0.817,0.0
0.9263,0.0
1.0520333333333332,0.0
1.04085,0.0
1.3638833333333331,0.0
1.162483333333333,0.0
0.6855333333333332,0.0
1.1305666666666667,0.0
1.1218,0.0
1.5939,0.0
1.9927333333333332,0.0
2.214716666666667,0.0
2.0237166666666666,0.0
