use,car
0.55615,0.0
0.4229833333333333,0.0
0.4647166666666666,0.0
0.3941333333333333,0.0
0.4580333333333333,0.0
0.4478833333333333,0.0
0.4680666666666666,0.0
0.5093666666666666,0.0
0.4345,0.0
0.6110666666666666,0.0
0.43006666666666654,0.0
0.5084166666666666,0.0
0.4493833333333333,0.0
0.5264666666666666,0.0
0.46525,0.0
0.50275,0.0
0.5290833333333332,0.0
0.5774333333333332,0.0
0.41615,0.0
0.5045333333333332,0.0
0.3802333333333333,0.0
0.4863,0.0
0.3981833333333333,0.0
0.4800666666666666,0.0
