use,car
0.9618333333333332,0.0
0.8275666666666666,0.0
0.66505,0.0
0.8896166666666666,0.0
0.64045,0.0
0.8021666666666666,0.0
0.9750333333333332,0.0
1.2443833333333332,0.0
1.6267333333333331,0.0
2.364133333333333,0.0
1.439466666666667,0.0
2.551883333333333,0.0
1.7229166666666669,0.0
1.3436833333333331,0.0
1.27385,0.0
1.56735,0.0
0.7178333333333332,0.0
0.9633833333333331,0.0
2.07515,0.0
1.68425,0.0
1.2426333333333333,0.0
1.25265,0.0
1.30345,0.0
0.8546,0.0
