use,car
1.1953333333333331,0.0
0.6802666666666666,0.0
0.9187666666666666,0.0
0.6980333333333332,0.0
0.8531333333333331,0.0
0.8210666666666666,0.0
0.9679333333333332,0.0
1.579,0.0
1.4184333333333332,0.0
1.19255,0.0
1.1902666666666668,0.0
0.9329833333333332,0.0
1.10975,0.0
1.3017166666666669,0.0
1.4696833333333332,0.0
1.26745,0.0
1.24755,0.0
1.3549,0.0
2.599683333333333,0.0
1.6672166666666668,0.0
1.7117833333333332,0.0
1.22415,0.0
0.9881333333333332,0.0
0.6636333333333332,0.0
