use,car
0.8792833333333331,0.0
0.7668833333333331,0.0
0.6320833333333332,0.0
0.7985,0.0
0.5918166666666665,0.0
0.8721666666666666,0.0
0.9569333333333332,0.0
1.5355666666666667,0.0
1.69735,0.0
1.2118,0.0
1.034266666666667,0.0
1.4127666666666667,0.0
1.36125,0.0
1.1170666666666669,0.0
1.0192666666666668,0.0
1.2753166666666669,0.0
1.5120333333333331,0.0
1.7830666666666668,0.0
1.4543666666666668,0.0
2.705766666666667,0.0
1.4267,0.0
1.3979166666666667,0.0
1.3365833333333332,0.0
0.72845,0.0
