use,car
0.5968166666666666,0.0
0.824,0.0
0.7134333333333333,0.0
0.5880666666666666,0.0
0.5765666666666666,0.0
0.6255,0.0
1.0433666666666668,0.0
1.4898,0.0
1.0131333333333332,0.0
1.05835,0.0
0.71815,0.0
0.42766666666666653,0.0
0.9069166666666666,0.0
0.9259,0.0
1.3949166666666668,0.0
0.9526,0.0
1.1845333333333332,0.0
0.9583333333333331,0.0
1.1345666666666667,0.0
1.1025666666666667,0.0
0.8655666666666666,0.0
0.8740666666666665,0.0
0.7369333333333332,0.0
0.81075,0.0
