use,car
0.70735,0.0
1.7643833333333332,0.0
0.89175,0.0
0.71385,0.0
0.5775166666666666,0.0
0.7549166666666666,0.0
1.0880166666666669,0.0
1.8436833333333331,0.0
2.05635,0.0
1.6462666666666668,0.0
1.7295833333333333,0.0
1.85155,0.0
1.6556833333333332,0.0
0.9948666666666665,0.0
0.8971833333333331,0.0
1.1596166666666667,0.0
1.101983333333333,0.0
0.4916166666666666,0.0
0.9193,0.0
0.4109,0.0
0.3682,0.0
0.8669666666666666,0.0
3.1792333333333334,2.2748166666666667
4.002683333333333,3.356383333333333
