use,car
0.6189833333333332,0.0
0.5937,0.0
0.8155666666666666,0.0
0.5654666666666666,0.0
0.6451166666666666,0.0
0.6491833333333332,0.0
0.5553666666666666,0.0
1.1356333333333333,0.0
2.606733333333333,0.0
3.5714333333333332,0.0
1.5257666666666667,0.0
2.0612833333333334,0.0
1.27655,0.0
1.10305,0.0
0.9854333333333332,0.0
0.5096166666666666,0.0
0.5696833333333332,0.0
0.58985,0.0
0.5456333333333332,0.0
0.4534,0.0
0.6151666666666666,0.0
0.6954666666666666,0.0
0.6516833333333332,0.0
0.57705,0.0
