use,car
0.7706166666666666,0.0
0.79185,0.0
0.6205,0.0
0.47435,0.0
0.62195,0.0
0.5795166666666666,0.0
0.825133333333333,0.0
0.77795,0.0
0.4844166666666666,0.0
0.5080333333333332,0.0
0.77935,0.0
1.1792333333333331,0.0
1.416383333333333,0.0
1.4856666666666667,0.0
1.55025,0.0
1.4536,0.0
1.4582833333333332,0.0
0.47975,0.0
0.7234666666666665,0.0
0.80975,0.0
0.8508333333333331,0.0
1.1540833333333331,0.0
1.1989,0.0
1.09125,0.0
