use,car
1.05765,0.0
0.9425666666666664,0.0
0.9325333333333332,0.0
0.8427333333333331,0.0
0.8438333333333331,0.0
0.86245,0.0
0.8238833333333331,0.0
0.7982666666666666,0.0
1.3354,0.0
1.3580166666666669,0.0
1.2629,0.0
2.15075,0.0001
1.2602666666666669,0.0
0.854383333333333,0.0
0.6036833333333332,0.0
0.5497,0.0
0.7481666666666666,0.0
0.7320833333333332,0.0
0.7427833333333331,0.0
1.020233333333333,0.0
0.5323666666666667,0.0
0.8052166666666666,0.0
0.7406333333333331,0.0
0.6042166666666666,0.0
