use,car
0.771,0.0
0.4023333333333333,0.0
0.8313166666666666,0.0
0.3869333333333333,0.0
0.9706166666666664,0.0
0.38006666666666655,0.0
0.8199833333333331,0.0
0.39256666666666656,0.0
0.78485,0.0
0.4414,0.0
0.7789833333333331,0.0
0.39845,0.0
0.4655666666666666,0.0
0.7179333333333332,0.0
0.43635,0.0
0.4270333333333333,0.0
0.3860333333333333,0.0
0.7142333333333332,0.0
0.35915,0.0
0.40831666666666655,0.0
0.4969,0.0
1.3646,0.0
1.2145833333333331,0.0
0.4776,0.0
