use,car
3.9759,3.352116666666667
2.6858666666666666,2.02245
0.5553333333333332,0.0001
0.6050166666666666,0.0
0.5751166666666666,0.0
0.6478333333333332,0.0
0.7184,0.0
1.3115,0.0002
1.7049666666666667,0.0
1.2675833333333333,0.0
0.9314833333333332,0.0
1.0613833333333331,0.0
1.461566666666667,0.0
1.5947833333333332,0.0
0.9347833333333332,0.0
1.1184833333333333,0.0
1.7358833333333332,0.0
0.6072833333333332,0.0
1.9272,0.0
3.5854,0.0
2.29705,0.0
2.098816666666667,0.0
1.1822666666666668,0.0
1.0764,0.0
