use,car
1.51905,0.0
0.8976833333333331,0.0
0.5734166666666666,0.0
0.9553166666666664,0.0
0.4669,0.0
0.43896666666666656,0.0
1.0311833333333331,0.0
0.56545,0.0
1.0917666666666668,0.0
1.3418333333333332,0.0
1.89215,0.0
1.13745,0.0
1.3823166666666669,0.0
0.57545,0.0
0.9247,0.0
0.6436166666666666,0.0
0.6699666666666666,0.0
1.00535,0.0
1.4321333333333333,0.0
0.9837166666666664,0.0
0.4820333333333332,0.0
0.8190666666666666,0.0
1.0533833333333331,0.0
0.4371,0.0
