use,car
0.6935166666666666,0.0
0.826133333333333,0.0
1.0550166666666667,0.0
0.7010666666666666,0.0
0.6806666666666666,0.0
0.7090666666666666,0.0
0.6551166666666666,0.0
1.16935,0.0
1.4857,0.0
1.08035,0.0
1.1869,0.0
0.6409166666666666,0.0
1.38495,0.0
0.65445,0.0
0.6189,0.0
0.8211166666666666,0.0
1.0968666666666669,0.0
1.0761833333333333,0.0
1.4165666666666668,0.0
1.2963166666666668,0.0
1.46055,0.0
1.172383333333333,0.0
0.8679833333333331,0.0
1.2460833333333332,0.0
