use,car
5.71755,2.001383333333333
2.025316666666667,0.0
1.695,0.0
1.7741166666666668,0.0
1.5579333333333332,0.0
1.5904333333333331,0.0
1.66445,0.0
2.3467,0.0
1.8663666666666667,0.0
2.2950166666666667,0.0
1.79965,0.0
2.6796333333333333,0.0
2.30145,0.0
1.1963,0.0
0.9713833333333332,0.0
2.7806,1.5456
2.054466666666667,0.0
3.5554,0.0
3.7462333333333326,0.0
4.9724,0.0
5.317566666666666,0.0
4.4753,0.0
3.7763166666666663,0.0
2.2986666666666666,0.0
