use,car
1.129233333333333,0.0
1.0718666666666667,0.0
1.24465,0.0
1.0921666666666667,0.0
1.1031666666666669,0.0
1.15395,0.0
1.23225,0.0
1.4664166666666667,0.0
1.9964666666666668,0.0
2.1968,0.0
1.4564,0.0
0.9677833333333332,0.0
0.9625166666666664,0.0
1.5704,0.6054
4.340283333333333,3.3470166666666668
2.132633333333333,0.5413
0.9182166666666666,0.0
0.9770833333333332,0.0
2.372,0.0
5.24275,0.0
1.6711833333333332,0.0
1.2109,0.0
1.0760166666666668,0.0
0.73655,0.0
