use,car
0.8468333333333331,0.0
1.1248166666666668,0.0
1.5324,0.0
2.11295,0.0
2.1166,0.0
0.8392166666666666,0.0
0.8379166666666666,0.0
0.8358,0.0
0.8324833333333331,0.0
0.83185,0.0
0.64,0.0
0.62335,0.0
0.6297833333333333,0.0
0.6295333333333332,0.0
0.64455,0.0
1.1245333333333332,0.0
0.9061166666666666,0.0
1.233,0.0001
1.50905,5e-05
2.903433333333333,0.0037666666666666664
4.7206166666666665,0.00015
4.624133333333333,0.0001
10.667316666666666,12.890683333333332
17.628766666666667,26.36115
