use,car
0.8417333333333331,0.0
1.3647333333333331,0.0
1.82775,0.0
2.5033,0.0
2.029733333333333,0.0
0.86825,0.0
2.7167,1.7701
0.76575,0.0
0.5429,0.0
0.4496333333333333,0.0
1.0351833333333331,0.0
0.84485,0.0
0.8099666666666666,0.0
0.5827,0.0
0.55235,0.0
4.951316666666666,4.582566666666667
0.4344833333333333,0.01508333333333333
0.4134,0.0
1.66365,0.0
0.75835,0.0
0.7474333333333331,0.0
0.7543166666666666,0.0
0.793883333333333,0.0
0.8008333333333331,0.0
