use,car
0.7962166666666666,0.0
1.1528333333333332,0.0
1.5718333333333332,0.0
1.8834666666666668,0.0
1.5870833333333332,0.0
0.4774166666666666,0.0
0.5626833333333332,0.0
0.45345,0.0
0.4490833333333333,0.0
0.4451,0.0
0.7781,0.0
0.7948333333333331,0.0
0.8388166666666667,0.0
1.9199333333333333,0.0001
1.2791,0.0
1.5813666666666668,0.0
1.357983333333333,0.0
1.41415,0.0
0.7565166666666666,0.0
0.89995,0.0
0.81035,0.0
0.8174666666666666,0.0
0.7750666666666666,0.0
0.8236833333333331,0.0
