use,car
0.53495,0.0
0.43751666666666655,0.0
0.4100833333333333,0.0
0.436,0.0
0.42691666666666656,0.0
0.3742833333333333,0.0
0.3521,0.0
0.4752666666666666,0.0
0.4322666666666666,0.0
0.36355,0.0
0.4765166666666666,0.0
0.3451166666666666,0.0
0.3360166666666666,0.0
0.35795,0.0
0.2978166666666666,0.0
0.34295,0.0
1.7001833333333332,0.0
2.2807666666666666,0.0
3.57705,0.0
2.1098,0.0
1.5516666666666667,0.0
1.0872833333333332,0.0
0.87075,0.0
0.7250333333333332,0.0
