use,car
0.5384,0.0
2.3604166666666666,0.0
2.0155,0.0
2.65885,0.0
1.9621,0.0
1.5236333333333332,0.0
0.852333333333333,0.0
0.43495,0.0
0.7857666666666666,5e-05
0.4379333333333333,0.0
1.2925,0.0
2.130866666666667,0.0
3.5529,0.0
2.919716666666667,0.0
3.350966666666667,0.0
3.12925,0.0
1.5976666666666668,0.0
0.4290333333333333,0.0
1.65635,0.0
2.7941,0.0
2.6883,0.0
1.7637166666666668,0.0
1.8721833333333333,5e-05
1.75545,0.0
