use,car
0.6646166666666666,0.0
0.41255,0.0
0.4047833333333333,0.0
0.3839166666666666,0.0
0.4032333333333333,0.0
0.37656666666666655,0.0
0.3694,0.0
0.4969833333333332,5e-05
0.7838166666666666,0.0
0.40571666666666656,0.0
0.3495166666666666,0.0
0.3663,0.0
0.3490333333333333,0.0
0.3146333333333333,0.0
0.7654,0.0
1.8932833333333332,0.0
3.287783333333333,0.0
3.2238,0.0
3.7046166666666664,0.0
3.879483333333333,5e-05
3.8815166666666663,0.0
2.771333333333333,0.0
2.66665,0.0
1.4383833333333331,0.0
