use,car
0.5116833333333332,0.0
0.49205,0.0
0.42746666666666655,0.0
0.4643,0.0
0.4233833333333333,0.0
0.4222,0.0
0.4683666666666666,0.0
0.40315,0.0
0.7811666666666666,0.0001333333333333333
0.4178333333333333,0.0
0.5452833333333332,0.0
0.4261333333333333,0.0
0.5454666666666667,0.0
0.71435,0.0
1.1839,0.0
3.74785,0.0
2.9936166666666666,0.0
2.7642333333333333,5e-05
3.894983333333333,0.0
4.165966666666667,0.0
3.748,0.0
1.82365,0.0
1.6692833333333332,0.0
1.41,0.0
