use,car
1.9423833333333331,0.0
1.0693,0.0
0.4561333333333333,0.0
0.5228666666666666,0.0
0.44301666666666656,0.0
0.43371666666666653,0.0
0.41995,0.0
0.4245333333333333,0.0
0.67155,0.0
0.5206166666666666,0.0
2.72765,0.0
3.6885666666666665,0.0
3.7431333333333328,0.0
3.818666666666666,0.0
4.00765,0.0
3.8326166666666666,0.0
3.9012,0.0
3.9017166666666663,0.0
4.0849166666666665,0.0
4.08505,0.0
3.7801,0.0
3.7181833333333327,0.0
4.2583166666666665,0.0
2.7992,0.0
