use,car
2.070066666666667,0.0
1.6269166666666668,0.0
1.6629166666666668,0.0
1.6268,0.0
1.6724,0.0
1.3081166666666668,0.0
0.8860833333333331,0.0
0.79665,0.0
1.0864833333333332,5e-05
2.5092166666666667,0.0
0.3737833333333333,0.0
0.36895,0.0
0.3596166666666666,0.0
1.6822666666666668,0.0
4.120833333333333,0.0
4.135016666666666,0.0
4.21175,0.0
4.25045,0.0
4.44005,0.0
4.396983333333333,0.0
4.171316666666667,0.0
4.701866666666667,0.0
4.257816666666667,0.0
3.9726666666666666,0.0
