use,car
1.0143833333333332,0.0
0.4438,0.0
0.5725333333333332,0.0
0.452,0.0
0.44245,0.0
0.43741666666666656,0.0
0.4418333333333333,0.0
0.4430333333333333,0.0
0.7521166666666665,6.666666666666666e-05
0.4671,0.0
0.3702833333333333,0.0
0.3589,0.0
0.9939333333333332,0.0
1.9301166666666667,0.0
3.2354,0.0
3.811433333333333,0.0
3.9295,0.0
4.041683333333332,0.0
4.103183333333333,0.0
4.7066,5e-05
4.2789,0.0
4.10465,0.0
3.9337,0.0
3.9743666666666666,0.0
