use,car
3.4477333333333333,0.0
2.0812,0.0
1.6089833333333332,0.0
1.3533166666666667,0.0
1.1842833333333331,0.0
1.053483333333333,0.0
0.9277333333333332,0.0
0.6311,0.0
0.40476666666666655,0.0
0.5079166666666666,0.0
0.6957,0.0
1.8464833333333333,0.0
4.236833333333333,0.0
4.38065,0.0
4.2928,0.0
4.91365,0.0
5.3284666666666665,0.0
4.4205,0.0
4.227366666666667,0.0
4.4916,0.0
4.11835,0.0
3.9711,0.0
3.9447666666666663,0.0
3.9392333333333327,0.0
