use,car
0.4215,0.0
0.32155,0.0
0.3128333333333333,0.0
0.27465,0.0
0.31175,0.0
0.3342666666666666,0.0
0.5392333333333332,0.0
0.4869833333333332,5e-05
0.4818666666666666,0.0
0.3413833333333333,0.0
0.3796833333333333,0.0
0.3760833333333333,0.0
0.3495333333333333,0.0
0.3147333333333333,0.0
0.3231333333333333,0.0
0.3040833333333333,0.0
0.29715,0.0
0.37505,0.0
0.6598166666666666,0.0
0.5825333333333332,0.0
0.5072666666666666,0.0
0.4835333333333332,0.0
0.7736333333333331,0.0
0.6499333333333333,0.0
