use,car
3.0253,0.0
1.6217833333333331,0.0
1.34935,0.0
1.15505,0.0
0.8667833333333331,0.0
0.80205,0.0
0.43805,0.0
0.6251833333333332,0.0
0.7308333333333332,0.0
0.5042333333333332,0.0
0.4553833333333333,0.0
0.9015833333333332,0.0
1.7420666666666669,0.0
2.86185,0.0
3.960883333333333,0.0
4.095983333333333,0.0
3.9966333333333326,0.0
4.230216666666666,0.0
4.230616666666666,0.0
4.41355,0.0
4.320433333333333,0.0
3.9066333333333327,0.0
4.0006,0.0
3.7368833333333327,0.0
