use,car
3.58395,0.0
3.714833333333333,0.0
3.135183333333333,0.0
1.664216666666667,0.0
1.336733333333333,0.0
1.1544,0.0
0.9088166666666666,0.0
0.8761,0.0
0.70685,5e-05
0.4891833333333332,0.0
0.8665166666666666,0.0
1.5951833333333332,5e-05
2.266033333333333,0.0
3.6606833333333326,0.0
4.018166666666667,0.0
4.081433333333333,0.0
4.194233333333333,0.0
4.4191,0.0
4.68085,0.0
4.4516,0.0
4.0843333333333325,0.0
3.981633333333333,0.0
3.941583333333333,0.0
4.1668666666666665,0.0
