use,car
4.078666666666666,0.0
3.934516666666666,0.0
3.8134666666666663,0.0
3.1776833333333334,0.0
3.6389166666666664,0.0
2.65265,0.0
1.953566666666667,0.0
1.5720166666666668,0.0
2.2893166666666667,0.0
3.4408333333333334,0.0
0.43485,0.0
0.32055,0.0
1.6368666666666667,0.0
3.6030166666666665,0.0
4.10505,0.0
4.35465,0.0
4.5488,0.0
4.503666666666667,0.0
4.67115,0.0
4.625,0.0
4.3837,0.0
4.358266666666666,0.0
4.349033333333333,0.0
4.675883333333333,0.0
