use,car
0.8773166666666666,0.0
0.2946166666666666,0.0
0.3285,0.0
0.431,0.0
0.3245833333333333,0.0
0.32955,0.0
0.3279333333333333,0.0
0.3200666666666666,0.0
0.30025,0.0
0.3565333333333333,0.0
0.3265166666666666,0.0
0.3074,0.0
0.3332833333333333,0.0
0.2919666666666666,0.0
0.3894333333333333,0.0
0.3468166666666666,0.0
0.3050166666666666,0.0
0.33325,0.0
0.2972,0.0
0.3331166666666666,0.0
0.4016833333333333,0.0
0.4489833333333333,0.0
0.4729666666666666,0.0
0.4711833333333332,0.0
