use,car
1.1303666666666667,0.0
0.8982833333333331,0.0
0.5922,0.0
0.4986833333333332,0.0
0.4717166666666666,0.0
0.4619166666666666,0.0
0.4880333333333332,0.0
0.46145,0.0
0.7430333333333331,5e-05
0.5994833333333331,0.0
0.4125833333333333,0.0
0.3727,0.0
0.37801666666666656,0.0
0.55,0.0
0.9486833333333332,0.0
1.6211666666666669,0.0
3.1691333333333334,0.0
3.4545166666666667,0.0
4.085583333333333,0.0
2.7636,0.0
2.2658666666666667,0.0
2.2594,0.0
1.8786166666666668,0.0
1.8304833333333332,0.0
