use,car
2.26925,0.0
1.7058166666666668,0.0
1.415266666666667,0.0
1.1509,0.0
0.869483333333333,0.0
0.65365,0.0
0.4701833333333332,0.0
0.79395,0.0
0.5993833333333332,0.0
0.6438,0.0
0.4577,0.0
0.51805,0.0
0.43291666666666656,0.0
1.3430166666666667,0.0
2.2832166666666667,0.0
3.4163,0.0
3.7725166666666663,0.0
3.7681,0.0
2.83435,0.0
2.171333333333333,0.0001666666666666667
2.569233333333333,0.0
2.141183333333333,0.0
2.41835,0.0
2.2371,0.0
