use,car
1.3624833333333333,0.0
1.0461166666666668,0.0
1.204683333333333,0.0
1.1405,0.0
0.9267,0.0
0.9461666666666664,0.0
0.882633333333333,0.0
0.6953166666666666,0.0
0.8393166666666666,0.00011666666666666668
0.71675,0.0
0.3949,0.0
0.44305,0.0
0.4025333333333333,0.0
0.85475,0.0
1.6431666666666669,0.0
1.1011833333333332,0.0
1.0467333333333333,0.0
1.1800333333333333,0.0
1.6002333333333332,5e-05
1.8702666666666667,0.0
1.7747666666666668,0.0
1.811,0.0
1.8343,0.0
1.73255,0.0
