use,car
1.487766666666667,0.0
1.1684333333333332,0.0
1.7674333333333332,0.0
1.2918833333333333,0.0
1.1625333333333332,0.0
0.9189833333333332,0.0
0.9585833333333332,0.0
0.8242,0.0001333333333333333
0.7421166666666666,0.0
0.5606,0.0
0.5065833333333332,0.0
0.8513,0.0
2.93095,0.0
3.5425666666666666,0.0
3.5808666666666666,0.0
3.6314,0.0
3.66285,0.0
3.16865,0.0
1.9277,0.0
2.3796166666666667,0.0
2.122316666666667,0.0
1.75995,0.0
1.3847333333333331,0.0
1.1109,0.0
