use,car
1.84215,0.0
0.8820166666666666,0.0
0.8537833333333331,0.0
0.6814166666666666,0.0
0.4902333333333332,0.0
0.49795,0.0
0.4762,0.0
0.57605,0.0
0.8156666666666667,0.0
0.59175,6.666666666666666e-05
0.6226333333333331,0.0
0.78435,0.0
0.7268166666666666,0.0
1.6427833333333333,0.0
2.869416666666667,0.0
2.8654333333333333,0.0
3.460933333333333,0.0
4.044783333333333,0.0
3.1399166666666667,0.0
2.71765,0.0
2.7833,0.0
2.0572833333333334,0.0
1.7945833333333332,0.0
1.9151166666666668,0.0
