use,car
1.9063333333333332,0.0
1.4472666666666667,0.0
1.2572666666666668,0.0
1.1961833333333332,0.0
0.8579333333333331,0.0
0.644,0.0
0.4718,0.0
0.4692666666666666,0.0
0.7340333333333332,6.666666666666666e-05
0.6320666666666666,0.0
0.3447,0.0
0.4238,0.0
0.3584166666666666,0.0
0.3481,0.0
0.32585,0.0
0.3553666666666666,0.0
0.3490666666666666,0.0
0.43601666666666655,0.0
0.48535,0.0
0.8251666666666666,0.0
0.8459,0.0
0.8427666666666666,0.0
0.9349333333333332,0.0
0.7921333333333331,0.0
