use,car
1.12,0.0
0.9164333333333332,0.0
1.0133,0.0
0.9015166666666666,0.0
0.5237166666666666,0.0
0.6537,0.0
0.6311833333333332,0.0
0.4802,0.0
0.6412333333333332,0.0
0.6737333333333332,0.0
0.95875,0.0
1.1001166666666669,0.0
1.5353333333333332,0.0
2.38745,0.0
3.3065333333333333,0.0
3.96,0.0
4.196666666666666,0.0
4.333533333333333,0.0
4.30375,0.0
4.2082,0.0
4.377433333333332,0.0
3.4419666666666666,0.0
2.0902,0.0
2.455633333333333,0.0001333333333333333
