use,car
1.6139666666666668,0.0
0.5472333333333332,0.0
0.7245166666666665,0.0
0.8440166666666666,0.0
0.8211833333333332,0.0
0.8382,0.0
0.5069166666666666,0.0
0.6129833333333332,0.0
0.6313,0.00011666666666666668
1.0268166666666667,0.0
0.6293666666666666,0.0
0.41921666666666657,0.0
0.38105,0.0
0.3671,0.0
0.43786666666666657,0.0
0.4838666666666666,0.0
0.7335,0.0
1.0074833333333333,0.0
1.1632166666666668,0.0
1.1616166666666667,0.0
1.6973666666666667,0.0
1.5079,0.0
0.8543,0.0
0.74565,0.0
