use,car
0.6816666666666666,6.666666666666666e-05
0.4513,0.0
0.3008833333333333,0.0
0.3315,0.0
0.2837833333333333,0.0
0.3281833333333333,0.0
0.39301666666666657,0.0
0.3507333333333333,0.0
0.5545833333333332,0.0
0.5509833333333332,0.0001
0.4945833333333332,0.0001
0.41445,0.0
0.4101,0.0
0.3234166666666666,0.0
0.3575666666666666,0.0
0.33505,0.0
0.3299666666666666,0.0
0.43751666666666655,0.0
0.3907,0.0
0.8764,0.0
1.1212166666666668,5e-05
1.0272333333333332,0.0
0.8069,0.0
0.7881,0.0
