use,car
0.6188,0.0
0.6685666666666666,0.0
0.4212166666666666,0.0
0.30835,0.0
0.2994333333333333,0.0
0.42545,0.0
0.55275,0.0
0.6078333333333332,0.0
0.322,0.0
0.3785833333333333,0.0
0.6515,6.666666666666666e-05
0.774,0.0
0.6609,0.0
0.6085333333333331,0.0
0.6972333333333331,0.0
0.7695166666666666,0.0
0.6910333333333332,0.0
0.85535,0.0
0.90695,0.00025
0.3618666666666666,0.0
0.4853166666666666,0.0
0.36505,0.0
0.43711666666666654,0.0
1.06975,8.333333333333332e-05
