use,car
0.40936666666666655,0.0
0.2946833333333333,0.0
0.25195,0.0
0.24985,0.0
0.26015,0.0
0.24945,0.0
0.2511666666666666,0.0
0.2594166666666666,0.0
0.2682333333333333,0.0
0.26915,0.0
0.2719333333333333,0.0
0.3606166666666666,0.0
0.27745,0.0
0.2763666666666666,0.0
0.37761666666666655,0.0
0.2911666666666666,0.0
0.2968833333333333,0.0
0.2761833333333333,0.0
0.2733833333333333,0.0
0.3177666666666666,0.0
0.4042833333333333,0.0
0.4015166666666666,0.0
0.4074333333333333,0.0
0.4086166666666666,0.0
