use,car
0.4173333333333333,0.0
0.2949333333333333,0.0
0.3800333333333333,0.0
0.2898166666666666,0.0
0.33535,0.0
0.38385,0.0
0.3856833333333333,0.0
0.3829333333333333,0.0
0.42925,0.0
0.40926666666666656,0.0
0.2959666666666666,0.0
0.2780166666666666,0.0
0.2803333333333333,0.0
0.3073666666666666,0.0
0.3443833333333333,0.0
0.2962166666666666,0.0
0.29105,0.0
0.2862166666666666,0.0
0.28985,0.0
0.30995,0.0
0.2758833333333333,0.0
0.2841,0.0
0.2736,0.0
0.28415,0.0
