use,car
0.7711,0.0
0.43095,0.0
0.40985,0.0
0.39976666666666655,0.0
0.3953333333333333,0.0
0.3879,0.0
0.3578166666666666,0.0
0.43555,0.0
0.42356666666666654,0.00011666666666666668
0.39285,0.0
0.3202166666666666,0.0
0.301,0.0
0.3187666666666666,0.0
0.4020666666666666,0.0
0.35065,0.0
0.3231,0.0
0.4158333333333333,0.0
0.5010333333333332,0.0
0.5560666666666666,0.0
0.6519166666666666,0.0
0.8662333333333331,0.0
0.8704666666666666,0.0
0.965,0.0
1.06485,6.666666666666666e-05
