use,car
0.6422666666666667,0.0
0.2719166666666666,0.0
0.3603833333333332,0.0
0.3139,0.0
0.3172,0.0
0.3150166666666666,0.0
0.2960166666666666,0.0
0.4547833333333333,5e-05
0.3861833333333333,0.0
0.3579166666666666,0.0
0.3225,0.0
0.4449,0.0
0.35485,0.0
0.3357833333333333,0.0
0.4145333333333333,0.0
0.3508,0.0
0.3399166666666666,0.0
0.9670333333333332,0.0
0.8236,0.0
0.9365666666666664,0.0
0.9722,0.0
0.860483333333333,0.0
0.8963666666666666,0.0
0.8107166666666666,8.333333333333332e-05
