use,car
1.3170833333333332,0.0
0.31555,0.0
0.312,0.0
0.3242166666666666,0.0
0.28935,0.0
0.3343666666666666,0.0
0.4547833333333333,0.0
0.5886833333333332,5e-05
0.40555,0.0
0.52985,0.0
0.3765833333333333,0.0
0.42391666666666655,0.0
0.4324,0.0
0.4502333333333333,0.0
1.64655,0.0
0.5303666666666667,0.0
0.65055,0.0
0.554,0.0
0.5078833333333332,0.0
0.65305,0.0
0.7161166666666666,0.0
0.8990333333333331,6.666666666666666e-05
0.9997833333333332,0.0
0.7025333333333332,0.0
