use,car
0.6065666666666666,0.0
0.45815,0.0
0.3439166666666666,0.0
0.38305,0.0
0.3887333333333333,0.0
0.4444833333333333,0.0
0.3929833333333333,0.0
0.5084666666666666,6.666666666666666e-05
0.5553333333333332,0.0
0.4877166666666666,0.0
0.4657,0.0
0.4295,0.0
0.47545,0.0
0.5069666666666666,0.0
0.4874,0.0
0.4506666666666666,0.0
1.8643666666666667,0.0
3.83665,0.0
3.896833333333333,0.0
1.0250666666666668,0.0
1.04485,0.0002666666666666667
0.9165,0.0
0.7509833333333331,0.0
0.6698166666666666,0.0
