use,car
4.334866666666667,0.0
0.3979333333333333,0.0
0.5103166666666666,0.0
0.4486833333333333,0.0
0.4743166666666666,0.0
0.3974666666666665,0.0
0.41035,0.0
0.5864333333333333,0.0
0.8437166666666666,0.0
0.7890666666666666,0.0
0.7344166666666665,0.0
1.0742,0.0
0.818,0.0
0.9134666666666666,0.0
1.468883333333333,0.0
1.89265,0.0
1.90085,0.0
1.59325,0.0
1.0095,0.0
0.9795166666666664,0.0
0.9825833333333333,0.0
1.0385166666666668,0.0
1.005183333333333,0.0
1.0921833333333333,0.0
