use,car
1.4923166666666667,0.0
1.6459,0.0
3.370816666666667,2.001266666666667
4.760866666666667,3.341133333333333
3.252283333333333,2.280866666666667
0.8467,0.0
1.4064,0.0
1.3007833333333332,0.0
1.3071666666666668,0.0
2.106866666666667,0.0
1.98145,0.0
2.72095,0.0
3.6072,0.0
5.787683333333333,0.0
4.014216666666666,0.0
3.9956,0.0
4.453966666666666,0.0
4.76865,0.0
4.77285,0.0
3.6611166666666666,0.0
3.8567666666666662,0.0
4.3031,0.0
3.7256333333333327,0.0
2.31935,0.0
