use,car
1.3264833333333332,0.0
1.1038,0.0
1.11005,0.0
1.0394166666666669,0.0
0.8649,0.0
1.0666166666666668,0.0
0.6938166666666666,0.0
0.7591333333333331,0.0
1.1755833333333332,0.0
1.5831,0.0
1.9936333333333331,0.0
2.14145,0.0
2.67715,0.0
2.7049333333333334,0.0
3.138783333333333,0.0
3.243133333333333,0.0
3.8776666666666664,0.0
3.9521,0.0
3.7595166666666664,0.0
3.7904,0.0
3.0685,0.0
2.6058833333333333,0.0
1.6963833333333331,0.0
2.1072,0.0
