use,car
2.169383333333333,0.0
1.36705,0.0
1.6434,0.0
1.4562833333333332,0.0
1.1750833333333333,0.0
1.3619666666666668,0.0
1.640183333333333,0.0
1.28345,0.0
1.0273166666666669,0.0
1.1238,0.0
0.9071,0.0
0.9707,0.0
1.2074333333333331,0.0
2.26295,0.0
1.09815,0.0
1.032333333333333,0.0
0.9972166666666664,0.0
1.0337833333333333,0.0
0.9403666666666664,0.0
0.9646666666666665,0.0
1.4523166666666667,0.0
1.8950833333333332,0.0
1.2457833333333332,0.0
1.1496833333333332,0.0
