use,car
1.7768166666666667,0.0
1.3576166666666667,0.0
1.5624333333333331,0.0
1.2352166666666669,0.0
1.16815,0.0
1.0810833333333332,0.0
1.2998666666666667,0.0
1.2432333333333332,0.0
3.233366666666667,0.0
4.3951,0.0
3.59815,0.0
2.7845,0.0
3.159466666666667,0.0
2.310566666666667,0.0
5.116266666666666,0.0
2.013783333333333,0.0
1.1881,0.0
1.6810333333333332,0.0
1.2996333333333332,0.0
1.4135833333333332,0.0
1.1188166666666668,0.0
0.7321166666666665,0.0
0.6887333333333332,0.0
0.6169333333333332,0.0
