use,car
0.66855,0.0
0.4866666666666666,0.0
0.3519,0.0
0.504,0.0
0.4517166666666666,0.0
0.42,0.0
0.74575,0.0
0.8132833333333331,0.0
0.7215333333333332,0.0
0.7515666666666666,0.0
0.7936333333333331,0.0
0.5395166666666666,0.0
0.65445,0.0
0.5497,0.0
0.6091833333333332,0.0
0.5092166666666667,0.0
0.6766166666666666,0.0
0.6531166666666666,0.0
0.8356,0.0
1.1730833333333333,0.0
1.1330666666666669,0.0
2.177583333333333,0.0
1.6295333333333333,0.0
1.0566166666666668,0.0
