use,car
1.1004333333333332,0.0
1.2222333333333333,0.0
1.0464166666666668,0.0
0.9694666666666664,0.0
1.11645,0.0
1.134183333333333,0.0
0.9595833333333332,0.0
0.9305666666666664,0.0
1.0886833333333332,0.0
1.023283333333333,0.0
0.8431,0.0
2.3404166666666666,0.0
1.0031,0.0
1.44435,0.0
0.39765,0.0
1.6971,0.0
1.93055,0.0
1.3801333333333332,0.0
1.0517833333333333,0.0
1.1475666666666668,0.0
1.2721166666666668,0.0
1.62965,0.0
4.191483333333333,2.75815
4.262233333333333,3.3079666666666667
