use,car
3.7357,0.0
3.99185,0.0
3.767283333333333,0.0
4.79535,0.0
3.73455,0.0
3.7420166666666663,0.0
3.7796666666666665,0.0
3.96005,0.0
3.75125,0.0
4.045266666666667,0.0
4.06825,0.0
4.036216666666666,0.0
4.3786,0.0
4.656683333333333,0.0
7.309133333333333,0.0
3.2253333333333334,0.0
0.71305,0.0
1.1443,0.0
2.6119166666666667,0.0
1.1494833333333332,0.0
1.0437,0.0
2.6184333333333334,0.0
1.5648833333333332,0.0
2.7079833333333334,0.0
