use,car
0.15945,0.0
0.18711666666666665,0.0031666666666666666
0.2309,0.048916666666666664
3.3888333333333334,3.272883333333333
3.41315,3.2642333333333333
2.11225,1.9784
0.17945,0.0
0.18186666666666662,0.0
0.2857,0.0
0.3057333333333333,0.0
0.2466333333333333,0.0
0.2125,0.0
0.2356333333333333,0.0
0.36145,0.0
3.154716666666667,0.0
1.1006833333333332,0.0
0.3010666666666666,0.0
0.2670666666666666,0.0
0.3312333333333333,0.0
0.5615,0.0
0.4353166666666666,0.0
0.27975,0.0
0.174,0.0
0.1989,0.0
