use,car
0.90245,0.0
0.6758333333333332,0.0
0.6963166666666666,0.0
0.6435,0.0
0.4906,0.0
0.3387666666666666,0.0
0.32195,0.0
0.19626666666666664,0.004883333333333332
0.2717,0.00315
0.2736666666666666,0.0031
0.3277833333333333,0.0
0.3163,0.0
0.34555,0.0015333333333333332
0.3531666666666666,0.0
0.34815,0.00155
0.3851833333333333,0.0
0.7234166666666665,0.0
0.7016,0.0
0.8836833333333332,0.0
0.82675,0.0
0.6031166666666666,0.0
1.121,0.0
1.7735666666666667,0.00165
1.02975,0.0
