use,car
0.20138333333333328,0.0
0.17381666666666665,0.0
0.17755,0.0
0.19788333333333327,0.0
0.19688333333333327,0.0
0.1729,0.0
0.1718,0.0
0.1834,0.0
0.18663333333333326,0.0
0.17055,0.0
0.2012833333333333,0.0
0.2510666666666666,0.0
0.38115,0.0
0.5171333333333332,0.0
0.46145,0.0
0.4658333333333332,0.0
0.8951333333333331,0.0
0.9740166666666664,0.0
0.9535,0.0
0.8077833333333331,0.0
0.7418333333333331,0.0
0.5485,0.0
0.5555666666666667,0.0
0.55065,0.0
