use,car
0.39081666666666653,0.0
0.3751,0.0
0.382,0.0
0.2293,0.0
0.3983833333333333,0.0
0.21445,0.0
0.2035,0.0
0.19553333333333328,0.0
0.2193,0.0
0.22691666666666666,0.0
0.4075,0.0
0.4296,0.0
0.4589333333333333,0.0
0.4930166666666666,0.0
0.7018333333333332,0.0
0.7043166666666666,0.0
0.88495,0.0
0.8773833333333331,0.0
0.8784666666666666,0.0
0.9811666666666664,0.0
0.8025666666666667,0.0
0.60415,0.0
0.7249,0.0
0.5559,0.0
