use,car
0.55505,0.0
0.40005,0.0
0.5593166666666666,0.0
0.29165,0.0
0.3172666666666666,0.0
0.37485,0.0
0.21198333333333327,0.0
0.21965,0.0
0.38405,0.0
0.2145,0.0
0.4023333333333333,0.0
0.4352833333333333,0.0
0.46705,0.0
0.49705,0.0
0.7091666666666666,0.0
0.7141166666666666,0.0
0.6973333333333332,0.0
0.9962166666666664,0.0
0.9412166666666664,0.0
1.0005333333333333,0.0
0.76355,0.0
0.6525,0.0
0.7056,0.0
0.5552166666666666,0.0
