use,car
0.8857166666666666,0.003
0.8082666666666666,0.0
0.6749333333333332,0.0
0.6876166666666667,0.0138
3.7221666666666664,3.2611
2.9956666666666667,2.4559333333333333
0.4793,0.0
0.40816666666666657,0.0
0.157,0.0
0.18673333333333328,0.0
0.3408666666666666,0.147
3.4866,3.2621
2.4186,2.09315
0.35295,0.0
0.3522333333333333,0.0
0.6333,0.0
0.6423333333333332,0.006466666666666667
0.92865,0.003333333333333333
1.0261,0.00165
1.0463,0.0
1.0025,0.0
1.03095,0.0016
1.7418833333333332,0.0
1.0515,0.00165
