use,car
0.155,0.0
0.17865,0.0
0.1658,0.0
0.1595,0.0
0.18255,0.0
0.1545833333333333,0.0
0.1807833333333333,0.0
0.1479333333333333,0.0
0.1541,0.0
0.17261666666666664,0.0
0.17781666666666665,0.0
0.23,0.0
0.2132,0.0
0.2313,0.0
0.2342,0.0
0.18425,0.0
0.21695,0.0
0.1499333333333333,0.0
0.17366666666666666,0.0
0.1709833333333333,0.0
0.1569,0.0
0.1873,0.0
0.1553333333333333,0.0
0.17506666666666665,0.0
