use,car
0.5241,0.0
0.5086166666666666,0.0
0.5106333333333332,0.0
0.5286333333333332,0.0
0.4997333333333332,0.0
0.5268333333333332,0.0
0.5075666666666666,0.0
0.5050833333333332,0.0
0.5188833333333333,0.0
0.5034166666666666,0.0
0.5518166666666666,0.0
0.5199,0.0
0.52685,0.0
0.55215,0.0
0.5331,0.0
0.5729166666666666,0.0
0.5358333333333332,0.0
0.5202333333333332,0.0
0.5155833333333332,0.0
0.49415,0.0
0.5185333333333332,0.0
0.5082833333333332,0.0
0.50495,0.0
0.5330333333333332,0.0
