use,car
0.7169166666666666,0.0
0.7348833333333332,0.0
0.7022833333333331,0.0
0.69305,0.0
0.7317166666666665,0.0
0.7198,0.0
0.6701666666666666,0.0
0.7596,0.0
0.7296333333333332,0.0
0.6791333333333331,0.0
0.7228666666666665,0.0
0.7352666666666665,0.0
0.6983833333333332,0.0
0.7231666666666665,0.0
0.7577,0.0
0.7391833333333331,0.0
0.7000833333333332,0.0
0.7545333333333331,0.0
0.77075,0.0
0.6739833333333332,0.0
0.7277833333333332,0.0
0.7343,0.0
0.6853,0.0
0.7120666666666666,0.0
