use,car
0.968,0.00041666666666666664
0.66765,0.0
0.7601833333333331,0.0
0.7996,0.0
3.4682,2.9779666666666667
1.3395833333333331,0.8591
0.5090666666666666,0.0
0.60005,0.0
0.6822333333333332,0.0
0.5911166666666666,0.0
0.5934333333333331,0.0
0.60625,0.0
0.5975333333333332,0.0
0.56295,0.0
0.58165,0.0
0.5774333333333332,0.0
0.548,0.0
0.54135,0.0
0.7787166666666666,0.0
1.0221833333333332,0.0018
0.9942333333333332,0.00685
0.97885,0.005116666666666666
0.9473666666666664,0.0
0.8688166666666666,5e-05
