use,car
0.0,0.0
0.0,0.0016
0.0,0.0
0.0,0.0
0.0,2.240133333333333
0.9031833333333332,0.26415
0.6038,0.0
0.9585833333333332,0.0
0.9550166666666664,0.0004333333333333333
0.5426833333333332,0.0
0.6032,0.0
0.6384666666666666,0.0
0.6181,0.0
0.6008,0.0
0.6078333333333332,0.0
0.5956833333333332,0.0
0.5833,0.0
0.5829,0.0
0.6938333333333332,0.0016333333333333332
1.0658666666666667,0.0027833333333333334
1.29665,0.0027833333333333334
1.1913833333333332,0.0
1.1327,0.0
0.51255,0.0014
