use,car
1.94365,0.00175
1.5449666666666668,0.0
1.34565,0.0011666666666666665
1.063683333333333,0.0004333333333333333
4.713483333333333,3.27925
2.4029833333333332,1.4141666666666668
0.9447166666666664,0.0
1.0236,0.0
0.67455,0.0
1.0153,0.0
1.0278333333333332,0.0
1.0063666666666664,0.0
0.99705,0.0
1.0027833333333331,0.0
1.6277,0.0
2.321733333333333,0.0
1.8790333333333331,0.08203333333333332
0.8641833333333331,0.0
1.00545,0.0
0.53655,0.0
1.3747,0.0
3.1185,0.0
2.142866666666667,0.0
1.16505,0.0
