use,car
1.54735,0.0
1.3150333333333333,0.0
0.9360833333333332,0.0
1.2496833333333333,0.0
1.2830833333333331,0.0
0.9419166666666664,0.0
1.4901666666666669,0.0
0.7537666666666666,0.0
0.66745,0.0
0.5829,0.0
0.5282666666666666,0.0
0.55645,0.0
0.59975,0.0
0.5620333333333332,0.0
0.5441333333333332,0.0
1.1268333333333331,0.0
1.34155,0.0
1.34805,0.0
0.95395,0.0
1.6699,0.009666666666666665
4.6228,0.0036833333333333327
3.6610166666666664,0.0018
1.0668,0.0
2.931083333333333,0.0016666666666666666
