use,car
0.7728666666666666,0.0
0.6208666666666666,0.0
0.4851333333333332,0.0
0.5481333333333333,0.0
0.55415,0.0
0.52875,0.0
0.55515,0.0
0.6446333333333332,0.0
0.7292666666666665,0.0
0.5796,0.0
0.64075,0.0
0.6431333333333332,0.0
0.62175,0.0
0.6281,0.0
0.6529166666666666,0.0
0.6410666666666666,0.0
0.5818333333333332,0.0
0.60835,0.0
1.4056333333333333,0.0
1.2719666666666667,0.0018833333333333332
1.3904666666666667,0.00345
1.3607833333333332,0.00345
1.37475,0.0
1.8999333333333333,0.0
