use,car
1.074633333333333,0.0
1.1877666666666669,0.0
0.80835,0.0
1.4211833333333332,0.0
1.2010666666666667,0.0
0.8036,0.0
1.263183333333333,0.0
2.3269333333333333,0.0
1.1693166666666668,0.0
0.8194166666666666,0.0
0.62375,0.0
0.9973666666666664,0.0
1.08675,0.0
0.29025,0.0
1.2174166666666668,0.0
0.9332833333333332,0.0
1.2492833333333333,0.0
0.83545,0.0
0.7868,0.0
1.4013833333333332,0.0
0.6999666666666666,0.0
1.9321,0.0
2.1366666666666667,0.0
2.436533333333333,0.0
