use,car
0.8138166666666666,0.0
1.3551333333333333,0.0
0.70205,0.0
0.6502166666666666,0.0
1.3286833333333332,0.0
0.8702333333333331,0.0
0.9464666666666663,0.0
0.9522166666666664,0.0
1.0228166666666667,0.0
0.39325,0.0
0.9176666666666666,0.0
1.10945,0.0
2.053666666666667,0.0
1.118083333333333,0.0
1.1423666666666668,0.0
0.8689333333333331,0.0
1.4224,0.0
1.427433333333333,0.0
1.168216666666667,0.0
0.9081,0.0
0.6360333333333332,0.0
1.4845333333333333,0.0
1.0010666666666663,0.0
2.2704166666666667,0.0
