use,car
1.03615,0.0
1.4636166666666668,0.0
0.9542166666666664,0.0
0.8514333333333332,0.0
1.44435,0.0
0.77325,0.0
1.0202666666666669,0.0
0.3482,0.0
1.1485333333333332,0.0
0.3242833333333333,0.0
0.9967833333333332,0.0
1.0868166666666668,0.0
0.5504833333333332,0.0
1.2382,0.0
0.86145,0.0
1.3525,0.0
0.8605166666666666,0.0
0.7382,0.0
1.438683333333333,0.0
1.4234,0.0
3.188966666666667,0.0
1.62485,0.0
2.600566666666667,0.0
1.0090166666666665,0.0
