use,car
2.21475,0.0
2.9098,0.0
2.098116666666667,0.0
2.871566666666667,0.0
2.0618166666666666,0.0
2.6832333333333334,0.0
1.7013,0.0
2.7603,0.0
1.7162166666666667,0.0
1.7297833333333332,0.0
0.26385,0.0
0.9149166666666666,0.0
1.1146666666666667,0.0
0.6711166666666666,0.0
0.5397333333333332,0.0
0.5395666666666666,0.0
1.28975,0.0
0.7822,0.0
0.7432833333333331,0.0
1.7539,0.0
1.57795,0.0
1.7205166666666667,0.0
2.11795,0.0
1.9413166666666668,0.0
