use,car
1.5492666666666668,0.0
1.05435,0.0
1.2790666666666668,0.0
1.1374833333333332,0.0
0.6965833333333332,0.0
1.5506333333333333,0.0
0.6844833333333332,0.0
1.29295,0.0
0.2452333333333333,0.0
1.1605333333333332,0.0
0.5737,0.0
1.1312166666666668,0.0
1.1481,0.0
1.45515,0.0
1.4568833333333333,0.0
0.7016833333333332,0.0
1.4232333333333331,0.0
2.32245,0.0
1.7592333333333332,0.0
0.7808,0.0
1.4559166666666667,0.0
1.1859,0.0
2.2371333333333334,0.0
1.4389333333333332,0.0
