use,car
3.335983333333333,0.0
2.5765,0.0
3.2131,0.0
2.4831,0.0
2.4753166666666666,0.0
3.0673,0.0
2.2729666666666666,0.0
1.6254,0.0
0.2532666666666666,0.0
1.3565,0.0
2.95105,0.0
2.1795666666666667,0.0
1.4118333333333333,0.0
0.8255666666666666,0.0
0.7479833333333331,0.0
1.7431333333333332,0.0
1.4408666666666667,0.0
1.302533333333333,0.0
1.0858333333333332,0.0
1.4528333333333332,0.0
2.64585,0.0
3.3872666666666666,0.0
2.7608,0.0
3.4864,0.0
