use,car
1.2980833333333333,0.0
1.2338333333333331,0.0
1.1381333333333332,0.0
2.16455,0.0
0.9882833333333332,0.0
0.9708666666666664,0.0
1.67115,0.0
1.0082833333333332,0.0
1.6412166666666668,0.0
0.69725,0.0
1.3241333333333332,0.0
1.0098666666666665,0.0
1.98645,0.0
1.7889,0.0
0.8734333333333331,0.0
1.3096,0.0
2.1765833333333333,0.0
1.3234333333333332,0.0
1.9582333333333333,0.0
1.68235,0.0
2.195416666666667,0.0
2.10185,0.0
2.1841666666666666,0.0
2.29525,0.0
