use,car
1.9461833333333332,0.0
1.2150666666666667,0.0
1.1518333333333333,0.0
2.01785,0.0
1.1039333333333332,0.0
0.9844333333333332,0.0
1.0450333333333333,0.0
1.5505,0.0
0.86295,0.0
1.83845,0.0
1.9259666666666668,0.0
0.8547166666666666,0.0
0.93795,0.0
1.8384833333333332,0.0
1.17,0.0
1.2881,0.0
1.329616666666667,0.0
1.1748833333333333,0.0
2.308533333333333,0.0
2.2188,0.0
1.6741333333333333,0.0
2.6170666666666667,0.0
2.0500333333333334,0.0
2.522666666666667,0.0
