use,car
0.2662666666666666,0.0
0.8718833333333331,0.0
0.8722666666666666,0.0
0.2563833333333333,0.0
2.09585,0.0
0.9308,0.0
0.9181,0.0
4.3606333333333325,0.0
2.1188333333333333,0.0
1.0457,0.0
2.4102333333333332,0.0
0.37235,0.0
0.96265,0.0
0.9077166666666666,0.0
0.4167833333333333,0.0
0.75355,0.0
0.99955,0.0
0.7566833333333332,0.0
2.0096166666666666,0.0
1.7062833333333332,0.0
1.1740833333333331,0.0
0.49975,0.0
1.1243666666666667,0.0
0.2602,0.0
