use,car
2.9375,0.0
1.4436833333333332,0.0
1.0281833333333332,0.0
1.7317166666666668,0.0
0.8250833333333331,0.0
1.5939,0.0
0.6897,0.0
1.1275666666666668,0.0
0.39026666666666654,0.0
1.8085666666666669,0.0
1.4432,0.0
1.1102333333333332,0.0
0.28225,0.0
1.4537,0.0
0.7976666666666666,0.0
1.2578833333333332,0.0
1.7344666666666668,0.0
0.8349333333333331,0.0
1.1026833333333332,0.0
2.488083333333333,0.0
1.6268,0.0
1.6801,0.0
1.2403833333333332,0.0
2.9582333333333333,0.0
