use,car
1.46705,0.0
0.9008,0.0
0.7214333333333331,0.0
1.4139666666666668,0.0
0.7136,0.0
0.7017166666666667,0.0
1.399233333333333,0.0
1.01065,0.0
0.44751666666666656,0.0
0.91285,0.0
0.3149666666666666,0.0
1.062366666666667,0.0
0.4973666666666666,0.0
0.7545666666666666,0.0
0.5376166666666666,0.0
2.0456,0.0
2.157766666666667,0.0
1.182483333333333,0.0
1.4001333333333332,0.0
0.9153166666666666,0.0
1.9573333333333331,0.0
1.0080833333333332,0.0
0.9233,0.0
2.061,0.0
