use,car
0.2812666666666666,0.0
0.9215333333333332,0.0
0.3642166666666666,0.0
0.83625,0.0
0.656,0.0
0.7371166666666665,0.0
1.0284333333333333,0.0
2.7224166666666667,0.0
3.450633333333333,0.0
2.6295,0.0
1.2458833333333332,0.0
2.2068,0.0
0.5451833333333332,0.0
1.0216166666666668,0.0
0.8597666666666666,0.0
0.2339333333333333,0.0
0.8728666666666666,0.0
0.26855,0.0
0.9151666666666666,0.0
1.7581833333333332,0.0
4.25765,0.0
2.362016666666667,0.0
1.4918166666666668,0.0
1.1955333333333331,0.0
