use,car
0.2718833333333333,0.0
0.9507333333333332,0.0
0.2746833333333333,0.0
1.0799,0.0
0.27795,0.0
0.9541333333333332,0.0
0.2728833333333333,0.0
3.41505,0.0
2.7687,0.0
1.31605,0.0
1.4360833333333332,0.0
0.9125,0.0
0.2885666666666666,0.0
1.0747,0.0
0.9238833333333332,0.0
0.2627333333333333,0.0
0.8821833333333331,0.0
0.2597,0.0
0.9171333333333332,0.0
0.4598,0.0
1.353716666666667,0.0
0.5794166666666666,0.0
1.0319166666666668,0.0
1.18035,0.0
