use,car
0.57185,0.0
0.9409333333333332,0.0
0.5749,0.0
0.67705,0.0
1.0432666666666668,0.0
0.3101666666666666,0.0
1.0865,0.0
2.7912166666666667,0.0
0.7791833333333331,0.0
1.0161666666666664,0.0
1.0117,0.0
0.2947333333333333,0.0
1.7491166666666669,0.0
1.017,0.0
0.9122333333333332,0.0
0.28255,0.0
0.95195,0.0
0.2979833333333333,0.0
1.3571,0.0
0.6433166666666666,0.0
1.2031833333333333,0.0
1.173266666666667,0.0
0.4731833333333332,0.0
1.11895,0.0
