use,car
2.352133333333333,0.0
1.823,0.0
2.2245833333333334,0.0
2.323116666666667,0.0
1.8580333333333332,0.0
1.49075,0.0
3.5821666666666667,0.0
3.0279166666666666,0.0
3.7612166666666664,0.0
2.0483833333333332,0.0
2.1348333333333334,0.0
2.378616666666667,0.0
2.0983666666666667,0.0
2.023233333333333,0.0
1.9820666666666669,0.0
1.6427333333333332,0.0
1.5498166666666668,0.0
1.6778166666666667,0.0
1.6032,0.0
2.2224166666666667,0.0
1.1411833333333332,0.0
2.13345,0.0
1.6794,0.0
1.056,0.0
