use,car
0.95125,0.0
0.2780333333333333,0.0
0.9960666666666664,0.0
0.9349666666666664,0.0
0.2758833333333333,0.0
0.9208833333333332,0.0
0.9318333333333332,0.0
0.3319,0.0
0.9809333333333332,0.0
1.0993,0.0
2.781766666666667,0.0
1.27085,0.0
0.2930666666666666,0.0
1.0710333333333333,0.0
0.97785,0.0
0.3006,0.0
0.9359333333333332,0.0
0.2992833333333333,0.0
0.94195,0.0
0.3207666666666666,0.0
2.3437333333333332,0.0
1.445466666666667,0.0
2.111816666666667,0.0
0.3877833333333333,0.0
