use,car
1.0025833333333332,0.0
1.0884166666666668,0.0
0.3305,0.0
0.9791333333333332,0.0
0.3403,0.0
1.2593,0.0
0.8236666666666665,0.0
1.15185,0.0
0.3394166666666666,0.0
1.0042,0.0
1.0285,0.0
1.1038666666666668,0.0
1.1267833333333332,0.0
0.2911833333333333,0.0
0.9163333333333332,0.0
0.42225,0.0
0.9741,0.0
0.5243666666666666,0.0
0.7038333333333332,0.0
1.3758,0.0
2.4514,0.0
1.214783333333333,0.0
1.8500166666666669,0.0
1.2097166666666668,0.0
