use,car
0.38851666666666657,0.0
0.9339833333333332,0.0
1.01985,0.0
0.2821166666666666,0.0
1.1323333333333332,0.0
0.5462666666666666,0.0
0.77275,0.0
1.0703833333333332,0.0
0.4664666666666666,0.0
0.8824333333333331,0.0
1.1350833333333332,0.0
0.2716166666666666,0.0
1.1475833333333332,0.0
0.9586333333333332,0.0
0.9224333333333332,0.0
0.2845,0.0
0.9504333333333332,0.0
0.2867333333333333,0.0
1.0874833333333331,0.0
1.159,0.0
2.22185,0.0
1.9987,0.0
0.4926333333333332,0.0
1.1273666666666669,0.0
