use,car
1.1572333333333331,0.0
1.3365833333333332,0.0
0.5346,0.0
1.172383333333333,0.0
1.1834333333333331,0.0
0.5242333333333332,0.0
0.9446666666666664,0.0
1.0366,0.0
0.2967,0.0
0.9329,0.0
0.9557333333333332,0.0
0.4233,0.0
0.9645833333333332,0.0
0.9418833333333332,0.0
0.28755,0.0
0.9543,0.0
0.2892333333333333,0.0
0.3080666666666666,0.0
1.0477333333333332,0.0
0.25495,0.0
1.04505,0.0
1.2355666666666667,0.0
2.349283333333333,0.0
0.7736666666666666,0.0
