use,car
1.3858666666666668,0.0
1.4309166666666668,0.0
1.2503666666666668,0.0
1.2253833333333333,0.0
1.3459666666666668,0.0
1.27585,0.0
1.0608833333333332,0.0
1.1158666666666668,0.0
1.1511333333333331,0.0
1.46385,0.0
2.405866666666667,0.0
2.30135,0.0
2.4885,0.0
2.404433333333333,0.0
2.4602166666666667,0.0
3.4657666666666667,0.0
2.97055,0.0
3.367,0.0
2.44635,0.0
2.3216666666666668,0.0
2.9494,0.0
2.3534333333333333,0.0
3.1641,0.0
5.975766666666666,3.4596
