use,car
1.3279,0.0
2.0185666666666666,0.0
1.4038833333333331,0.0
1.0595,0.0
1.1226666666666667,0.0
0.9946166666666664,0.0
1.3449833333333332,0.0
0.9998833333333332,0.0
1.1739,0.0
1.5606,0.0
2.931,0.0
3.06295,0.0
3.295533333333333,0.0
3.1066333333333334,0.0
2.855783333333333,0.0
3.4866,0.0
2.303866666666667,0.0
1.9735833333333332,0.0
2.3911333333333333,0.0
2.406016666666667,0.0
3.549116666666667,0.0
3.8765833333333326,0.0
2.614333333333333,0.0
5.5926,3.5359333333333334
