use,car
1.46625,0.0
1.3548166666666668,0.0
2.102333333333333,0.0
1.1790166666666668,0.0
1.49445,0.0
1.0122,0.0
0.8577666666666666,0.0
1.4523333333333333,0.0
1.1863,0.0
1.7416166666666668,0.0
2.62345,0.0
2.295583333333333,0.0
3.2187,0.0
2.9883333333333333,0.0
3.28585,0.0
5.085733333333333,0.0
4.9936333333333325,0.0
5.04435,0.0
3.0827166666666668,0.0
3.8519166666666664,0.0
2.820116666666667,0.0
3.401383333333333,0.0
2.4840833333333334,0.0001
6.251516666666666,3.5159333333333334
