use,car
2.5232666666666668,0.0
1.2783833333333332,0.0
1.73025,0.0
2.07395,0.0
1.1581666666666668,0.0
1.2144,0.0
1.7194,0.0
1.18135,0.0
1.0339333333333331,0.0
1.1677833333333332,0.0
1.28825,0.0
1.556366666666667,0.0
1.3155333333333332,0.0
1.521116666666667,0.0
1.8484166666666668,0.0
1.5910666666666669,0.0
1.74265,0.0
2.564566666666667,0.0
2.97925,0.0
3.2972333333333332,0.0
2.8315,0.0
2.399116666666667,0.0
2.2823,0.0
2.412033333333333,0.0
