use,car
1.8845166666666668,0.0
3.3217,0.0
2.199416666666667,0.0
1.81805,0.0
2.6041333333333334,0.0
1.5864666666666667,0.0
1.6064166666666668,0.0
2.98355,0.0
1.59505,0.0
3.8638,0.0
4.0045166666666665,0.0
3.1716333333333333,0.0
5.21515,0.0
5.795933333333333,0.0
4.687933333333333,0.0
6.357883333333333,0.0
7.598016666666665,0.0
7.753766666666666,0.0
5.590916666666667,0.0
4.52485,0.0
3.1494666666666666,0.0
4.04915,0.0
4.44635,0.0
2.776266666666667,0.0
