use,car
2.954066666666667,0.0
3.3957333333333333,0.0
1.6083666666666667,0.0
1.678483333333333,0.0
3.028566666666667,0.0
1.4785333333333333,0.0
1.2732166666666669,0.0
2.6568666666666667,0.0
1.55455,0.0
3.220016666666667,0.0
2.7028,0.0
2.8253666666666666,0.0
2.94105,0.0
3.7330666666666663,0.0
2.982066666666667,0.0
3.1575333333333333,0.0
4.676,0.0
5.618766666666667,0.0
3.8979333333333326,0.0
3.6228,0.0
2.2725,0.0
3.23865,0.0
3.703233333333333,0.0
1.8774333333333333,0.0
