use,car
10.123916666666666,6.613833333333333
3.53235,0.0
2.660633333333333,0.0
2.0241833333333332,0.0
3.03915,0.0
1.73235,0.0
2.238833333333333,0.0
1.2053333333333331,0.0
2.316116666666667,0.0
3.0029833333333333,0.0
3.255583333333333,0.0
4.3193166666666665,0.0
5.092266666666666,0.0
5.41105,0.0
6.1662,0.0
10.753616666666666,0.0
14.554433333333332,0.0
14.4115,0.0
11.066016666666666,0.0
7.66815,0.0
9.601283333333331,0.0
6.3943,0.0
8.5725,0.0
4.876766666666667,0.0
