use,car
9.523983333333332,7.0963
3.840983333333333,1.4292333333333331
2.302483333333333,0.0
2.33895,0.0
1.06395,0.0
1.402116666666667,0.0
1.7210833333333333,0.0
1.3337166666666669,0.0
1.80275,0.0
3.34715,0.0
4.410133333333333,0.0
4.104733333333333,0.0
4.6678,0.0
5.46405,0.0
5.45065,0.0
5.2281,0.0029
5.2358,0.0
6.610183333333333,0.0
3.7919,0.0
2.8505333333333334,0.0
2.644566666666667,0.0
2.541533333333333,0.0
2.472433333333333,0.0
5.376833333333333,3.5252166666666667
