use,car
1.4749333333333332,0.0
1.21595,0.0
1.1315166666666667,0.0
1.1323833333333333,0.0
1.226983333333333,0.0
1.1757333333333333,0.0
1.0169333333333332,0.0
1.1624166666666669,0.0
1.4077,0.0
1.5462333333333331,0.0
2.1334666666666666,0.0
2.2008666666666667,0.0
2.709916666666667,0.0
2.43195,0.0
2.5395333333333334,0.0
2.5458333333333334,0.0
2.0311166666666667,0.0
2.5909833333333334,0.0
2.77845,0.0
2.04165,0.0
1.8802166666666669,0.0
1.72145,0.0
1.79265,0.0
1.9670166666666669,0.0
