use,car
1.3294833333333331,0.0
4.528216666666666,2.8029
1.2998833333333333,0.0
1.1644166666666669,0.0
1.1004666666666667,0.0
1.5649,0.0
1.6531166666666668,0.0
1.2996,0.0
2.1699333333333333,0.0
2.713916666666667,0.0
5.848766666666666,0.0
4.012666666666666,0.0
4.829516666666667,0.0
4.7288,0.0
3.8666833333333326,0.0
4.51605,0.0
3.8745166666666666,0.0
4.664416666666666,0.0
4.2235,0.0
2.858,0.0
2.723,0.0
1.8229333333333333,0.0
2.3749333333333333,0.0
5.581783333333333,3.510133333333333
