use,car
3.117316666666667,1.7181833333333332
1.30965,0.0
1.2545333333333333,0.0
1.2612,0.0
1.2379833333333332,0.0
1.5801,0.0
1.68395,0.0
2.4978,0.0
2.17575,0.0
2.27985,0.0
3.8066166666666663,0.0
2.2359166666666668,0.0
2.848266666666667,0.0
2.9271166666666666,0.0
2.7723666666666666,0.0
3.732916666666666,0.0
3.9296166666666665,0.0
5.728133333333333,0.0
6.179883333333333,0.0
2.493916666666667,0.0
2.233416666666667,0.0
2.0004,0.0
1.81995,0.0
3.937783333333333,2.710633333333333
