use,car
8.9234,7.133583333333333
2.7050666666666667,0.8747833333333331
1.5611833333333331,0.0
3.025033333333333,0.0
1.6633166666666668,0.0
1.8442333333333332,0.0
2.368383333333333,0.0
6.703933333333333,0.0
5.74595,0.0
3.9593666666666665,0.0
4.493266666666666,0.0
4.4520833333333325,0.0
5.66665,0.0
4.761716666666667,0.0
5.3639,0.0
5.866016666666666,0.0
6.16145,0.0
5.1341,0.0
3.9852666666666665,0.0
2.12475,0.0
2.6979,0.0
2.7482333333333333,0.0
2.214116666666667,0.0
5.237566666666666,3.55035
