use,car
1.4475166666666668,0.0
1.3608833333333332,0.0
1.405,0.0
1.3165333333333331,0.0
1.4614666666666667,0.0
3.267666666666667,0.0
2.0150333333333332,0.0
2.7493333333333334,0.0
2.773283333333333,0.0
2.460583333333333,0.0
2.382966666666667,0.0
2.457533333333333,0.0
2.3765666666666667,0.0
4.272016666666667,0.0
2.94515,0.0
2.36785,0.0
2.465716666666667,0.0
1.9449333333333332,0.0
1.984,0.0
1.5267333333333333,0.0
1.3981833333333331,0.0
1.4901833333333332,0.0
2.55845,0.0
4.523816666666667,3.0691
