use,car
2.0158,0.0
3.942933333333333,0.0
2.7209,0.0
2.8314166666666667,0.0
2.8155666666666668,0.0
4.047533333333333,0.0
1.917533333333333,0.0
1.3858333333333333,0.0
1.2262,0.0
4.690966666666666,0.0
5.0384,0.0
6.486883333333333,0.0
6.719366666666667,0.0
3.1331333333333333,0.0
3.1694666666666667,0.0
3.2185333333333332,0.0
3.2306833333333334,0.0
2.86295,0.0
2.766233333333333,0.0
2.5640666666666667,0.0
2.628433333333333,0.0
3.62275,0.0
2.56745,0.0
6.13615,3.5681333333333334
