use,car
1.1855833333333332,0.0
1.0926333333333331,0.0
1.1687833333333333,0.0
1.1568333333333332,0.0
1.0696166666666669,0.0
1.1050833333333332,0.0
1.015,0.0
1.18945,0.0
1.1583,0.0
1.3507333333333331,0.0
1.8768166666666668,0.0
1.9437166666666668,0.0
1.9946666666666668,0.0
1.8498,0.0
1.7813333333333332,0.0
1.8543666666666667,0.0
1.635916666666667,0.0
1.4962666666666669,0.0
1.5405833333333332,0.0
2.198566666666667,0.0
2.5923,0.0
1.8391666666666668,0.0
1.7912666666666668,0.0
1.8225,0.0
