use,car
2.1481,0.0
2.0101166666666668,0.0
1.892183333333333,0.0
2.11665,0.0
3.89645,0.0
2.3421,0.0
2.271783333333333,0.0
1.6758,0.0
2.1523166666666667,0.0
2.699733333333333,0.0
4.0456666666666665,0.0
3.181416666666667,0.0
2.709783333333333,0.0
2.7252666666666667,0.0
2.934016666666667,0.0
3.2668166666666667,0.0
3.9745166666666663,0.0
2.36715,0.0
2.3661333333333334,0.0
2.1365166666666666,0.0
2.090066666666667,0.0
2.0921833333333333,0.0
2.03805,0.0
2.1205,0.0
