use,car
1.0574333333333332,0.0
1.093883333333333,0.0
0.9945833333333332,0.0
1.0617,0.0
1.0179333333333331,0.0
1.0463333333333331,0.0
1.2147,0.0
1.0087666666666664,0.0
1.2128666666666668,0.0
1.4418666666666669,0.0
2.413733333333333,0.0
2.452583333333333,0.0
2.5058833333333332,0.0
2.389,0.0
4.1787,0.0
3.387766666666667,0.0
2.907966666666667,0.0
2.4307333333333334,0.0
2.468383333333333,0.0
2.4603,0.0
3.1924,0.0
2.1234333333333333,0.0
2.2184166666666667,0.0
2.2962,0.0
