use,car
1.64595,0.0
1.4328666666666667,0.0
1.4056333333333333,0.0
1.2898666666666667,0.0
1.3591,0.0
1.2494333333333332,0.0
1.16935,0.0
1.102833333333333,0.0
0.9875,0.0
1.7221,0.0
2.504383333333333,0.0
2.7164333333333333,0.0
2.520033333333333,0.0
2.538333333333333,0.0
2.579416666666667,0.0
2.506066666666667,0.0
1.9604166666666667,0.0
1.6632833333333332,0.0
1.9880166666666668,0.0
2.28855,0.0
2.419383333333333,0.0
1.8821333333333332,0.0
1.7463333333333333,0.0
1.9346333333333332,0.0
