use,car
1.33565,0.0
1.2260833333333332,0.0
1.2981333333333331,0.0
1.18725,0.0
1.322566666666667,0.0
1.2600833333333332,0.0
1.0927333333333331,0.0
1.03845,0.0
1.0254333333333332,0.0
1.5399833333333333,0.0
2.25345,0.0
2.3334333333333332,0.0
2.50695,0.0
2.3996666666666666,0.0
2.695883333333333,0.0
2.35155,0.0
1.7802833333333332,0.0
1.4813666666666667,0.0
1.6519666666666668,0.0
1.5910666666666669,0.0
2.436866666666667,0.0
1.70505,0.0
8.4803,6.813533333333333
8.903083333333333,7.22865
