use,car
1.427366666666667,0.0
1.1951833333333333,0.0
1.2772666666666668,0.0
1.22095,0.0
1.2485333333333333,0.0
1.16475,0.0
1.1812333333333331,0.0
0.9794,0.0
1.1181666666666668,0.0
1.497966666666667,0.0
2.2671333333333332,0.0
2.33325,0.0
2.290916666666667,0.0
2.50345,0.0
2.5712333333333333,0.0
2.42115,0.0
1.8184833333333332,0.0
1.389133333333333,0.0
1.5088,0.0
2.41875,0.0
3.7098166666666663,0.0
1.72275,0.0
1.80665,0.0
1.640183333333333,0.0
