use,car
1.4526666666666668,0.0
1.3079666666666667,0.0
7.191133333333333,5.75355
8.5428,7.11275
8.687216666666666,7.1146666666666665
8.664316666666666,7.1546666666666665
8.506666666666666,7.14595
5.3917,3.83415
1.7261666666666668,0.0
1.5158833333333332,0.0
1.98605,0.0
2.1431,0.0
1.8142,0.0
1.6353,0.0
1.6509166666666668,0.0
1.5711166666666667,0.0
2.01535,0.0
2.796333333333333,0.0
2.9583166666666667,0.0
3.68065,0.0
3.235466666666667,0.0
2.8663333333333334,0.0
2.82485,0.0
1.9146833333333333,0.0
