use,car
8.5976,7.078116666666666
7.6468333333333325,6.36335
1.1633833333333332,0.0
1.1458166666666667,0.0
1.1972333333333331,0.0
1.1661166666666667,0.0
1.0042833333333332,0.0
1.04615,0.0
1.048,0.0
1.1810333333333332,0.0
1.617033333333333,0.0
2.407783333333333,0.0
2.54415,0.0
2.60515,0.0
2.375033333333333,0.0
2.396383333333333,0.0
2.1885,0.0
1.6107166666666668,0.0
1.4822166666666667,0.0
2.174366666666667,0.0
1.8327,0.0
1.7318166666666668,0.0
1.5689833333333332,0.0
1.5642,0.0
