use,car
1.7969833333333332,0.0
1.667,0.0
2.33305,0.0
1.4734,0.0
1.2459666666666669,0.0
1.034433333333333,0.0
1.1629,0.0
1.0192333333333332,0.0
1.1518166666666667,0.0
1.2609333333333332,0.0
1.4732166666666668,0.0
2.33595,0.0
2.279116666666667,0.0
2.097166666666667,0.0
3.397133333333333,0.0
2.908316666666667,0.0
2.545433333333333,0.0
3.43805,0.0
2.848316666666667,0.0
2.9259166666666667,0.0
2.8918666666666666,0.0
2.296816666666667,0.0
5.055483333333333,2.5980166666666666
8.8811,7.161633333333333
