use,car
2.9709,2.6773833333333332
0.2556833333333333,0.0
0.2678,0.0
0.2423166666666666,0.0
0.2597,0.0
0.23905,0.0
0.4084333333333333,0.0002
0.37385,0.0001333333333333333
0.3489666666666666,0.0
0.2359166666666666,0.0
0.2531,0.0
0.2394666666666666,0.0
0.23025,0.0
0.2379666666666666,0.0
0.2327,0.0
0.2625166666666666,0.0
0.2317666666666666,0.0
0.3296833333333333,0.0
0.5924166666666666,0.0
0.5208,0.0
0.5826,0.001
0.5718333333333332,0.0
0.5208333333333331,0.0
7.071033333333332,6.021333333333333
