use,car
0.9678666666666664,0.0
1.57475,0.0
1.3077333333333332,0.0
1.5359666666666667,0.0
1.3707333333333331,0.0
1.650283333333333,0.0
5.08715,0.00125
3.228766666666667,0.0
3.80675,0.0
4.44805,0.0
5.7725833333333325,0.0
4.1315,0.0
4.899416666666666,0.0
5.1798166666666665,0.0
4.9531,0.0
4.688866666666667,0.00035
6.268083333333333,0.0
5.560583333333333,0.0
5.432816666666667,0.0
5.828566666666666,0.0
4.548233333333333,0.00025
2.934633333333333,0.0
1.3486166666666668,0.0
1.1969333333333332,0.0
