use,car
2.2377333333333334,0.0
2.05745,0.0
2.04325,0.0
2.0382333333333333,0.0
1.963,0.0
4.86805,0.0
3.5815,0.0010833333333333333
2.9681,0.0
3.16055,0.0
3.3589333333333333,0.0
3.798383333333333,0.0003166666666666667
3.32755,0.0
4.042466666666666,5e-05
2.91175,0.0
2.89855,0.0
2.6637,0.0
2.7815166666666666,0.0
6.252533333333333,0.0
8.914733333333333,0.00011666666666666668
3.7972833333333327,0.0
3.9677833333333328,0.0013833333333333332
2.9031333333333333,0.0
2.6063,0.0
2.185766666666667,0.0
