use,car
3.8565333333333327,0.0
3.458816666666667,0.0
3.3718833333333333,0.0
4.1618,0.0
4.02455,0.0
2.755466666666667,0.0
4.3969,0.0
3.293166666666667,0.0
3.854133333333333,0.0
6.119683333333333,0.0
5.2026666666666666,0.0
6.0683,0.0
6.881166666666666,0.0
6.3928,0.0
6.062966666666666,0.0
6.065233333333333,0.0
5.953083333333333,0.0
7.040416666666666,0.0
7.5415,0.0
6.573666666666666,0.0
6.1603666666666665,0.0
6.171183333333333,0.0
4.543166666666666,0.0
3.3266666666666667,0.0
