use,car
3.705866666666666,0.0
4.76185,0.0
4.6152,0.0
4.815183333333333,0.0
4.744733333333333,0.0
4.3562,0.0
4.8814166666666665,0.0
4.044816666666667,0.0
4.1984,0.0
4.02815,0.0
3.92995,0.0
4.253616666666667,0.0
5.7154,0.0
4.851733333333333,0.0
4.499366666666666,0.0001
5.490366666666667,0.0001
5.393883333333333,5e-05
5.5304,0.0
5.8312,0.0
6.007716666666666,0.0
6.06735,0.0
6.533816666666667,0.0
9.6208,6.066766666666666
9.870083333333332,6.46815
