use,car
6.400716666666667,0.0
8.591183333333333,0.00095
9.088316666666666,0.0
9.100616666666665,0.0
7.89735,0.0
6.3894166666666665,0.0
5.934333333333333,0.0
5.976633333333333,0.0
6.090066666666666,0.0
5.391233333333333,0.0
5.645,0.0
4.232616666666666,0.0
3.8184,0.0
4.6443666666666665,0.0032166666666666663
4.0935,0.0
3.918516666666666,0.0
4.538733333333333,0.0
3.85055,0.0
4.152916666666666,0.0
4.142833333333333,0.0
4.0555,0.0
4.7944,0.12571666666666664
12.81113333333333,6.48235
9.55345,5.12885
