use,car
2.564233333333333,0.0
3.1835,0.0
3.19775,0.0
2.6395666666666666,0.0
3.587566666666667,0.0
4.656516666666667,0.0
4.981166666666667,0.0
4.8911,0.0
5.832883333333333,0.0
4.10455,0.0
3.9621666666666666,0.0
5.49295,0.0
6.0303,0.0
4.987166666666666,0.0
5.274933333333332,0.0
5.44505,0.0
6.0126,0.0
6.31435,0.0
5.870566666666666,0.0
6.354016666666666,0.0003
6.260416666666666,0.0
6.226583333333333,0.0
10.845683333333332,4.9243
5.750733333333333,0.6931
