use,car
1.6495166666666667,0.0
2.4618,0.0
3.316,0.0
2.3825166666666666,0.0
1.5975166666666667,0.0
1.5837,0.0008
3.262366666666667,0.0003
4.75945,0.0
3.3849,0.0
2.696333333333333,0.0
5.728716666666666,0.0
2.798916666666667,0.0
2.7475666666666667,0.0
3.093633333333333,0.0
3.5309666666666666,0.0
3.568833333333333,0.0
5.945683333333333,0.0016333333333333332
5.962816666666666,0.0
5.831216666666666,0.0
6.29335,0.0
4.065783333333333,0.0
3.8667,0.0
3.0219,0.0
1.9995666666666667,0.0
