use,car
2.29405,0.0
2.424666666666667,0.0
2.35635,0.0
2.2434,0.0
2.1510833333333332,0.0
2.1798,0.0
3.0479166666666666,0.0
7.7759,0.0
6.6207,0.0
5.3355,0.0
3.3066833333333334,0.0
3.3247,0.0006666666666666666
2.693966666666667,0.0
3.13875,0.0
3.0342,0.0
2.9978333333333333,0.0
5.3859,0.0
4.722766666666667,0.0
4.12535,0.0
6.1522,0.0
3.54655,0.0
7.342116666666666,4.178066666666666
9.029516666666666,6.374033333333333
3.487166666666667,1.2470166666666669
