use,car
5.038366666666667,3.9075833333333327
1.4557666666666669,0.34865
1.10725,0.0
1.1397666666666668,0.0
1.1288,0.0
1.09295,0.0
1.8060333333333332,0.0
6.4041,0.0
3.2144666666666666,0.0
3.147133333333333,0.0
1.8871833333333332,0.0
2.458,5e-05
1.89135,0.00018333333333333334
1.8739833333333331,0.0
5.446066666666667,0.0
5.393166666666667,0.0
5.3496,0.0
5.3438,0.0
6.652716666666667,0.0
4.34785,0.0
3.4235333333333333,0.0
2.8059833333333333,0.0
2.068783333333333,0.0
1.3851166666666668,0.0
