use,car
1.26295,0.0
2.17345,0.0
1.35535,0.0
1.146,0.0
1.69915,0.0
2.070666666666667,0.0
3.099966666666667,0.0
4.8377,0.0
3.190166666666667,0.0
3.7944,0.0
3.9505,0.0
3.003766666666667,0.0
2.113116666666667,0.0
2.4467166666666667,0.0009333333333333332
2.564233333333333,0.0
2.756683333333333,0.0
3.7005166666666662,0.0
3.293533333333333,0.0
2.364333333333333,0.0
4.939516666666666,0.0
2.4658,0.0
7.434683333333333,5.475983333333333
3.5082166666666668,1.0827833333333332
2.88875,0.05611666666666666
