use,car
2.427583333333333,0.0
1.761183333333333,0.0
1.5825,0.0
1.600766666666667,0.0
1.3580833333333333,0.0
2.23385,0.0
5.4874,0.0
5.472883333333333,0.00255
2.68525,0.0
1.6821666666666668,0.0
2.763,0.0
2.721616666666667,5e-05
2.90035,0.0
2.665166666666667,0.0
2.5597166666666666,0.0
2.5578833333333333,0.0
3.5746,5e-05
3.2514333333333334,0.0
4.705683333333333,0.0
1.5449166666666667,0.0
2.9961333333333333,0.0
2.0835833333333333,0.0
1.4355833333333332,0.0
5.563716666666666,4.396166666666667
