use,car
1.1610166666666668,0.0
1.0849333333333333,0.0
1.03455,0.0
1.0889333333333333,0.0
1.285383333333333,0.0
1.0756,0.0
4.9345,0.0
3.858783333333333,0.0
3.9415333333333327,0.0
3.746,0.0
3.257133333333333,0.0
3.1736166666666668,0.0
3.2772,0.0
2.8820333333333332,0.0
3.8317833333333327,5e-05
5.318,0.0
5.288766666666667,0.0
5.450383333333333,0.0
5.66115,0.0
4.885183333333333,0.0
5.5361666666666665,0.0
2.270316666666667,0.0
1.4021,0.0
1.1519,0.0
