use,car
6.25025,0.0
6.239683333333333,0.0
6.182683333333332,0.0
6.212033333333332,0.0
6.415166666666666,0.0
6.232666666666667,0.0
6.207583333333333,0.0
6.43145,0.0
7.6104,0.0010166666666666666
6.803333333333333,0.0
6.479316666666667,0.0
5.8277,0.0
6.3499,0.0
5.6151833333333325,0.0
6.27015,0.0
8.062383333333333,0.0
7.393116666666666,0.0
5.38635,0.0
4.95105,0.0
5.454266666666666,0.0
5.264483333333333,0.0
5.9340166666666665,0.0
6.587933333333333,0.0
6.372983333333333,0.0
