use,car
0.88125,0.0
0.6100166666666667,0.0
0.60555,0.0
0.54225,0.0
0.52135,0.0
0.5515,0.0
0.6216833333333333,0.0
1.5249166666666667,0.0
1.1343,0.0
0.7535166666666666,0.0
1.8257,0.0
3.142666666666667,0.00045
2.31825,0.0
3.1593666666666667,0.0
4.926266666666667,0.7815666666666666
8.731216666666665,3.352733333333333
3.172533333333333,0.8253
1.0131166666666664,0.0
0.46405,0.0
1.24025,0.0
1.6393,0.0
1.8122333333333331,0.0
1.2916666666666667,0.0
0.6502666666666665,0.0
