use,car
0.5962,0.0
0.8560333333333331,0.2685833333333333
0.6619333333333332,0.0
0.58885,0.0
0.6170666666666667,0.0
0.5921333333333332,0.0
0.55105,0.0
0.90625,0.0
0.9926333333333331,0.0
0.6007,0.0
1.5917666666666668,0.0
1.48355,0.0
1.9559166666666667,0.0
2.2359666666666667,0.0
1.8756833333333331,0.0
1.40835,0.0
2.47215,0.0009
2.971766666666667,0.00075
1.5186,0.00125
2.70835,0.00065
3.1037166666666667,0.0
1.6560666666666668,0.0
1.8860666666666668,0.0
0.9181166666666666,0.0
