use,car
4.551816666666666,3.3461
2.899783333333333,2.4009
0.6425333333333332,0.0
0.617,0.0
0.6104833333333332,0.0
0.5858666666666666,0.0
0.5410333333333333,0.0
0.6665,0.0
2.10995,6.666666666666666e-05
1.774166666666667,0.0
1.5253,0.0
2.361533333333333,0.0003
1.76035,0.0001
1.63575,0.0
0.8225833333333331,0.00025
2.2877,0.0
2.9590666666666667,0.0
2.155616666666667,0.0
4.922783333333332,0.0009333333333333332
1.47365,0.0
1.225833333333333,0.0006
3.6636666666666664,0.0012
1.64475,0.0
1.28715,0.0
