use,car
3.3937166666666667,1.9931666666666668
1.4093666666666669,0.0
1.38385,0.0
1.3153166666666667,0.0
1.4776833333333332,0.2117
1.1169,0.0
1.0921666666666667,0.0
0.4805833333333332,0.0
1.0630833333333332,0.0
1.8154,0.0
0.7509333333333331,0.0
0.73585,0.0
0.7738333333333332,0.0
0.7840166666666666,0.0
0.7937,0.0
1.6755166666666668,0.0
4.8409,0.0
3.2169833333333333,0.0
0.7374333333333332,0.0
0.76195,0.0
0.7738833333333331,0.0
2.30815,0.0
4.965966666666667,0.0
4.391016666666666,0.0
