use,car
3.539833333333333,0.0
4.228566666666667,0.0
2.30995,0.0
2.694433333333333,0.0
2.3636,0.0
1.9765333333333333,0.0
1.9168,0.0
1.9038333333333333,0.0
1.2662166666666668,0.0
0.6470166666666666,0.0
0.6587833333333332,0.0
0.6724,0.0
0.6675,0.0
0.6665666666666666,0.0
3.32495,0.0
4.870866666666666,0.0
3.1973333333333334,0.0
1.59835,0.0
0.9124666666666666,0.0
2.60295,0.0
1.83605,0.0
4.797433333333333,0.0
4.489616666666667,0.0
4.301983333333332,0.0
