use,car
2.9551333333333334,0.0
2.2518,0.0
2.58755,0.0
2.2588,0.0
2.2274833333333333,0.0
2.0534,0.0
0.6022166666666666,0.0
0.5020833333333332,0.0
0.5848333333333332,0.0
0.5593333333333332,0.0
0.5743333333333333,0.0
0.6254166666666666,0.0
0.6259666666666666,0.0
0.6537666666666666,0.0
0.6466666666666666,0.0
2.2661333333333333,0.0
3.208416666666667,0.0
2.5122166666666668,0.0
4.5944666666666665,0.0
3.225566666666667,0.0
2.82635,0.0
2.457133333333333,0.0
3.228883333333333,0.0
1.92435,0.0
