use,car
1.15715,0.0
0.46745,0.0
0.4684666666666666,0.0
0.4602333333333333,0.0
0.4526666666666666,0.0
1.05215,0.0
0.4841333333333332,0.0
0.6495166666666666,0.0
0.7462833333333331,0.0
0.7300833333333332,0.0
0.5128666666666666,0.0
1.2556833333333333,0.0
1.23275,0.0
0.8864833333333331,0.0
0.9064833333333332,0.0
0.3363166666666666,0.0
0.2978666666666666,0.0
0.8816833333333332,0.0
0.9541166666666664,0.0
1.3706,0.0
1.4485,0.0
0.56805,0.0
0.5945166666666666,0.0
0.6925666666666666,0.0
