use,car
1.4211833333333332,0.0
1.2866,0.0018166666666666663
1.1954833333333332,0.0
1.1143166666666668,0.0018166666666666663
1.5571,0.37515
3.9305666666666665,3.34685
3.232266666666667,2.3961
1.3362,0.0
1.2598,0.0
0.3138,0.0
0.3279666666666666,0.0
0.3146333333333333,0.0
1.1333,0.0
2.704016666666667,0.0
0.8748666666666666,0.0
1.6163666666666667,0.0
1.5298166666666668,0.0
2.780266666666667,0.0
1.285383333333333,0.0
2.6481166666666667,0.0
2.5674,0.0
2.5255,0.0
1.44815,0.0
1.44865,0.0
