use,car
2.082,0.0
1.8836,0.0
1.1386833333333333,0.0
1.4604,0.0
1.5762833333333333,0.0
1.09765,0.0
1.1606,0.0
1.3911166666666668,0.0
1.087616666666667,0.0
1.09305,0.0
1.962516666666667,0.0
1.6506333333333332,0.2241
2.178933333333333,0.0
2.29085,0.0
3.0728166666666668,0.0
3.352316666666667,0.0
3.306416666666667,0.0
3.8005333333333327,0.0
1.9450166666666668,0.0
2.93455,0.0072
2.4137166666666667,0.008216666666666666
1.9374166666666668,0.003583333333333333
1.9881666666666669,0.0
1.5244,0.0
