use,car
0.2938,0.0
0.2799,0.0
0.27525,0.0
0.27895,0.0
0.29055,0.0
0.2890666666666666,0.0
0.2755666666666666,0.0
0.2757,0.0
0.288,0.0
0.2974,0.0
1.07355,0.0
1.9866333333333333,0.0
2.024166666666667,0.0
1.2646833333333332,0.0
1.8952666666666669,0.0
2.7994833333333333,0.0
3.00145,0.0
3.961766666666666,0.0
2.439983333333333,0.0
1.72165,0.0
1.3240166666666668,0.0
1.1612166666666668,0.0
1.1504833333333333,0.0
0.3034833333333333,0.0
