use,car
1.0865833333333332,0.0
0.9592166666666664,0.0
0.6546166666666666,0.0
1.3539333333333332,0.0
0.7053,0.0
1.3545333333333331,0.0
0.7222333333333332,0.0
1.3109833333333332,0.0
0.2886,0.0
0.3053333333333333,0.0
0.3275333333333333,0.0
0.3392,0.0
0.3425166666666666,0.0
0.3986333333333333,0.0
0.3245333333333333,0.0
0.32355,0.0
0.3351666666666666,0.0
1.8664833333333333,0.0
2.9633333333333334,0.0
1.97525,0.0
0.3210166666666666,0.0
0.6093666666666666,0.0
2.658333333333333,0.0
1.2576,0.0
