use,car
0.2899833333333333,0.0
0.2958333333333333,0.0
0.29645,0.0
0.2878666666666666,0.0
0.28085,0.0
0.2794,0.0
0.2906,0.0
0.2946166666666666,0.0
0.2881333333333333,0.0
0.2915833333333333,0.0
0.3081166666666666,0.0
0.3323833333333333,0.0
0.4819333333333332,0.0
1.62615,0.0
1.886183333333333,0.0
2.046483333333333,0.0
2.5724,0.0
2.960433333333333,0.0
1.0733333333333333,0.0
0.9904333333333332,0.0
1.0822833333333333,0.0
0.3126166666666666,0.0
0.3122666666666666,0.0
0.2965333333333333,0.0
