use,car
2.48745,1.1384833333333333
1.483,0.0
1.7091833333333333,0.0
1.1144666666666667,0.0
0.4459,0.0
1.07285,0.0
0.44945,0.0
1.0419333333333332,0.0
0.5662,0.0
0.6635666666666666,0.0
0.4885833333333332,0.0
0.4939166666666666,0.0
0.5659333333333332,0.0
0.5894833333333332,0.0
0.9889166666666664,0.0
1.3437333333333332,0.0
0.9280333333333332,0.0
0.3387166666666666,0.0
0.3280833333333333,0.0
2.72075,1.81305
0.7450833333333331,0.0
0.7730833333333331,0.0
1.1888166666666669,0.0
0.9759333333333332,0.0
