use,car
0.5711166666666666,0.0
0.45415,0.0
0.41971666666666657,0.0
0.7034833333333332,0.0
0.4690166666666666,0.0
0.4202833333333333,0.0
0.5480833333333331,0.0
0.57675,0.0
0.4506,0.0
0.72415,0.0
0.4876666666666666,0.0
0.4833833333333332,0.0
0.5872666666666666,0.0
0.8626,0.0
0.5367166666666666,0.0
0.5253,0.0
0.5144,0.0
0.7290333333333332,0.0
0.3335166666666666,0.0
0.2919666666666666,0.0
0.34385,0.0
0.5282666666666666,0.0
0.5304833333333332,0.0
0.5344666666666666,0.0
