use,car
1.45995,0.0
1.2024666666666668,0.0
1.1607333333333332,0.0
0.4718666666666666,0.0
0.7923166666666666,0.0
0.7910166666666666,0.0
0.4661166666666666,0.0
1.2722,0.0
0.6814833333333332,0.0
0.3297666666666666,0.0
0.32145,0.0
0.99525,0.0
1.1777166666666667,0.0
1.7843,0.0
2.025583333333333,0.0
2.623933333333333,0.0
2.518283333333333,0.0
2.178916666666667,0.0
0.5518333333333332,0.0
0.3221833333333333,0.0
0.30545,0.0
0.3323166666666666,0.0
1.4767333333333332,0.0
1.2254166666666668,0.0
