use,car
0.751583333333333,0.0
0.4924833333333332,0.0
0.41265,0.0
0.37695,0.0
0.51015,0.0
0.38415,0.0
0.5275,0.0
0.7388,0.0
0.69845,0.0
0.5288833333333331,0.0
0.63195,0.0
0.4974166666666666,0.0
0.60135,0.0
0.6190333333333332,0.0
0.6655666666666666,0.0
0.50755,0.0
0.5148166666666666,0.0
0.3476166666666666,0.0
0.3140166666666666,0.0
0.55505,0.0
0.5762166666666666,0.0
0.4876,0.0
1.2023666666666668,0.5213333333333332
2.8776333333333333,2.519483333333333
