use,car
0.50555,0.0
0.4712166666666666,0.0
0.38035,0.0
0.3628,0.0
0.3643166666666666,0.0
0.3767333333333333,0.0
0.5063666666666666,0.0
0.4773833333333332,0.0
0.7197666666666666,0.0
1.090566666666667,0.0
0.6904333333333332,0.0
0.45985,0.0
0.5635166666666666,0.0
0.6267166666666666,0.0
0.67255,0.0
0.6121666666666666,0.0
0.40131666666666654,0.0
0.38971666666666654,0.0
0.3268166666666666,0.0
0.2947666666666666,0.0
0.4578,0.0
0.5343166666666666,0.0
0.59865,0.0
0.6521666666666666,0.0
