use,car
0.4796333333333332,0.0
0.7123833333333331,0.0
0.5598,0.0
0.5719333333333332,0.0
0.5920166666666666,0.0
0.5938333333333332,0.0
0.58185,0.0
0.5648333333333332,0.0
0.70015,0.0
0.5690666666666666,0.0
1.1967833333333333,0.0
1.71685,0.0
0.4719166666666666,0.0
0.3462166666666666,0.0
0.3297833333333333,0.0
0.3145,0.0
0.30285,0.0
0.30275,0.0
0.4061,0.0
0.2935166666666666,0.0
0.2991333333333333,0.0
0.2986666666666666,0.0
0.2848166666666666,0.0
0.2778166666666666,0.0
