use,car
1.5023,0.9591166666666664
2.8808,2.4649
0.4588666666666666,0.0
0.4411833333333333,0.0
0.43561666666666654,0.0
0.4314333333333333,0.0
0.45335,0.0
0.6381,0.0
0.7214666666666665,0.0
0.8056833333333331,0.0
0.5031,0.0
0.5064166666666666,0.0
0.6601333333333332,0.0
0.53875,0.0
0.50345,0.0
0.6841,0.0
0.525,0.0
1.4772833333333333,0.0
2.3855,0.0
1.5735833333333331,0.0
0.60675,0.0
0.7338,0.0
0.696,0.0
1.2922333333333331,0.0
