use,car
0.68055,0.0
0.5718,0.0
0.3701833333333333,0.0
0.3696,0.0
0.3591666666666666,0.0
0.3565333333333333,0.0
0.3543,0.0
0.4677333333333332,0.0
0.4914666666666666,0.0
0.6587166666666666,0.0
0.5007333333333333,0.0
0.5386833333333332,0.0
0.5319833333333333,0.0
0.5275166666666666,0.0
0.5300833333333332,0.0
0.7048666666666666,0.0
0.6353,0.0
0.6188666666666666,0.0
0.9151666666666666,0.0
0.79075,0.0
0.54945,0.0
0.5550333333333332,0.0
2.9431333333333334,2.157566666666667
0.8495,0.15501666666666666
