use,car
0.5206166666666666,0.0
0.4838666666666666,0.0
0.39455,0.0
0.36625,0.0
0.37945,0.0
0.36483333333333323,0.0
0.3515833333333333,0.0
0.36658333333333326,0.0
0.37295,0.0
0.39301666666666657,0.0
1.8568666666666669,0.0
3.7914,0.0
0.8044666666666666,0.0
0.67145,0.0
0.4282166666666665,0.0
0.2967,0.0
0.3084666666666666,0.0
0.2964666666666666,0.0
0.3031833333333333,0.0
0.55485,0.0
0.6059333333333332,0.0
3.0930166666666667,0.0
3.3721,0.031966666666666664
3.786,3.34635
