use,car
2.4299,1.9019166666666667
1.997966666666667,1.612766666666667
0.38995,0.0
0.38546666666666657,0.0
0.4242333333333333,0.0
0.48955,0.0
0.38915,0.0
0.6362166666666667,0.0
0.76015,0.0
0.7404166666666666,0.0
0.6986,0.0
0.4794333333333332,0.0
0.59205,0.0
0.6759666666666666,0.0
0.5817666666666667,0.0
0.47745,0.0
0.4875833333333332,0.0
0.4997166666666666,0.0
1.0675,0.0
0.7305166666666665,0.0
0.44105,0.0
0.63055,0.0
0.5885166666666666,0.0
0.5368833333333332,0.0
