use,car
0.4902333333333332,0.0
0.90515,0.0
0.43541666666666656,0.0
0.4335333333333333,0.0
0.4327,0.0
0.4439333333333333,0.0
0.44065,0.0
0.44301666666666656,0.0
0.4500333333333333,0.0
0.4706166666666666,0.0
0.3039166666666666,0.0
0.3299333333333333,0.0
0.7372,0.0
2.175883333333333,0.0
3.51995,0.0
2.4015,0.0
1.8079,0.0
2.639733333333333,0.0
0.8376833333333331,0.0
0.3077833333333333,0.0
0.31905,0.0
0.8374166666666666,0.0
0.8363666666666666,0.0
0.6227833333333332,0.0
