use,car
0.83655,0.0
0.5847333333333332,0.0
0.4238333333333333,0.0
0.4244333333333333,0.0
0.4246833333333333,0.0
0.5644833333333332,0.0
0.6132,0.0
0.69075,0.0
0.6846666666666666,0.0
0.4926333333333332,0.0
0.3502833333333333,0.0
0.3380166666666666,0.0
0.39345,0.0
0.79865,0.0
0.5563166666666666,0.0
0.514,0.0
0.5379333333333332,0.0
0.5052,0.0
0.4671666666666666,0.004933333333333333
0.8102333333333331,0.0018
0.6923166666666666,0.0
0.5575333333333332,0.00175
0.56345,0.0
0.79795,0.0018
