use,car
0.2843166666666666,0.0
0.2769,0.0
0.28155,0.0
0.28575,0.0
0.2790333333333333,0.0
0.2689166666666666,0.0
0.2735166666666666,0.0
0.2849833333333333,0.0
0.2843,0.0
0.2717833333333333,0.0
0.27775,0.0
0.30075,0.0
0.3015,0.0
0.2960833333333333,0.0
0.2947333333333333,0.0
0.3060666666666666,0.0
0.30555,0.0
0.39515,0.0
0.8846833333333332,0.2793166666666666
1.4349,0.06235
5.095783333333332,0.05561666666666666
1.8947,0.05246666666666666
4.41295,0.010066666666666666
1.1870333333333332,0.0
