use,car
0.52355,0.0
0.5386333333333332,0.0
0.5718333333333332,0.0
0.53935,0.0
0.5250666666666666,0.0
0.6353833333333332,0.0003
0.6524166666666666,0.0
0.5789333333333332,5e-05
0.6020833333333332,0.0
0.6337666666666666,0.0
0.51085,0.0
0.50055,0.0
0.50185,0.0
0.5169,0.0
0.73225,0.0
0.7107333333333332,0.0
0.8888,0.0
0.4936833333333332,0.0
0.4956666666666666,0.0
0.48455,0.0
1.0588166666666667,0.0018
1.36135,0.0016
1.30045,0.0
0.5472666666666666,0.0
