use,car
0.6675166666666666,0.10805
0.4920166666666666,0.0
0.54655,0.0
0.5214,0.0
0.52665,0.0
0.5041666666666667,0.0
1.0019,0.0
0.41676666666666656,0.0
0.4408,0.0
0.4164,0.0
0.4525,0.0
0.4237,0.0
0.4438333333333333,0.0
0.4508666666666666,0.0
0.45455,0.0
0.4950333333333332,0.0
0.4641166666666666,0.0
0.4580333333333333,0.0
0.44725,0.0
0.5171166666666666,0.0
0.4870833333333332,0.0
0.5592,0.0
0.5363333333333332,0.0
0.55625,0.0
