use,car
0.5918,0.0
0.5803833333333333,0.0
0.5113,0.0
0.5114166666666666,0.0
0.49365,0.0
0.5128333333333333,0.0
0.4544666666666666,0.0
0.82955,0.0004833333333333333
0.51125,0.0
0.5398,0.0
0.5763833333333332,0.0
0.8515666666666666,0.0
1.00515,0.0001666666666666667
2.5712333333333333,0.0
2.140133333333333,0.0
2.2492,0.0
2.87455,0.0
1.7171,0.0
1.4198,5e-05
1.8469666666666669,0.00065
2.55535,0.0004
1.2418166666666668,0.0007
1.0341333333333331,0.03235
0.76925,0.0
