use,car
0.7229,0.0
0.6769833333333332,0.0
0.6435666666666666,0.0
0.6695333333333332,0.0
0.6327166666666666,0.0
0.62375,0.0
0.0,0.0
0.0,0.0
0.0,0.0
0.0,0.0
0.0,0.0
0.0,0.0
0.0,0.0
0.0,0.0
0.747,0.0
0.8715833333333332,0.0007
1.0214833333333333,0.0002
1.0431666666666668,0.0
1.0154666666666663,0.0
1.1192166666666667,0.0
1.2524,0.0
1.24085,0.0
1.0925333333333331,0.020166666666666663
0.7849833333333331,0.0
