use,car
0.4550333333333333,0.0
0.4560666666666666,0.0
0.4542833333333333,0.0
0.4517666666666666,0.0
0.4733833333333332,0.0
0.4059833333333333,0.0
0.42026666666666657,0.0
0.41325,0.0
0.4648833333333332,0.0
0.3382,0.0
0.36215,0.0
0.35115,0.0
0.2679833333333333,0.00055
0.3046833333333333,0.00145
0.5216,0.0005
0.78535,0.0
0.8659,0.0
0.9375666666666664,0.0
0.4949333333333332,0.0
0.5016333333333332,0.0
0.8003666666666666,0.0
0.9920666666666664,0.0
1.0443,0.0
0.4125833333333333,0.0
