use,car
0.5785166666666666,0.0
0.57325,0.0
0.5733666666666666,0.0
0.5695666666666666,0.0
0.5696666666666667,0.0
0.5671833333333332,0.0
0.7111833333333332,0.0
3.385283333333333,0.0
0.4004833333333333,0.0
0.39031666666666653,0.0
0.3904,0.0
0.38785,0.0
0.38406666666666656,0.0
0.3887,0.0
0.389,0.0
0.3685166666666666,0.0
0.39625,0.0
0.39476666666666654,0.0
0.4363333333333333,0.0
1.9438666666666669,0.0
1.1161833333333333,0.0
1.1660666666666668,0.0
0.92495,0.0
0.5757833333333332,0.0
