use,car
1.4817833333333332,0.0
0.6698333333333332,0.0
1.1048333333333331,0.0
0.6667333333333332,0.0
0.6633333333333332,0.0
0.6557,0.0
1.9634,0.0
1.39385,0.0
0.6491,0.0
0.7253333333333332,0.0
0.7960666666666666,0.0
0.8082,0.0
1.0069833333333331,0.0
3.11355,0.0
1.8581333333333332,0.0
0.6041,0.0
0.6001666666666666,0.0
3.3722833333333333,0.0004
3.353133333333333,0.0
3.007433333333333,0.0
2.26755,0.0
1.9149166666666668,0.0
1.6576666666666668,0.0
0.6478166666666666,0.0
