use,car
7.01835,6.558166666666667
0.5144666666666666,0.1824333333333333
0.4827666666666666,0.0
0.3856,0.0
0.4373,0.0
0.3621166666666666,0.0
0.4866833333333332,0.0
0.6780333333333332,0.0
0.7523333333333331,0.05963333333333332
0.3063,0.0
0.2822666666666666,0.0
0.30355,0.0
0.2953833333333333,0.0
0.2619333333333333,0.0
0.2669,0.0
0.2642333333333333,0.0
0.3201833333333333,0.0
0.30775,0.0
0.36615,0.0
0.2711833333333333,0.0
0.2979833333333333,0.0
0.27335,0.0
0.2709,0.0
0.2694333333333333,0.0
