use,car
0.52155,0.0
0.5151333333333332,0.0
0.5168,0.0
0.5057666666666666,0.0
0.5237333333333332,0.0
0.5158,0.0
0.5381666666666666,0.0
0.611,0.0
0.6936333333333332,0.0
0.70205,0.0
0.5651666666666666,0.0
0.5821666666666666,0.0
1.369916666666667,0.0
2.9759,5e-05
0.3898,0.0002666666666666667
0.3034833333333333,0.0014
0.27805,0.0
0.27685,0.0
1.1558,0.0
1.39525,0.0
1.4836,0.0
1.3213833333333331,0.0004
0.4861333333333332,0.0
0.4616,0.0
