use,car
0.53455,0.0
0.47745,0.0
0.4751833333333332,0.0
0.47195,0.0
0.4735666666666666,0.0
0.477,0.0
0.5753333333333333,0.0
0.5160833333333332,0.0
0.7311,0.0
0.4827333333333332,0.0
0.49775,0.0
0.8436333333333331,0.0
0.6865,0.0
0.7547333333333331,0.0
0.85265,0.0
0.82875,0.0
0.82645,0.0
0.83565,0.0
0.9705666666666664,0.0
0.7456166666666666,0.0
0.90045,0.0
0.8421,0.0006
0.7902666666666666,0.0013666666666666666
0.5219333333333332,0.0
