use,car
0.33275,0.0
0.3167666666666666,0.0
0.3269166666666666,0.0
0.4349333333333333,0.0
0.34555,0.0
0.3038166666666666,0.0
0.2994,0.0
0.29225,0.0
0.2961833333333333,0.0
0.2991166666666666,0.0
0.30295,0.0
0.3137833333333333,0.0
0.3191666666666666,0.0
0.32005,0.0
0.3132333333333333,0.0
0.3181,0.0
0.3203333333333333,0.0
0.3212,0.0
0.3178,0.0
0.30785,0.0
0.3212666666666666,0.0
0.3333833333333333,0.0
0.3318833333333333,0.0
0.3327333333333333,0.0
