use,car
0.40986666666666655,0.0
0.6643666666666665,0.0
0.3997,0.0
0.3936833333333333,0.0
0.5292666666666666,0.0018166666666666663
0.4283,0.0003
0.3958833333333333,0.0
0.4844833333333332,0.0013
0.67145,0.0
0.5751166666666666,0.0
0.8774,0.0
1.1682666666666668,0.0
0.80795,0.0
0.67985,0.02675
0.4094,0.0
0.5854666666666666,0.0
0.7396333333333331,0.0
0.83,0.0010666666666666665
1.05675,0.0
0.9000166666666666,0.0
0.8509166666666667,0.0
0.6694333333333332,0.0
0.6388833333333332,0.0011
0.4096,0.0
