use,car
4.98425,0.0
4.178133333333332,0.0
3.262,0.0
2.8097833333333333,0.0
1.40545,0.0
1.5388666666666668,0.0
4.1458,0.0
3.0975,0.0
2.3809666666666667,0.0
2.54255,0.0
1.82065,0.0
1.4444833333333331,0.0
2.008766666666667,0.0
2.6182166666666666,0.0
4.840233333333333,0.0
2.35345,0.0
2.4135166666666668,0.0
2.030266666666667,0.0
1.9873333333333332,0.0
2.69035,0.0
2.7105,0.0
4.8619666666666665,0.0
9.643733333333332,3.40705
9.267916666666666,3.608733333333333
