use,car
2.180533333333333,0.0
1.83,0.0
1.6183666666666667,0.0
1.4793833333333333,0.0
1.4143333333333332,0.0
1.2059833333333332,0.0
2.781083333333333,0.0
1.8551333333333333,0.0
2.3341333333333334,0.0
4.954583333333333,0.0
4.129333333333332,0.0
3.1133,0.0
2.6603166666666667,0.0
3.4789833333333333,0.0
6.215233333333333,0.0
4.000633333333333,0.0
3.5724,0.0
2.854916666666667,0.0
3.9065,0.0
3.076566666666667,0.0
4.087433333333332,0.0
3.8115833333333327,0.0
3.47575,0.0
3.54885,0.0
