use,car
3.2839,0.0
3.13095,0.0
2.8304,0.0
3.01095,0.0
2.5984166666666666,0.0
2.881333333333333,0.0
3.49695,0.0
3.485666666666667,0.0
3.128566666666667,0.0
3.199066666666667,0.0
2.37375,0.0
4.994116666666667,0.0
5.922583333333333,0.0
6.50965,0.0
6.1695,0.0
6.0211,0.0
5.78955,0.0
7.0332,0.0
5.58105,0.0
3.2768333333333333,0.0
5.72525,0.0
6.09255,0.0
6.42305,0.0
5.016966666666667,0.0
