use,car
1.71905,0.0
1.8376333333333332,0.0
1.3927333333333332,0.0
1.5003333333333333,0.0
1.44865,0.0
1.4383666666666668,0.0
3.5516666666666667,0.0
3.2619333333333334,0.0
2.5141,0.0
2.2342833333333334,0.0
1.8143,0.0
1.0506833333333332,0.0
2.04805,0.0
2.299166666666667,0.0
3.1881666666666666,0.0
4.397116666666666,0.0
7.147233333333332,0.0
7.089416666666667,0.0
6.802483333333333,0.0
6.390916666666667,0.0
5.061716666666666,0.0
3.370433333333333,0.0
2.050883333333333,0.0
1.4078166666666667,0.0
