use,car
1.7440833333333332,0.0
1.81985,0.0
1.4180166666666667,0.0
1.3291166666666667,0.0
1.18495,0.0
1.20395,0.0
2.096033333333333,0.0
1.8926,0.0
1.9267833333333333,0.0
1.5966166666666668,0.0
1.3765833333333333,0.0
4.2212,0.0
5.045183333333333,0.0
5.91125,0.0
6.14335,0.0
6.392433333333333,0.0
7.10325,0.0
3.962983333333333,0.0
4.009616666666666,0.0
3.6339666666666663,0.0
3.861383333333333,0.0
3.244866666666667,0.0
2.80435,0.0
4.305033333333332,0.0
