use,car
3.302283333333333,0.0
1.8087833333333332,0.0
1.3348,0.0
1.1560333333333332,0.0
1.177533333333333,0.0
1.1459333333333332,0.0
2.1536666666666666,0.0
2.4745666666666666,0.0
2.2772,0.0
1.95315,0.0
4.210816666666666,0.0
5.08255,0.0
4.6426333333333325,0.0
2.736533333333333,0.0
4.5042,0.0
4.758916666666666,0.0
2.9922666666666666,0.0
5.74,0.0
4.804433333333333,0.0
4.5586,0.0
5.75225,0.0
5.54645,0.0
3.8921666666666663,0.0
2.7733,0.0
