use,car
1.8875333333333333,0.0
1.8192,0.0
1.2707333333333333,0.0
1.6014833333333331,0.0
1.3894833333333332,0.0
1.3096833333333333,0.0
3.618783333333333,0.0
3.29465,0.0
2.2346,0.0
2.10055,0.0
2.1614,0.0
3.07825,0.0
4.2132,0.0
4.349983333333332,0.0
4.4904,0.0
3.8895666666666666,0.0
6.39,0.0
8.5574,0.2488
10.75848333333333,3.5232666666666668
4.301333333333333,2.1900166666666667
7.211466666666666,0.8119833333333331
4.737483333333333,2.0441333333333334
3.2634,0.02565
2.287333333333333,0.0
