use,car
1.64685,0.0
1.3441333333333332,0.0
1.2567333333333333,0.0
1.1980666666666668,0.0
1.3083833333333332,0.0
1.69345,0.0
1.666483333333333,0.0
1.6944833333333331,0.0
2.25705,0.0
2.5427666666666666,0.0
2.3563,0.0
2.9835333333333334,0.0
3.038116666666667,0.0
2.839833333333333,0.0
3.076516666666667,0.0
3.0749166666666667,0.0
2.6404,0.0
2.895233333333333,0.0
3.691566666666666,0.0
3.58275,0.0
2.6904166666666667,0.0
2.5281833333333332,0.0
2.3371,0.0
1.8219666666666667,0.0
