use,car
1.3474833333333331,0.0
1.4070333333333331,0.0
1.19675,0.0
1.19615,0.0
1.3359166666666669,0.0
1.5858666666666668,0.0
1.9762333333333333,0.0
2.30815,0.0
1.9507,0.0
2.08485,0.0
2.307533333333333,0.0
1.4085166666666669,0.0
1.7233666666666667,0.0
1.73185,0.0
1.5848833333333332,0.0
1.42745,0.0
1.7528,0.0
2.21345,0.0
3.270016666666667,0.0
2.55135,0.0
1.9968,0.0
2.3976,0.0
2.451833333333333,0.0
1.593,0.0
