use,car
1.0422,0.0
1.07075,0.0
1.1382166666666669,0.0
1.0834333333333332,0.0
1.1595,0.0
1.1925,0.0
2.0194,0.0
1.6664333333333332,0.0
1.5843333333333331,0.0
1.69545,0.0
1.7868666666666668,0.0
1.9277,0.0
1.7200833333333332,0.0
1.9283833333333331,0.0
1.4741166666666667,0.0
2.208216666666667,0.0
2.61255,0.0
2.5805833333333332,0.0
2.3471,0.0
2.3253666666666666,0.0
2.632083333333333,0.0
2.6081,0.0
2.133783333333333,0.0
1.35425,0.0
