use,car
1.8765,0.0
1.4913166666666668,0.0
1.4535833333333332,0.0
1.4299666666666668,0.0
1.4230833333333333,0.0
1.6744166666666669,0.0
2.3083666666666667,0.0
1.8398166666666669,0.0
2.2268166666666667,0.0
2.0380333333333334,0.0
1.98275,0.0
1.6122166666666669,0.0
1.6643,0.0
1.6085166666666668,0.0
1.6215,0.0
1.7818833333333333,0.0
2.2486,0.0
2.808266666666667,0.0
2.654516666666667,0.0
2.4621166666666667,0.0
2.1822,0.0
4.20845,0.0
3.074466666666667,0.0
2.6685833333333333,0.0
