use,car
0.0,0.0
2.59925,0.0
1.9627,0.0
1.0704,0.0
1.6960166666666667,0.0
2.17615,0.0
0.0,0.0
0.0,0.0
1.7908166666666667,0.0
2.3994666666666666,0.0
2.38175,0.0
2.620283333333333,0.0
2.6817333333333333,0.0
3.2211,0.0
4.15385,0.0
6.666016666666667,0.0
6.83585,0.0
5.1132833333333325,0.0
6.47415,0.0
7.099683333333333,0.0
8.96825,0.0
8.074866666666665,0.0
10.3414,0.0
14.05065,0.0
