use,car
0.0,0.0
8.409066666666666,0.0
6.389266666666666,0.0
0.9799833333333332,0.0
0.0,0.0
0.0,0.0
1.4361333333333333,0.0
0.0,0.0
2.0845333333333333,0.0
0.0,0.0
1.2165166666666667,0.0
0.0,0.0
1.3715166666666667,0.0
1.95025,0.0
0.0,0.0
2.476566666666667,0.0
0.0,0.0
2.3823333333333334,0.0
2.00965,0.0
2.2297333333333333,0.0
1.9607,0.0
2.266366666666667,0.0
1.9851,0.0
1.5891833333333332,0.0
