use,car
1.3638666666666668,0.0
1.10475,0.0
1.130966666666667,0.0
1.2238666666666669,0.0
1.43195,0.0
0.0,0.0
1.641133333333333,0.0
0.0,0.0
2.714833333333333,0.0
1.8004,0.0
1.94945,0.0
0.0,0.0
1.9506666666666668,0.0
1.7664333333333333,0.0
0.0,0.0
1.63865,0.0
1.6899333333333333,0.0
2.9109,0.0
3.2941166666666666,0.0
4.344283333333332,0.0
2.7996833333333333,0.0
2.5849333333333333,0.0
1.9066833333333333,0.0
1.3064166666666668,0.0
