use,car
0.0,0.0
1.2953666666666668,0.0
1.24665,0.0
1.145,0.0
0.0,0.0
0.8768166666666666,0.0
2.985133333333333,0.0
0.0,0.0
9.347616666666665,0.0
9.382566666666666,0.0
3.161833333333333,0.0
2.7737166666666666,0.0
0.0,0.0
2.353066666666667,0.0
0.0,0.0
2.1786166666666666,0.0
2.7023333333333333,0.0
1.87785,0.0
1.7946166666666667,0.0
0.0,0.0
1.47955,0.0
0.0,0.0
0.0,0.0
1.05765,0.0
