use,car
1.0006333333333333,0.0
0.9618666666666664,0.0
0.7521666666666667,0.0
0.7903333333333331,0.0
0.81365,0.0
0.8193333333333331,0.0
0.0,0.0
1.4859666666666669,0.0
2.043066666666667,0.0
0.0,0.0
1.7876,0.0
1.7276,0.0
1.6393333333333333,0.0
1.6773,0.0
1.8106,0.0
2.4262333333333332,0.0
2.883516666666667,0.0
2.4277,0.0
1.8657666666666668,0.0
1.7494,0.0
1.91525,0.0
2.0196,0.0
0.0,0.0
1.0387666666666668,0.0
