use,car
0.8876,0.0
0.0,0.0
1.1964666666666668,0.0
1.3099833333333333,0.0
0.0,0.0
0.0,0.0
2.245133333333333,0.0
2.241766666666667,0.0
2.554583333333333,0.0
1.8220833333333333,0.0
0.0,0.0
2.285683333333333,0.0
1.61605,0.0
1.7098666666666669,0.0
1.7720333333333331,0.0
2.441066666666667,0.0
3.2424166666666667,0.0
3.5194666666666667,0.0
3.07455,0.0
3.0724,0.0
0.0,0.0
10.146683333333332,0.0
9.416916666666665,0.0
9.378366666666665,0.0
