use,car
2.3624,0.0
2.35255,0.0
2.3298666666666668,0.0
2.323183333333333,0.0
2.4021,0.0
2.57995,0.0
2.2346166666666667,0.0
2.7246333333333332,0.0
1.9215666666666669,0.0
1.9739833333333332,0.0
2.2595,0.0
1.4291333333333331,0.0
1.4514833333333332,0.0
1.9522166666666667,0.0
2.2043833333333334,0.0
2.568033333333333,0.0
3.03295,0.0
3.2692666666666668,0.0
2.1926,0.0
2.466966666666667,0.0
2.7167833333333333,0.0
2.3865,0.0
1.9841,0.0
1.647166666666667,0.0
