use,car
1.3366,0.0
1.301,0.0
1.4029,0.0
1.28805,0.0
1.56375,0.0
2.125233333333333,0.0
2.198633333333333,0.0
2.545933333333333,0.0
2.483833333333333,0.0
2.1083333333333334,0.0
1.75485,0.0
1.920483333333333,0.0
2.5109,0.0
2.8910666666666667,0.0
2.958016666666667,0.0
2.7592166666666667,0.0
3.16845,0.0
4.190533333333333,0.0
3.436533333333333,0.0
3.2317666666666667,0.0
3.35385,0.0
2.5946,0.0
1.8372166666666667,0.0
1.4181,0.0
