use,car
1.0526833333333332,0.0
0.99075,0.0
0.9369333333333332,0.0
0.8728,0.0
0.9166166666666666,0.0
1.3368166666666668,0.0
1.1658166666666667,0.0
1.3261333333333332,0.0
1.7155,0.0
1.7548666666666668,0.0
1.6807166666666669,0.0
2.1613333333333333,0.0
2.116566666666667,0.0
1.69085,0.0
2.3000166666666666,0.0
2.1429,0.0
1.53925,0.0
2.1656166666666667,0.0
1.63715,0.0
1.6828666666666667,0.0
1.63475,0.0
1.661333333333333,0.0
1.7038833333333332,0.0
1.4619,0.0
