use,car
1.47155,0.0
1.3757333333333333,0.0
1.3411833333333332,0.0
1.2878333333333332,0.0
1.5473,0.0
1.7102666666666668,0.0
1.7497166666666668,0.0
2.052916666666667,0.0
1.9244333333333332,0.0
1.951733333333333,0.0
1.9587333333333332,0.0
2.3793333333333333,0.0
2.481583333333333,0.0
2.602316666666667,0.0
2.1974,0.0
2.2898,0.0
2.246233333333333,0.0
2.7365666666666666,0.0
2.9774833333333333,0.0
3.202783333333333,0.0
2.3218666666666667,0.0
2.53785,0.0
1.7576166666666668,0.0
1.6070833333333332,0.0
