use,car
3.0104333333333333,0.0
1.37415,0.0
1.18925,0.0
1.2068,0.0
1.0317166666666668,0.0
1.1103666666666667,0.0
1.97195,0.0
1.7038166666666668,0.0
1.6669,0.0
2.1902666666666666,0.0
3.5311833333333333,0.0
2.315116666666667,0.0
2.180566666666667,0.0
2.24995,0.0
2.0801333333333334,0.0
2.4634,0.0
2.2514,0.0
1.97275,0.0
3.13695,0.0
3.2492666666666667,0.0
2.897333333333333,0.0
1.8642,0.0
1.7978333333333332,0.0
1.3662666666666667,0.0
