use,car
1.65155,0.0
1.6419333333333332,0.0
1.5619166666666668,0.0
1.3844166666666669,0.0
1.4218,0.0
2.0386333333333333,0.0
1.695633333333333,0.0
1.35145,0.0
1.6087333333333331,0.0
1.26425,0.0
1.63875,0.0
2.010816666666667,0.0
1.7618833333333332,0.0
2.001916666666667,0.0
2.9559333333333333,0.0
3.992683333333333,0.0
3.559816666666667,0.0
3.293416666666667,0.0
2.9236833333333334,0.0
4.605133333333333,0.0
4.300633333333333,0.0
3.423766666666667,0.0
2.925933333333333,0.0
2.1593666666666667,0.0
