use,car
1.3637,0.0
1.336566666666667,0.0
1.1354333333333333,0.0
1.1917666666666669,0.0
1.1183,0.0
1.5456333333333332,0.0
2.480033333333333,0.0
1.47675,0.0
1.6812,0.0
2.090666666666667,0.0
1.6523166666666669,0.0
1.788,0.0
2.2861333333333334,0.0
2.5877166666666667,0.0
2.368066666666667,0.0
1.7889166666666667,0.0
1.2832333333333332,0.0
1.3160666666666667,0.0
2.1314,0.0
2.688333333333333,0.0
2.871366666666667,0.0
2.0245333333333333,0.0
1.8222833333333333,0.0
1.4075166666666667,0.0
