use,car
2.145966666666667,0.0
2.0797,0.0
1.8937,0.0
1.9130166666666668,0.0
1.5578166666666668,0.0
1.5496333333333332,0.0
1.9367833333333333,0.0
1.9651833333333333,0.0
1.746,0.0
1.9175666666666669,0.0
2.018333333333333,0.0
1.346933333333333,0.0
1.4243,0.0
1.7169333333333332,0.0
2.4358833333333334,0.0
4.970366666666666,0.0
6.193766666666666,0.0
2.229016666666667,0.0
2.0096166666666666,0.0
2.127816666666667,0.0
2.642066666666667,0.0
2.0810833333333334,0.0
3.285333333333333,0.0
1.49115,0.0
