use,car
1.1617833333333332,0.0
1.1250666666666669,0.0
1.0756,0.0
1.0541,0.0
3.78255,0.0
8.203066666666665,0.0
8.042666666666666,0.0
8.270283333333333,0.0
8.89105,0.0
5.813233333333333,0.0
1.9150833333333332,0.0
2.3670166666666668,0.0
2.51665,0.0
1.817583333333333,0.0
1.67395,0.0
2.00105,0.0
2.2178166666666668,0.0
1.7621666666666669,0.0
1.8623166666666668,0.0
2.120966666666667,0.0
2.192766666666667,0.0
2.2514333333333334,0.0
2.367166666666667,0.0
1.4107166666666668,0.0
