use,car
1.8041166666666668,0.0
1.7231833333333333,0.0
1.66075,0.0
1.6568333333333332,0.0
1.5932833333333332,0.0
1.9339166666666667,0.0
1.8368166666666668,0.0
1.6946333333333332,0.0
1.7059,0.0
2.27805,0.0
2.125566666666667,0.0
2.46045,0.0
2.344383333333333,0.0
2.55145,0.0
2.1214,0.0
2.1904166666666667,0.0
2.3930333333333333,0.0
2.871783333333333,0.0
2.6646666666666667,0.0
2.4619666666666666,0.0
2.388,0.0
2.079283333333333,0.0
1.6045166666666668,0.0
1.4753833333333333,0.0
