use,car
1.0982,0.0
1.0107,0.0
1.0756333333333332,0.0
0.9855,0.0
0.9948166666666663,0.0
0.9983166666666664,0.0
1.777383333333333,0.0
2.520633333333333,0.0
2.9643333333333333,0.0
1.91825,0.0
1.89285,0.0
2.34735,0.0
2.2589333333333332,0.0
2.03285,0.0
2.2232166666666666,0.0
1.6515,0.0
1.8007,0.0
1.567683333333333,0.0
1.5920166666666669,0.0
2.152416666666667,0.0
2.0545,0.0
1.7625666666666668,0.0
1.1638666666666668,0.0
1.1048833333333332,0.0
