use,car
2.8811,0.0
2.29405,0.0
2.07415,0.0
1.9057,0.0
1.9503833333333331,0.0
1.547,0.0
1.2641166666666668,0.0
1.0556,0.0
2.279233333333333,0.0
2.67955,0.0
1.9185833333333333,0.0
2.2538,0.0
2.3008333333333333,0.0
2.201283333333333,0.0
2.9654833333333332,0.0
4.052216666666666,0.0
4.759283333333332,0.0
5.491966666666666,0.0
4.5214,0.0
1.9912666666666667,0.0
2.253233333333333,0.0
2.135266666666667,0.0
1.8256333333333332,0.0
2.0551833333333334,0.0
