use,car
9.93715,3.604883333333333
9.9724,3.615633333333333
9.3901,3.6296333333333326
3.122816666666667,1.6919333333333333
2.001,0.0
1.849883333333333,0.0
1.7525,0.0
1.7907,0.0
1.6036333333333332,0.0
2.747816666666667,0.0
3.190466666666667,0.0
3.295666666666667,0.0
2.629016666666667,0.0
2.7204333333333333,0.0
3.912833333333333,0.0
3.4856,0.0
5.915816666666666,0.0
4.880633333333333,0.0
4.408683333333332,0.0
4.2104833333333325,0.0
4.45395,0.0
4.247066666666666,0.0
3.48205,0.0
5.4089,0.0
