use,car
5.38775,0.0
5.028083333333333,0.0
4.0098,0.0
3.101166666666667,0.0
2.3205666666666667,0.0
1.5738833333333333,0.0
4.515066666666667,0.0
3.395783333333333,0.0
2.34,0.0
1.88205,0.0
1.53475,0.0
1.338,0.0
1.5851166666666667,0.0
1.623033333333333,0.0
1.70895,0.0
1.7857,0.0
3.2708666666666666,0.0
3.6462,0.0
3.1760333333333333,0.0
4.7626833333333325,0.0
4.747816666666666,0.0
5.8193166666666665,0.0
5.8129833333333325,0.0
5.44175,0.0
