use,car
0.8128,0.0
0.15075,0.0
0.8424833333333331,0.0
0.1336833333333333,0.0
0.7903666666666666,0.0
0.1432333333333333,0.0
0.21866666666666665,0.0
0.67295,0.0
0.42446666666666655,0.0
1.0364166666666668,0.0
0.80045,0.0
1.8450666666666669,0.0
1.1198833333333331,0.0
1.660216666666667,0.0
1.5896,0.0
1.6787,0.0
1.69515,0.0
1.5634666666666668,0.0
1.7771333333333332,0.0
1.6265666666666667,0.0
1.3640166666666669,0.0
1.2590333333333332,0.0
1.1868333333333332,0.0
1.2050333333333332,0.0
