use,car
0.2832666666666666,0.0
0.19621666666666665,0.0
0.21056666666666665,0.0
0.18628333333333327,0.0
0.16295,0.0
0.2804333333333333,0.0
0.22146666666666665,0.0
0.2985166666666666,0.0
0.41096666666666654,0.00035
0.7937333333333331,0.0001
0.2349333333333333,0.0
0.37966666666666654,0.0
0.27095,0.0
0.22756666666666664,0.0
0.26785,0.0
2.002133333333333,0.0
2.3792666666666666,0.0
0.4204,0.0
0.67185,0.00045
0.6358,0.0
2.758783333333333,0.0
0.44171666666666654,0.0
0.3221833333333333,0.0
0.28495,0.0
