use,car
0.282,0.0
0.25895,0.0
0.2523333333333333,0.0
0.18885,0.0
2.054933333333333,1.8759333333333332
1.622866666666667,1.4631
0.43106666666666654,0.0
0.42575,0.00011666666666666668
0.41205,0.0
0.5583333333333332,0.0
0.2899666666666666,0.0
0.3728,0.0
0.2701333333333333,0.0
0.6214166666666666,0.0
0.4680666666666666,0.0
0.7836333333333331,0.0
0.2465,0.0
0.20468333333333327,0.0
0.2945333333333333,0.00055
0.4322833333333333,0.0
0.4569,0.0
0.3695833333333333,0.0
0.34525,0.0
0.2885,0.0
