use,car
0.2604,0.0
0.14191666666666666,0.0
0.2388,0.0
0.23925,0.0
0.18925,0.0
0.2392,0.0
0.1653,0.0
0.5172166666666665,0.0
0.4880166666666666,0.0
0.19703333333333328,0.0
0.22183333333333327,0.0
0.15725,0.0
0.3153833333333333,6.666666666666666e-05
0.2458166666666666,0.0
0.2131,0.0
0.3120833333333333,0.0
0.3685666666666666,0.0001333333333333333
0.4977666666666666,0.0
0.5132166666666667,0.00055
0.6790333333333332,0.0
0.5475666666666666,0.0
0.40895,0.0
0.3561833333333333,0.0
0.44975,0.0
