use,car
0.3869166666666666,0.0
0.17805,0.0
0.22498333333333329,0.0
0.1361833333333333,0.0
0.2228,0.0
0.1355833333333333,0.0
0.2273833333333333,0.0
0.30635,0.0
0.8194,0.0
0.27855,0.0
0.2547833333333333,0.0
0.3834833333333333,0.0
0.4703,0.0
0.3024,0.0
0.14355,0.0
0.14726666666666666,0.0
0.2511166666666666,0.0
0.3115333333333333,0.0006666666666666666
0.9086833333333332,0.0
0.49095,0.00055
0.6002,0.0
0.37651666666666656,0.0
0.4408,0.0
0.3372,0.0
