use,car
0.16095,0.0
0.18335,0.0
0.19293333333333326,0.0
0.18181666666666663,0.0
0.16086666666666666,0.0
0.17895,0.0
0.19081666666666666,0.0
0.5664833333333332,0.0004
0.35905,0.0
0.2709833333333333,0.0
0.2757333333333333,0.0
0.4433833333333333,0.0
0.3483833333333333,0.0
0.4060833333333333,0.0
0.3651166666666666,0.0
0.5023666666666666,0.0
0.39286666666666653,0.0
1.9064333333333332,0.0015833333333333333
1.69825,0.0016
1.71045,0.0013
0.44996666666666657,0.0
1.28555,5e-05
1.16435,0.0001
0.19335,0.0
