use,car
0.17346666666666666,0.0
0.1712333333333333,0.0
0.1492,0.0
0.14631666666666665,0.0
0.17235,0.0
0.1700833333333333,0.0
0.14765,0.0
0.2615333333333333,0.0
0.1892,0.0
0.169,0.0
0.14856666666666665,0.0
0.1430333333333333,0.0
0.16851666666666665,0.0
0.1705833333333333,0.0
0.1526,0.0
0.1424333333333333,0.0
0.168,0.0
0.18545,0.0
0.3623166666666666,0.0
0.36418333333333325,0.0
0.34095,0.0
0.3305833333333333,0.0
0.17816666666666664,0.0
0.13715,0.0
