use,car
0.16836666666666664,0.0
0.1669333333333333,0.0
0.15491666666666665,0.0
0.2942666666666666,0.0
0.20078333333333329,0.0
0.1545333333333333,0.0
0.13476666666666665,0.0
0.2822666666666666,0.0
0.1848,0.0
0.1476333333333333,0.0
0.1413833333333333,0.0
0.165,0.0
0.16555,0.0
0.1458,0.0
0.1425333333333333,0.0
0.16535,0.0
0.16526666666666665,0.0
0.1624333333333333,0.0
0.3538666666666666,0.0
0.3907333333333333,0.0
0.3404,0.0
0.3080833333333333,0.0
0.17011666666666664,0.0
0.16601666666666665,0.0
