use,car
0.21303333333333327,0.0
0.2201,0.0
0.21253333333333327,0.0
0.18876666666666664,0.0
0.20753333333333326,0.0
0.22078333333333328,0.0
0.21698333333333328,0.0
0.4049,0.00015
0.8866,0.0
0.6760666666666666,0.0
1.325,0.0
0.4088,0.0
0.20896666666666666,0.0
0.5773666666666666,0.00021666666666666668
0.3192333333333333,0.0
0.3172166666666666,0.0
0.3514833333333333,0.0
0.31635,0.0
0.63625,0.00035
0.49675,5e-05
1.040266666666667,0.0007
0.2394666666666666,0.0
0.21965,0.0
0.19113333333333327,0.0
