use,car
0.0,2.38855
0.0,1.2143
0.0,0.006
0.0,0.006
0.0,0.006
0.0,0.006
0.0,0.006
0.0,0.006
0.0,0.006
0.0,0.006
0.0,0.006
0.0,0.006
0.0,0.006
0.0,0.006
0.0,0.006
0.0,0.006
0.0,0.005983333333333333
0.0,0.00555
0.0,0.006
0.0,2.3512166666666667
0.0,0.005816666666666666
0.0,0.005216666666666666
0.0,0.0059
0.0,0.006
