use,car
0.0,0.006
0.0,0.006
0.0,0.006
0.0,0.006
0.0,0.006
0.0,0.006
0.0,0.006
0.0,0.006
0.0,0.006
0.0,0.006
0.0,0.006
0.0,0.006
0.0,0.006
0.0,0.006
0.0,0.006
0.0,0.006
0.0,0.005866666666666667
0.0,0.005983333333333333
0.0,0.005983333333333333
0.0,1.6529166666666668
0.0,3.364116666666667
0.0,3.3607
0.0,3.112233333333333
0.0,0.08015
