use,car
0.0,0.006
0.0,0.006
0.0,0.006
0.0,0.006
0.0,0.006
0.0,0.006
0.0,0.006
0.0,0.006
0.0,0.006
0.0,0.006
0.0,0.006
0.0,0.005983333333333333
0.0,0.005866666666666667
0.0,0.006
0.0,0.006
0.0,0.006
0.0,0.005916666666666666
0.0,0.005933333333333333
0.0,0.005983333333333333
0.0,0.0058
0.0,0.005716666666666667
0.0,0.005983333333333333
0.0,0.006
0.0,0.006
