use,car
0.0,0.006
0.0,0.006
0.0,0.006
0.0,0.006
0.0,0.006
0.0,0.006
0.0,0.006
0.0,0.006
0.0,0.006
0.0,0.006
0.0,0.005933333333333333
0.0,0.00575
0.0,0.005633333333333333
0.0,0.0057666666666666665
0.0,0.0056166666666666665
0.0,0.005983333333333333
0.0,0.0059
0.0,0.005383333333333333
0.0,0.005833333333333333
0.0,0.0055
0.0,0.005816666666666666
0.0,0.006
0.0,0.006
0.0,0.006
