use,car
0.0,0.006
0.0,0.006
0.0,0.006
0.0,0.006
0.0,0.006
0.0,0.006
0.0,0.006
0.0,0.006
0.0,0.006
0.0,0.006
0.0,0.005916666666666666
0.0,0.0055833333333333325
0.0,0.005316666666666667
0.0,0.005783333333333333
0.0,0.0055
0.0,0.005333333333333333
0.0,0.005266666666666666
0.0,0.005233333333333333
0.0,0.005983333333333333
0.0,0.00525
0.0,0.005966666666666666
0.0,0.006
0.0,0.006
0.0,0.006
