use,car
0.0,0.006
0.0,0.006
0.0,0.006
0.0,0.006
0.0,0.006
0.0,0.005983333333333333
0.0,0.005833333333333333
0.0,0.006
0.0,0.006
0.0,0.005916666666666666
0.0,0.005916666666666666
0.0,0.005983333333333333
0.0,0.005816666666666666
0.0,0.005666666666666666
0.0,0.005966666666666666
0.0,0.005966666666666666
0.0,0.006
0.0,0.005883333333333332
0.0,0.005866666666666667
0.0,2.73585
0.0,0.3044666666666666
0.0,0.006
0.0,0.006
0.0,0.006
