use,car
0.0,0.006
0.0,0.00585
0.0,0.006
0.0,0.006
0.0,0.006
0.0,0.006
0.0,0.006
0.0,0.005866666666666667
0.0,0.006
0.0,0.006
0.0,0.00575
0.0,0.0057333333333333325
0.0,0.0059
0.0,0.0053
0.0,0.0052
0.0,0.005266666666666666
0.0,0.005983333333333333
0.0,0.005966666666666666
0.0,1.2501666666666669
0.0,3.36725
0.0,3.3642333333333334
0.0,3.358083333333333
0.0,0.9220166666666666
0.0,0.006
