use,car
0.0,0.006
0.0,0.006
0.0,0.006
0.0,0.006
0.0,0.006
0.0,0.006
0.0,0.006
0.0,0.005916666666666666
0.0,0.006
0.0,0.006
0.0,0.006
0.0,0.006
0.0,0.0053
0.0,0.005266666666666666
0.0,0.005033333333333333
0.0,0.00505
0.0,0.005483333333333333
0.0,0.005033333333333333
0.0,0.005866666666666667
0.0,0.0055833333333333325
0.0,3.714
0.0,1.63195
0.0,0.005966666666666666
0.0,0.006
