use,car
0.0,0.006
0.0,0.006
0.0,0.005916666666666666
0.0,0.006
0.0,0.006
0.0,0.006
0.0,0.006
0.0,0.006
0.0,0.006
0.0,0.006
0.0,0.006
0.0,0.006
0.0,0.005966666666666666
0.0,0.005316666666666667
0.0,0.00545
0.0,0.005883333333333332
0.0,0.0052
0.0,0.00505
0.0,0.0053
0.0,1.4723333333333333
0.0,2.921883333333333
0.0,1.2353666666666667
0.0,3.7368833333333327
0.0,0.9451
