use,car
0.0,0.006
0.0,0.006
0.0,0.006
0.0,0.006
0.0,0.006
0.0,0.006
0.0,0.0057666666666666665
0.0,0.006
0.0,0.005933333333333333
0.0,0.0059
0.0,0.7986166666666666
0.0,3.3554166666666667
0.0,1.282333333333333
0.0,0.006
0.0,0.005983333333333333
0.0,0.005983333333333333
0.0,0.006
0.0,0.006
0.0,0.005816666666666666
0.0,0.9048333333333332
0.0,3.7267166666666665
0.0,0.33765
0.0,0.006
0.0,0.006
