use,car
0.0,0.006
0.0,0.006
0.0,0.006
0.0,0.006
0.0,0.006
0.0,0.006
0.0,0.006
0.0,0.006
0.0,0.006
0.0,0.006
0.0,0.006
0.0,0.006
0.0,0.0058
0.0,0.005483333333333333
0.0,0.0057666666666666665
0.0,0.005983333333333333
0.0,0.0057
0.0,0.00545
0.0,0.00555
0.0,0.006
0.0,0.006
0.0,0.006
0.0,0.006
0.0,0.00595
