use,car
0.0,0.0057
0.0,0.005
0.0,0.005666666666666666
0.0,0.005983333333333333
0.0,0.006
0.0,0.005983333333333333
0.0,0.006
0.0,0.00575
0.0,0.005716666666666667
0.0,0.005833333333333333
0.0,0.005983333333333333
0.0,0.005933333333333333
0.0,0.005333333333333333
0.0,0.00505
0.0,0.005216666666666666
0.0,0.005083333333333333
0.0,0.005
0.0,0.005
0.0,0.005533333333333333
0.0,0.00585
0.0,3.6762833333333327
0.0,3.7566166666666665
0.0,2.3764333333333334
0.0,0.005933333333333333
