use,car
0.0,0.7383666666666666
0.0,3.72695
0.0,1.4817166666666668
0.0,0.006
0.0,0.006
0.0,0.006
0.0,0.005883333333333332
0.0,0.006
0.0,0.005866666666666667
0.0,0.005883333333333332
0.0,0.006
0.0,0.005966666666666666
0.0,0.005866666666666667
0.0,0.006
0.0,0.006
0.0,0.006
0.0,0.006
0.0,0.005916666666666666
0.0,0.005683333333333333
0.0,0.00595
0.0,0.006
0.0,1.9703333333333333
0.0,3.36165
0.0,3.35645
