use,car
0.0,0.005716666666666667
0.0,0.005816666666666666
0.0,0.005916666666666666
0.0,0.006
0.0,0.006
0.0,0.006
0.0,0.006
0.0,0.006
0.0,0.006
0.0,0.00585
0.0,0.0057666666666666665
0.0,0.006
0.0,0.0057333333333333325
0.0,0.00585
0.0,0.006
0.0,0.005833333333333333
0.0,0.005566666666666667
0.0,0.0059
0.0,0.005933333333333333
0.0,2.3507333333333333
0.0,1.5357166666666668
0.0,0.005883333333333332
0.0,0.005966666666666666
0.0,0.00595
