use,car
0.0,2.1367166666666666
0.0,2.662316666666667
0.0,0.006
0.0,0.006
0.0,0.006
0.0,0.006
0.0,0.006
0.0,0.005883333333333332
0.0,0.006
0.0,0.006
0.0,0.006
0.0,0.006
0.0,0.006
0.0,0.006
0.0,0.006
0.0,0.006
0.0,0.006
0.0,0.005816666666666666
0.0,0.006
0.0,2.5021
0.0,0.05796666666666666
0.0,0.006
0.0,0.006
0.0,0.006
