use,car
0.0,0.00595
0.0,0.006
0.0,0.005966666666666666
0.0,0.006
0.0,0.006
0.0,0.006
0.0,0.005816666666666666
0.0,0.006
0.0,0.006
0.0,0.006
0.0,0.006
0.0,0.006
0.0,0.006
0.0,0.005983333333333333
0.0,0.006
0.0,0.006
0.0,0.006
0.0,0.006
0.0,0.006
0.0,1.9204333333333332
0.0,3.7316666666666665
0.0,3.7366833333333327
0.0,1.5494
0.0,0.006
