use,car
0.0,0.006
0.0,0.006
0.0,0.006
0.0,0.006
0.0,0.006
0.0,0.006
0.0,0.005933333333333333
0.0,0.006
0.0,0.006
0.0,0.006
0.0,0.006
0.0,0.006
0.0,0.006
0.0,0.006
0.0,0.006
0.0,0.006
0.0,0.006
0.0,0.0059
0.0,0.0058
0.0,1.7967333333333333
0.0,2.1908166666666666
0.0,0.006
0.0,0.006
0.0,0.006
