use,car
0.0,0.006
0.0,0.006
0.0,0.006
0.0,0.006
0.0,0.006
0.0,0.006
0.0,0.006
0.0,0.006
0.0,0.006
0.0,0.006
0.0,0.006
0.0,0.006
0.0,0.0057333333333333325
0.0,0.005916666666666666
0.0,0.006
0.0,0.5285
0.0,1.63985
0.0,0.0059
0.0,0.0056166666666666665
0.0,0.005933333333333333
0.0,0.005983333333333333
0.0,0.006
0.0,0.006
0.0,0.006
