use,car
0.0,0.006
0.0,0.006
0.0,0.006
0.0,0.006
0.0,0.006
0.0,0.006
0.0,0.005866666666666667
0.0,0.006
0.0,0.006
0.0,0.005933333333333333
0.0,0.006
0.0,0.006
0.0,0.006
0.0,0.006
0.0,0.006
0.0,0.006
0.0,0.006
0.0,0.005866666666666667
0.0,0.005883333333333332
0.0,2.7598833333333332
0.0,2.3921333333333332
0.0,0.006
0.0,0.006
0.0,0.006
