use,car
0.0,0.006
0.0,0.006
0.0,0.006
0.0,0.006
0.0,0.006
0.0,0.006
0.0,0.005916666666666666
0.0,0.006
0.0,0.005866666666666667
0.0,0.006
0.0,0.006
0.0,0.006
0.0,0.005883333333333332
0.0,0.006
0.0,0.006
0.0,0.006
0.0,0.006
0.0,0.006
0.0,0.00585
0.0,0.006
0.0,1.5083666666666669
0.0,3.7308166666666662
0.0,3.707
0.0,0.08898333333333333
