use,car
0.0,0.006
0.0,0.006
0.0,0.006
0.0,0.006
0.0,0.006
0.0,0.006
0.0,0.006
0.0,0.006
0.0,0.006
0.0,0.006
0.0,0.006
0.0,0.006
0.0,0.006
0.0,0.00585
0.0,0.006
0.0,0.006
0.0,2.9393333333333334
0.0,0.006
0.0,2.3179
0.0,3.362566666666667
0.0,3.3558166666666667
0.0,1.0855
0.0,0.006
0.0,0.006
