use,car
0.0,0.006
0.0,0.005883333333333332
0.0,0.0055833333333333325
0.0,0.0054
0.0,0.0053
0.0,0.005266666666666666
0.0,0.005383333333333333
0.0,0.00535
0.0,0.005266666666666666
0.0,0.0055
0.0,0.005366666666666666
0.0,0.0054333333333333326
0.0,0.0051
0.0,0.005416666666666666
0.0,0.0056166666666666665
0.0,0.0054666666666666665
0.0,0.005416666666666666
0.0,0.005183333333333333
0.0,0.00515
0.0,0.8306833333333331
0.0,3.352816666666667
0.0,0.59865
0.0,0.0057333333333333325
0.0,0.005983333333333333
