use,car
0.0,0.00555
0.0,0.00555
0.0,0.0055
0.0,0.005483333333333333
0.0,0.00535
0.0,0.005483333333333333
0.0,0.005366666666666666
0.0,0.005383333333333333
0.0,0.005216666666666666
0.0,0.005166666666666667
0.0,0.005333333333333333
0.0,0.0054
0.0,0.0054333333333333326
0.0,0.005683333333333333
0.0,0.00555
0.0,0.0055
0.0,0.0055
0.0,0.005483333333333333
0.0,0.0056166666666666665
0.0,0.5634833333333332
0.0,3.3590833333333334
0.0,1.3163166666666668
0.0,0.0055
0.0,0.005666666666666666
