use,car
0.0,0.006
0.0,0.006
0.0,0.006
0.0,0.006
0.0,0.006
0.0,0.006
0.0,0.006
0.0,0.006
0.0,0.006
0.0,0.005966666666666666
0.0,0.006
0.0,0.006
0.0,0.005816666666666666
0.0,0.006
0.0,0.006
0.0,0.006
0.0,0.006
0.0,0.006
0.0,0.005833333333333333
0.0,0.005683333333333333
0.0,0.005966666666666666
0.0,0.006
0.0,0.006
0.0,0.0059
