use,car
0.0,0.4833666666666666
0.0,3.7219833333333328
0.0,1.1891166666666668
0.0,0.005233333333333333
0.0,0.005033333333333333
0.0,0.005
0.0,0.005
0.0,0.005
0.0,0.004983333333333333
0.0,0.005216666666666666
0.0,0.006
0.0,0.005933333333333333
0.0,0.005816666666666666
0.0,0.00585
0.0,0.005933333333333333
0.0,0.00555
0.0,0.005183333333333333
0.0,0.005383333333333333
0.0,0.005133333333333333
0.0,0.00515
0.0,0.3317
0.0,1.6395333333333333
0.0,0.0055
0.0,0.00565
