use,car
0.0,0.006
0.0,0.006
0.0,0.006
0.0,0.006
0.0,0.006
0.0,0.006
0.0,0.006
0.0,0.006
0.0,0.006
0.0,0.006
0.0,0.006
0.0,0.005983333333333333
0.0,0.00585
0.0,0.006
0.0,0.3321833333333333
0.0,3.3599666666666668
0.0,3.355766666666667
0.0,0.4940333333333332
0.0,0.00585
0.0,0.0058
0.0,0.00595
0.0,0.006
0.0,0.006
0.0,0.006
