use,car
0.0,0.006
0.0,0.006
0.0,0.006
0.0,0.006
0.0,0.006
0.0,0.006
0.0,0.006
0.0,0.006
0.0,0.006
0.0,0.006
0.0,0.006
0.0,0.006
0.0,0.006
0.0,0.006
0.0,0.006
0.0,0.006
0.0,0.005983333333333333
0.0,0.0057
0.0,0.0057333333333333325
0.0,2.1710833333333333
0.0,1.8519
0.0,0.005933333333333333
0.0,0.006
0.0,0.006
