use,car
2.0857666666666668,0.0
1.8924,0.0
1.5741666666666667,0.0
1.8239666666666667,0.0
1.5554666666666668,0.0
1.3616833333333331,0.0
1.6382666666666668,0.0
3.679566666666666,0.0
3.051,0.0
3.1283,0.0
2.76545,0.0
2.879833333333333,0.0
3.474466666666667,0.0
3.9651833333333326,0.0
4.004716666666666,0.0
4.1695,0.0
3.983683333333333,0.0
4.548583333333333,0.0
4.46895,0.0
5.496533333333333,0.0
3.6043166666666666,0.0
2.914433333333333,0.0
2.558933333333333,0.0
2.6487166666666666,0.0
