use,car
1.6276666666666668,0.0
1.5140833333333332,0.0
1.5163166666666668,0.0
1.6036666666666668,0.0
1.269,0.0
1.68195,0.0
1.604,0.0
1.7416666666666667,0.0
1.3129666666666668,0.0
1.615916666666667,0.0
1.77575,0.0
2.20645,0.0
2.4926166666666667,0.0
2.71195,0.0
2.8640166666666667,0.0
3.388066666666667,0.0
3.481316666666667,0.0
3.423983333333333,0.0
2.7322333333333333,0.0
2.521166666666667,0.0
2.164816666666667,0.0
2.2997666666666667,0.0
1.9592833333333333,0.0
2.004383333333333,0.0
