use,car
2.345016666666667,0.0
2.2896,0.0
1.7986333333333333,0.0
1.6035,0.0
1.94315,0.0
1.6633,0.0
1.677366666666667,0.0
3.2380166666666668,0.0
2.8718,0.0
2.1010833333333334,0.0
2.236616666666667,0.0
2.604216666666667,0.0
2.4983,0.0
2.8099166666666666,0.0
2.883166666666667,0.0
3.4623833333333334,0.0
3.4888,0.0
3.8249,0.0
3.24405,0.0
3.318766666666667,0.0
2.954133333333333,0.0
2.6487833333333333,0.0
2.187616666666667,0.0
2.0789166666666667,0.0
