use,car
1.5210833333333331,0.0
1.2575833333333333,0.0
1.4216833333333332,0.0
1.1176666666666668,0.0
1.7525166666666667,0.0
1.3547333333333331,0.0
1.0308666666666668,0.0
1.9136,0.0
2.143816666666667,0.0
2.1409,0.0
2.4004333333333334,0.0
2.8974333333333333,0.0
2.9317333333333333,0.0
2.662033333333333,0.0
2.825133333333333,0.0
2.79445,0.0
2.564366666666667,0.0
2.9280666666666666,0.0
3.294366666666667,0.0
3.88055,0.0
2.618116666666667,0.0
2.2688,0.0
2.180416666666667,0.0
1.7041166666666667,0.0
