use,car
2.1081833333333333,0.0
2.172333333333333,0.0
1.9458166666666667,0.0
1.7990833333333331,0.0
1.9212,0.0
1.8355333333333332,0.0
1.5879833333333333,0.0
1.725933333333333,0.0
3.8078666666666665,0.0
3.0928666666666667,0.0
2.304383333333333,0.0
2.4541166666666667,0.0
2.8039,0.0
3.2929,0.0
3.5435,0.0
3.600483333333333,0.0
3.901633333333333,0.0
3.0399333333333334,0.0
3.3589,0.0
3.7115333333333327,0.0
2.935766666666667,0.0
3.1403833333333333,0.0
2.62545,0.0
2.322483333333333,0.0
