use,car
1.9578,0.0
1.63255,0.0
1.8536666666666668,0.0
1.9067166666666668,0.0
1.5351833333333331,0.0
1.9582833333333332,0.0
4.031933333333333,0.0
3.78775,0.0
3.6413666666666664,0.0
3.9409833333333326,0.0
4.807516666666666,0.0
3.6849166666666666,0.0
4.7847,0.0
4.18905,0.0
3.73935,0.0
4.225866666666667,0.0
4.24475,0.0
4.6893,0.0
4.4872,0.0
3.705883333333333,0.0
5.444366666666666,0.0
3.0849333333333333,0.0
2.6842,0.0
2.580616666666667,0.0
