use,car
2.738716666666667,0.0
2.1409,0.0
1.6632,0.0
2.678383333333333,0.0
1.6438166666666667,0.0
1.0647333333333333,0.0
1.08875,0.0
0.90785,0.0
3.27435,0.0
4.60935,0.0
4.523633333333333,0.0
7.085766666666666,0.0
6.8499333333333325,0.0
5.8670833333333325,0.0
7.2313166666666655,0.0
7.7412,0.0
5.484366666666666,0.0
3.74255,0.0
2.9857666666666667,0.0
3.32745,0.0
15.715866666666665,0.0
22.252233333333333,0.0
20.45473333333333,0.0
20.8801,0.0
