use,car
2.8208,0.0
2.1298,0.0
2.1109666666666667,0.0
1.1201333333333332,0.0
2.1214833333333334,0.0
1.11685,0.0
1.2666,0.0
2.3842833333333333,0.0
4.253966666666666,0.0
5.212016666666666,0.0
4.916966666666666,0.0
4.772466666666666,0.0
6.709216666666666,0.0
7.3032,0.0
6.976,0.0
7.3945,0.0
6.160033333333333,0.0
6.371616666666666,0.0
5.941066666666666,0.0
6.9819,0.0
20.458333333333332,0.0
18.756216666666663,0.0
18.45218333333333,0.0
17.8465,0.0
