use,car
6.803366666666666,0.0
6.641033333333333,0.0
2.4160666666666666,0.0
1.71765,0.0
1.7311333333333332,0.0
1.3578333333333332,0.0
1.1218,0.0
1.2516,0.0
3.2009333333333334,0.0
3.109166666666667,0.0
3.8069166666666665,0.0
3.7384,0.0
5.5764,0.0
16.27338333333333,0.0
19.9023,0.0
21.1113,0.0
17.1459,0.0
20.83068333333333,0.0
19.39473333333333,0.0
12.00625,0.0
4.1498833333333325,0.0
5.359783333333333,0.0
6.67185,0.0
2.4732833333333333,0.0
