use,car
1.2114666666666667,0.0
2.1786833333333333,0.0
2.528566666666667,0.0
1.9998333333333331,0.0
2.326783333333333,0.0
2.372916666666667,0.0
1.9792,0.0
2.7980666666666667,0.0
4.31225,0.0
4.6453,0.0
4.329433333333332,0.0
5.02835,0.0
7.1098833333333324,0.0
9.35765,0.0
10.343683333333331,0.0
9.78603333333333,0.0
9.093416666666666,0.0
8.524583333333332,0.0
8.375883333333332,0.0
10.608116666666666,0.0
8.896366666666665,0.0
7.6312,0.0
5.99265,0.0
5.210066666666666,0.0
