use,car
3.6341833333333327,0.0
2.5036,0.0
2.529333333333333,0.0
2.47495,0.0
1.74315,0.0
1.7406666666666668,0.0
1.8516666666666668,0.0
2.3309,0.0
4.434,0.0
5.347916666666666,0.0
5.115716666666667,0.0
4.879416666666667,0.0
7.470133333333333,0.0
10.50825,0.0
10.467783333333331,0.0
9.17265,0.0
9.9703,0.0
10.435916666666666,0.0
9.187466666666666,0.0
7.514933333333333,0.0
6.736266666666666,0.0
6.862733333333333,0.0
6.242933333333333,0.0
15.742616666666665,0.0
