use,car
20.4671,0.0
19.81345,0.0
19.390816666666662,0.0
7.428783333333333,0.0
5.4188,0.0
3.5679333333333334,0.0
1.4515166666666668,0.0
2.2998833333333333,0.0
3.576366666666667,0.0
3.681733333333333,0.0
4.655466666666666,0.0
5.5571,0.0
5.977416666666667,0.0
7.546483333333333,0.0
9.731,0.0
11.274716666666665,0.0
10.3706,0.0
10.5026,0.0
9.982566666666665,0.0
7.4325166666666656,0.0
8.8381,0.0
8.110733333333332,0.0
6.42495,0.0
5.738316666666666,0.0
