use,car
1.80715,0.0
1.8590166666666668,0.0
1.91605,0.0
14.0847,0.0
11.041116666666666,0.0
9.36135,0.0
8.675316666666665,0.0
10.288133333333331,0.0
8.86395,0.0
17.302666666666667,0.0
3.5887333333333333,0.0
4.463633333333333,0.0
3.9935333333333327,0.0006
3.6381,0.0036333333333333326
4.45145,0.0013666666666666666
4.78815,0.0
4.433233333333333,0.0
3.2746166666666667,0.0
3.4210166666666666,0.0
2.810783333333333,0.0
2.4281333333333333,0.0
2.7527666666666666,0.0
2.1406666666666667,0.0
1.76185,0.0
