use,car
9.428916666666666,0.0
2.720933333333333,0.0
2.136966666666667,0.0
2.006683333333333,0.0
1.9886,0.0
2.0211,0.0
1.6775833333333332,0.0
2.6068333333333333,0.0
3.8173666666666666,0.0
4.361633333333333,0.0
3.9824666666666664,0.0
6.3796833333333325,0.0
5.345366666666666,0.0
7.48855,0.0
7.8533,0.0
7.363216666666665,0.0
7.956366666666666,0.0
7.52895,0.0
6.792433333333332,0.0
6.386383333333333,0.0
5.286083333333333,0.0
5.06345,0.0
4.547716666666666,0.0
3.383516666666667,0.0
