use,car
4.385483333333333,0.0
3.9880333333333327,0.0
3.497983333333333,0.0
2.6435166666666667,0.0
3.08365,0.0
2.60015,0.0
2.610383333333333,0.0
2.802233333333333,0.0
4.806733333333333,0.0
4.986583333333333,0.0
5.263166666666667,0.0
6.627666666666666,0.0
7.446883333333333,0.0
7.481216666666666,0.0
8.5833,0.0
9.545966666666665,0.0
9.721666666666666,0.0
8.88635,0.0
7.75765,0.0
9.808666666666666,0.0
19.905466666666662,0.0
19.279516666666662,0.0
18.781116666666662,0.0
18.66405,0.0
