use,car
6.004583333333333,0.0
7.1052,0.0
5.095733333333333,0.0
4.473116666666666,0.0
1.5774166666666667,0.0
1.5318833333333333,0.0
1.7652166666666669,0.0
2.2436,0.0
3.5943,0.0
4.6775,0.0
6.61125,0.0
7.483683333333333,0.0
8.4355,0.0
13.582983333333331,0.0
10.48718333333333,0.0
9.245566666666665,0.0
10.770416666666666,0.0
10.202816666666665,0.0
8.066516666666665,0.0
9.659033333333332,0.0
7.6261,0.0
7.590966666666666,0.0
6.415833333333333,0.0
6.19445,0.0
