use,car
19.80205,0.0
20.60278333333333,0.0
8.871683333333333,0.0
6.0681,0.0
1.83625,0.0
2.325483333333333,0.0
1.9540166666666667,0.0
2.035433333333333,0.0
3.4709,0.0
3.568983333333333,0.0
4.712283333333333,0.0
6.862216666666666,0.0
8.243383333333332,0.0
8.633416666666665,0.0
6.4615,0.0
7.119166666666667,0.0
8.075016666666665,0.0
8.722633333333333,0.0
14.861916666666666,0.0
20.82825,0.0
19.14625,0.0
9.28818333333333,0.0
7.0193,0.0
8.491766666666665,0.0
