use,car
7.6724,0.0
6.7228666666666665,0.0
5.021916666666667,0.0
4.9952,0.0
3.9807166666666665,0.0
1.9617166666666668,0.0
1.4072166666666668,0.0
2.700266666666667,0.0
4.12555,0.0
4.406983333333333,0.0
5.009266666666666,0.0
6.443066666666667,0.0
10.44265,0.0
10.030716666666665,0.0
10.201,0.0
8.696766666666665,0.0
8.46155,0.0
8.732066666666666,0.0
7.64135,0.0
12.423483333333332,0.0
20.649266666666662,0.0
22.07163333333333,0.0
20.8549,0.0
21.154866666666663,0.0
