use,car
4.109283333333333,0.0
3.2605666666666666,0.0
4.16995,0.0
1.7951166666666667,0.0
1.57465,0.0
1.6631833333333332,0.0
1.2163833333333331,0.0
1.6869833333333333,0.0
2.863516666666667,0.0
2.4046333333333334,0.0
2.819116666666667,0.0
1.928483333333333,0.0
3.4513333333333334,0.0
4.474683333333333,0.0
6.785733333333333,0.0
5.936,0.0
7.118016666666667,0.0
4.825983333333332,0.0
3.8571166666666663,0.0
4.16185,0.0
4.353166666666667,0.0
2.997783333333333,0.0
4.260583333333333,0.0
2.58035,0.0
