use,car
6.715916666666667,0.0
4.77145,0.0
3.864633333333333,0.0
3.442966666666667,0.0
3.0631166666666667,0.0
2.54005,0.0
1.7338333333333331,0.0
3.3131833333333334,0.0
5.6544333333333325,0.0
3.4116666666666666,0.0
2.9353333333333333,0.0
2.5577666666666667,0.0
5.1275,0.0
6.0268,0.0
6.489116666666666,0.0
8.388633333333333,0.0
6.9490333333333325,0.0
4.52595,0.0
4.1287666666666665,0.0
4.77795,0.0
4.886733333333333,0.0
3.100883333333333,0.0
6.671733333333333,0.0
5.766566666666667,0.0
