use,car
3.190783333333333,0.0
3.1557833333333334,0.0
3.7967333333333326,0.0
3.49865,0.0
6.045216666666667,0.0
5.7379,0.0
6.14475,0.0
7.625566666666666,0.0
8.18195,0.0
12.492783333333332,0.0
6.338166666666666,0.0
4.2362166666666665,0.0
3.6897166666666665,0.0
2.6631666666666667,0.0
2.6146,0.0
3.414283333333333,0.0
3.3520166666666666,0.0
1.0256666666666667,0.0
1.5123333333333333,0.0
1.5020833333333332,0.0
2.0566,0.0
2.3876833333333334,0.0
1.8869166666666668,0.0
1.4686666666666668,0.0
