use,car
15.5184,0.0
15.59515,0.0
16.200416666666666,0.0
8.81155,0.0
11.459233333333332,0.0
10.638616666666666,0.0
10.903883333333331,0.0
11.130966666666666,0.0
13.51158333333333,0.0026
10.757166666666665,0.0009833333333333332
2.0681166666666666,0.0002
0.6976833333333332,0.0
0.0,0.0
0.0,0.0
0.0,0.0
1.1911,0.00045
1.3681333333333332,0.0
2.718233333333333,0.0
2.6961,0.0
2.0026,0.0
2.929416666666667,0.0
2.0185,0.0
1.7576333333333332,0.0
1.29995,0.0
