use,car
3.20355,0.0
2.80005,0.0
2.4877,0.0
2.054666666666667,0.0
2.18035,0.0
2.4610833333333333,0.0
2.31175,0.0
3.91675,0.0
3.949233333333333,0.0
3.6649,0.0
3.570933333333333,0.0
4.822833333333333,0.0
4.908933333333333,0.0
4.692833333333333,0.0
4.186116666666666,0.0
2.905666666666667,0.0
1.3837833333333331,0.0
2.268116666666667,0.0
4.07205,0.0
2.3182666666666667,0.0
2.427566666666667,0.0
1.98675,0.0
3.865983333333333,0.0
3.7993,0.0
