use,car
1.41965,0.0
2.24435,0.0
6.168566666666666,0.0
4.45705,0.0
5.006016666666667,0.0
5.14955,0.0
7.963033333333333,0.0
19.59605,0.0
13.245883333333332,0.0
6.528816666666667,0.0
2.889666666666667,0.0
5.49705,0.0
21.764666666666663,0.0
21.371533333333332,0.0
21.54815,0.0
22.097683333333332,0.0
20.82448333333333,0.0
11.67505,0.0
12.635916666666665,0.0
10.72805,0.0
10.92778333333333,0.0
11.148916666666665,0.0
17.747766666666667,0.0
13.246833333333331,0.0
