use,car
10.255183333333331,0.0
11.173583333333331,0.0
11.000383333333332,0.0
11.174816666666665,0.0
13.989516666666665,0.0
21.68473333333333,0.0
27.7495,0.0
25.059,0.0
21.54616666666666,0.0
14.7895,0.0
13.091466666666665,0.0
10.181316666666666,0.0
5.9572,0.0
2.27465,0.0
2.757483333333333,0.0
1.1975833333333332,0.0
1.7357166666666668,0.0
2.0582333333333334,0.0
2.195316666666667,0.0
4.081683333333332,0.0
8.067016666666666,0.0
4.4501,0.0
3.9965833333333327,0.0
1.64505,0.0
