use,car
4.4055833333333325,0.0
2.7673,0.0
2.675583333333333,0.0
2.47985,0.0
1.8296333333333332,0.0
1.2346666666666668,0.0
2.1327833333333333,0.0
3.4335666666666667,0.0
3.334283333333333,0.0
4.0316,0.0
3.29615,0.0
6.6172,0.0
21.270216666666663,0.0
13.468116666666665,0.0
7.976466666666665,0.0
4.674083333333333,0.0
4.3574166666666665,0.0
4.2744,0.0
21.9296,0.0
27.74373333333333,0.0
22.349716666666662,0.0
19.274033333333332,0.0
18.82503333333333,0.0
24.44751666666666,0.0
