use,car
8.344716666666665,0.0
5.710233333333333,0.0
4.6893666666666665,0.0
1.40825,0.0
1.325783333333333,0.0
1.304533333333333,0.0
15.525016666666666,0.0
22.58963333333333,0.0
24.45851666666666,0.0
22.2266,0.0
13.228633333333331,0.0
13.39855,0.0
10.11075,0.0
17.267933333333332,0.0
9.35143333333333,0.0
10.75318333333333,0.0
9.910683333333331,0.0
12.37795,0.0
18.132883333333332,0.0
16.65363333333333,0.0
21.44895,0.0
26.644566666666663,0.0
28.5183,0.0
15.644483333333332,0.0
