use,car
2.70665,0.28705
2.242866666666667,0.0
1.9330166666666668,0.0
1.6282,0.0
1.63205,0.0
1.6201666666666668,0.0
1.613983333333333,0.0
1.5984833333333333,0.0
1.3975,0.0
3.4817,1.9356666666666669
1.5865833333333332,0.0
1.53175,0.05173333333333332
3.3676,1.8322333333333332
2.6938,0.0
2.4983166666666667,0.0012
3.6457,0.0
3.046483333333333,0.0
3.294833333333333,0.0
2.3989333333333334,0.0
5.7321,2.812
6.505766666666666,2.4183166666666667
2.3092333333333332,0.29705
1.5595,0.0
2.296133333333333,0.0
