use,car
2.518066666666667,0.0
1.7816166666666668,0.0
1.5250333333333332,0.0
1.2737833333333333,0.0
1.2131333333333332,0.0
1.2050166666666668,0.0
1.2157166666666668,0.0
2.90685,0.0
2.969616666666667,0.0
2.69455,0.0
2.8289,0.0
3.3321,0.0009
4.522166666666666,0.0
4.439266666666667,0.0
4.823916666666666,0.00025
13.761383333333331,0.0
16.06115,0.0
17.012416666666667,0.0
15.902816666666666,0.0
17.535216666666667,0.0
16.47688333333333,0.0
16.346516666666666,0.0
16.73395,0.0
16.31235,0.0
