use,car
3.35595,0.0
2.5663666666666667,0.0
2.946633333333333,0.0
2.179066666666667,0.0
2.180833333333333,0.0
2.2638833333333332,0.0
4.2609,0.0
3.805,0.0
5.65125,0.0
8.0474,2.40605
5.1161666666666665,0.0
6.0079,0.0
6.135466666666666,0.0
5.608483333333333,0.0002
5.482733333333333,0.0002666666666666667
6.18615,0.0002666666666666667
4.6073,5e-05
3.7375,0.0
2.7058166666666668,0.0
15.23465,0.0
16.67945,0.0
17.2758,0.0
17.863,0.0
17.415016666666666,0.0
