use,car
0.5793333333333331,0.0
0.7335333333333331,0.0
0.41715,0.0
0.37071666666666653,0.0
0.3528,0.0
0.3527166666666666,0.0
0.3484166666666666,0.0
0.36363333333333325,0.0
0.4096833333333333,0.0
0.4554,0.0
0.5330833333333332,0.0
0.288,0.0
0.295,0.0
0.4953166666666666,5e-05
0.4369,0.0
0.43685,0.0
0.6473166666666667,0.0
0.9597833333333332,5e-05
2.711666666666667,0.0
1.739766666666667,0.0
1.1927833333333333,0.0
1.0108833333333331,0.0
1.1682833333333331,0.0
1.1103666666666667,0.0
