use,car
0.7993166666666666,0.0003
0.38291666666666657,0.0
0.3418333333333333,0.0
0.3089833333333333,0.0
0.28615,0.0
0.32925,0.0
0.3001166666666666,0.0
0.40591666666666654,5e-05
0.4222333333333333,0.0
0.49325,0.0
0.4383166666666666,0.0
0.5515,0.0
0.4595166666666666,0.0
0.6025666666666666,0.0
0.40236666666666654,0.0
0.4729833333333332,0.0
0.4672333333333332,0.0
0.4673166666666666,0.0
0.62185,0.0
0.5724166666666666,0.0
0.836283333333333,0.0
0.72905,0.0
0.73445,0.0
0.8469666666666666,0.0
