use,car
0.5071833333333332,0.0
0.4449333333333333,0.0
0.39935,0.0
0.4750166666666666,0.0
0.3943833333333333,0.0
0.3679333333333332,0.0
0.36568333333333325,0.0
0.5821,0.0001
0.39575,0.0
0.42635,0.0
0.3579166666666666,0.0
0.3638166666666666,0.0
0.3330166666666666,0.0
0.3403166666666666,0.0
0.3391166666666666,0.0
0.31125,0.0
0.3743,0.0
0.7277666666666665,0.0
0.7550333333333331,0.0
1.1313,0.0
3.591016666666667,0.0
3.6873166666666664,0.0
2.13625,0.0
1.09635,0.0
