use,car
0.4285,0.0
0.5224333333333332,0.0
0.40005,0.0
0.39401666666666657,0.0
0.3374166666666666,0.0
0.39351666666666657,0.0
0.3424,0.0
0.4796833333333332,0.0
0.7662166666666665,0.0001
0.9703333333333332,0.0
0.8518833333333331,0.0
1.0922666666666667,0.0
0.8667,0.0
0.5103333333333332,0.0
0.5126,0.0
0.7531166666666665,0.0
0.6405166666666666,0.0
0.4719833333333332,0.0
0.5102,0.0
0.9883833333333332,6.666666666666666e-05
0.7215,0.0
0.63845,0.0
0.7438,0.0
0.784833333333333,0.0
