use,car
0.8710166666666666,0.0
0.4706,0.0
0.3956833333333333,0.0
0.45415,0.0
0.44561666666666655,0.0
0.4485,0.0
0.4244,0.0
0.4039,0.0
0.4528833333333333,0.0
0.7241666666666665,0.0002
1.1350333333333331,0.00015
0.61455,0.0
0.4579,0.0
0.4400333333333333,0.0
0.4938833333333332,0.0
0.8522333333333331,0.00025
0.6464166666666666,0.0
0.5670666666666666,0.0
0.79825,0.0
1.11205,0.0
1.0122166666666663,0.0
0.8471333333333331,0.0
0.9144833333333332,0.0
0.6819333333333332,0.0
