use,car
0.6854166666666666,0.0
0.4698833333333332,0.0
0.5348833333333332,0.0
0.4368333333333333,0.0
0.4114333333333333,0.0
0.42005,0.0
0.4071,0.0
0.4195333333333333,0.0
0.7139833333333332,0.00011666666666666668
0.4524,0.0
0.4924333333333332,0.0
0.7177,0.0
0.5311666666666666,0.0
0.4908166666666666,0.0
1.0490833333333331,0.0
3.2306166666666667,0.0
3.95315,0.0
3.8465,0.0
3.8819166666666662,0.0
3.956833333333333,0.0
4.283616666666666,0.0
4.9228,0.0
3.6125666666666665,0.0
2.0007,0.0
