use,car
2.506183333333333,0.0
2.2325,0.0
3.5296166666666666,0.0
3.4652166666666666,0.0
3.45195,0.0
3.475983333333333,0.0
1.1222833333333333,0.0
0.43461666666666654,0.0
0.4003,0.0
0.5715333333333332,0.0
0.74635,0.00015
0.4822666666666666,0.0
0.4584166666666666,0.0
2.1988,0.0
4.45805,0.0
4.326383333333332,0.0
4.362166666666666,0.0
4.814283333333333,0.0
4.46335,0.0
4.80165,0.0
4.412316666666666,0.0
4.385866666666667,0.0
4.6802166666666665,0.0
4.468466666666666,0.0
