use,car
3.9227666666666665,0.0
3.160366666666667,0.0
1.5334166666666669,0.0
1.33315,0.0
1.2665,0.0
1.18425,0.0
0.8711,0.0
0.8139833333333331,0.0
0.61395,0.0
0.42405,0.0
0.3497166666666666,0.0
0.36453333333333326,0.0
0.4297666666666666,0.0
1.6611,0.0
2.703466666666667,0.0
4.050583333333333,0.0
4.187866666666666,0.0
4.235966666666666,0.0
4.19295,0.0
4.01875,0.0
3.9733333333333327,0.0
4.181283333333333,0.0
3.93215,0.0
3.8807666666666663,0.0
