use,car
3.8524,0.0
2.730316666666667,0.0
1.8591333333333333,0.0
1.5046,0.0
1.1128,0.0
0.8453,0.0
0.6134333333333332,0.0
0.4398333333333333,0.0
0.6566333333333332,0.0
0.5005833333333332,5e-05
2.215783333333333,0.0
4.030516666666666,0.0
4.03385,0.0
4.291533333333333,0.0
4.13795,0.0
4.225183333333333,0.0
4.447016666666666,0.0
4.496333333333332,0.0
4.674666666666666,0.0
4.638066666666666,0.0
4.411133333333333,0.0
3.9972,0.0
3.892433333333333,0.0
3.563216666666667,0.0
