use,car
3.676716666666666,0.0
8.7081,5.4186
11.6278,9.492216666666666
11.130116666666666,9.35998333333333
4.5696,3.527483333333333
1.0311333333333332,0.0
0.7877333333333331,0.0
0.59935,0.0
1.6041833333333333,0.0
2.2979166666666666,0.0
0.6224,0.0
0.4556166666666666,0.0
0.9775,0.0
3.3456,0.0
4.1384,0.0
4.2167666666666666,0.0
4.2016,0.0
4.3224,0.0
4.02515,0.0
3.89425,0.0
3.75095,0.0
3.6086166666666664,0.0
3.8910666666666662,0.0
3.7777,0.0
