use,car
3.619583333333333,0.0
1.9272166666666668,0.0
1.4844,0.0
0.9765166666666664,0.0
0.8339166666666666,0.0
0.6217333333333332,0.0
0.5185166666666666,0.0
0.5534,0.0
0.7750833333333331,0.0
0.4893166666666666,0.0
0.3830833333333333,0.0
0.6090166666666667,0.0
1.4684833333333331,0.0
2.498483333333333,0.0
3.1138166666666667,0.0
3.9834833333333326,0.0
3.9718166666666663,0.0
4.071816666666666,0.0
4.0698,0.0
4.890016666666666,0.0
4.128783333333333,0.0
3.9395666666666664,0.0
4.38995,0.0
4.18045,0.0
