use,car
4.084733333333332,0.0
3.7439333333333327,0.0
2.2702166666666668,0.0
1.5226,0.0
1.31715,0.0
1.0138833333333332,0.0
1.0325,0.0
1.0293166666666669,0.0
0.7222333333333332,5e-05
0.43711666666666654,0.0
0.37335,0.0
0.8475333333333331,0.0
1.75745,0.0
2.7668666666666666,0.0
4.03995,0.0
4.0622,0.0
4.109983333333333,0.0
4.1159,0.0
4.1064,0.0
4.189783333333333,0.0
4.355766666666667,0.0
4.168116666666666,5e-05
4.70275,0.0
4.028733333333332,0.0
