use,car
3.9952666666666663,0.0
3.95705,0.0
3.69175,0.0
2.40645,0.0
1.7462333333333333,0.0
1.42255,0.0
1.1596166666666667,0.0
0.8799333333333331,0.0
0.43386666666666657,0.0
0.4917833333333332,0.0
0.9879,0.0
1.2758,0.0
3.478416666666667,0.0
4.282233333333333,0.0
4.378616666666667,0.0
4.492783333333333,0.0
4.597883333333333,0.0
4.6182,0.0
4.72715,0.0
4.490716666666667,0.0
4.293433333333333,0.0
4.220466666666667,0.0
4.1457,0.0
4.1059,0.0
