use,car
1.4923166666666667,0.0
1.4236666666666669,0.0
1.4043166666666669,0.0
1.06875,0.0
0.9786666666666664,0.0
0.6935,0.0
0.6733166666666666,0.0
0.6632833333333332,0.0
0.8093333333333331,0.0
0.5324666666666666,0.0
0.3632,0.0
0.36485,0.0
0.4550833333333333,0.0
2.4810833333333333,0.0
2.79135,0.0
3.42825,0.0
3.0721166666666666,0.0
3.6043,0.0
3.8032166666666662,0.0
4.107533333333333,0.0
3.5486166666666668,0.0
2.296333333333333,0.0
2.457516666666667,0.0
2.693716666666667,0.0
