use,car
0.70665,0.0
0.6260333333333332,0.0
0.5209166666666666,0.0
0.5440833333333333,0.0
0.5232833333333332,0.0
0.5227666666666666,0.0
0.5942166666666666,0.0
0.5437,0.0
0.45535,0.0
0.7769333333333331,0.0004
0.8127166666666666,0.0001
0.5342833333333332,0.0
0.4362833333333333,0.0
0.4963666666666666,0.0
0.49605,0.0
0.5264,0.0
0.5189833333333332,0.0
0.6681166666666666,0.0
0.39745,0.0
0.39815,0.0
0.3744333333333333,0.0
0.63335,0.0
0.6221,0.0
0.9456,0.0
