use,car
0.8855166666666666,0.0
0.5551666666666666,0.0
0.4798833333333332,0.0
0.4816333333333332,0.0
0.4889166666666666,0.0
0.4702833333333332,0.0
0.4700833333333332,0.0
0.5629166666666666,0.0
0.7887,6.666666666666666e-05
0.5845,0.0
0.3723333333333333,0.0
0.4590166666666666,0.0
0.3567666666666666,0.0
0.9634,0.0
3.499616666666667,0.0
3.6619666666666664,0.0
3.769,5e-05
4.0212666666666665,0.0
3.97115,0.0
2.517033333333333,0.0
1.68915,0.0
1.1535,0.0
0.6892666666666666,0.0
0.7478333333333331,0.0
