use,car
0.9390333333333332,0.0
0.7067,0.0
0.4617666666666666,0.0
0.37121666666666653,0.0
0.3014833333333333,0.0
0.3514333333333333,0.0
0.3619666666666666,0.0
0.3634333333333333,0.0
0.4796166666666666,6.666666666666666e-05
0.40825,0.0
0.5076333333333332,0.0
0.42325,0.0
0.44171666666666654,0.0
0.3360833333333333,0.0
0.4259333333333333,0.0
0.4243,0.0
0.36795,0.0
0.5211333333333332,0.0
0.4739666666666666,0.0
0.8728,0.0
0.817,0.0
0.8418833333333331,0.0
0.90435,0.0
0.7603166666666666,0.0
