use,car
1.2295333333333331,0.0
0.6259,0.0
0.4539,0.0
0.4858166666666666,0.0
0.4862,0.0
0.4629,0.0
0.4761,0.0
0.4708166666666666,0.0
0.4509833333333333,0.0
0.86415,0.0001333333333333333
0.7191666666666666,0.0
0.45595,0.0
0.3329833333333333,0.0
0.3543333333333333,0.0
0.4040666666666666,0.0
3.5288666666666666,0.0
2.1277833333333334,0.0
0.5676833333333332,0.0
0.83715,0.00011666666666666668
0.9829166666666664,0.0
1.03685,0.0
1.0112166666666664,0.0
1.0569,0.0
0.7701,0.0
