use,car
0.5364666666666666,0.0
0.41536666666666655,0.0
0.3127,0.0
0.3244666666666666,0.0
0.3078166666666666,0.0
0.3629,0.0
0.35585,0.0
0.5060833333333332,8.333333333333332e-05
0.52845,0.0
0.46145,0.0
0.3241,0.0
0.3501,0.0
0.3179166666666666,0.0
0.3197666666666666,0.0
0.3417,0.0
0.3078166666666666,0.0
0.4142333333333333,0.0
0.5611833333333331,6.666666666666666e-05
0.5669666666666666,5e-05
0.6573333333333332,0.0
0.83395,0.0
0.58495,0.0
0.9031166666666666,0.0
0.6106166666666666,0.0
