use,car
0.78955,0.0
0.4918,0.0
4.5679,3.9584666666666664
3.72145,3.1961666666666666
0.47225,0.0
0.494,0.0
0.4965666666666666,0.0
0.4919,0.0
0.5100833333333332,0.0
0.6105,0.0
0.5327833333333332,0.0
0.45345,0.0
0.42816666666666653,0.0
0.8234333333333331,0.0
1.7182166666666667,0.0
3.5833,0.0
3.22095,0.0
1.8997166666666667,0.0
1.1261333333333332,0.0
0.6773333333333332,0.0
0.9271666666666664,0.0
0.7936166666666666,0.0
0.76585,0.0
0.7531333333333331,0.0
