use,car
0.6825833333333332,0.0
0.3999666666666665,0.0
0.3579333333333333,0.0
0.3119833333333333,0.0
0.3193833333333333,0.0
0.3023333333333333,0.0
0.27435,0.0
0.3446333333333333,0.0
0.4888,5e-05
0.42056666666666653,0.00015
0.38316666666666654,0.0
0.80855,0.0
0.45995,0.0
0.6958333333333332,0.0
0.45355,0.0
0.6475333333333332,0.00021666666666666668
0.6831,0.0
0.7969666666666666,0.0
1.2102666666666668,0.0
1.1808833333333333,0.0
1.0888666666666669,0.0
0.7626,0.0
1.0748,5e-05
0.9459833333333332,0.0
