use,car
0.4392666666666665,0.0
0.3525,0.0
0.3718833333333333,0.0
0.39025,0.0
0.3480833333333333,0.0
0.2853666666666666,0.0
0.45495,0.0
0.5148166666666666,0.0
0.3579,0.0
0.3494,0.0
0.3095166666666666,0.0
0.3507333333333333,0.0
0.30225,0.0
0.3440666666666666,0.0
0.3032166666666666,0.0
0.3645,0.0
0.3401,0.0
0.3835833333333333,0.0
0.4924666666666666,0.0001
0.39915,0.0
0.43055,0.0
0.7999,6.666666666666666e-05
0.5719833333333332,0.0
0.4907,0.0
