use,car
0.74025,0.0
0.5409833333333331,0.0
0.3609,0.0
0.3360833333333333,0.0
0.3290666666666666,0.0
0.2988,0.0
0.32245,0.0
0.40305,0.0001
0.4468333333333333,6.666666666666666e-05
0.3942,0.0
0.3480666666666666,0.0
0.3263166666666666,0.0
0.36518333333333325,0.0
0.317,0.0
0.3371833333333333,0.0
0.3366333333333333,0.0
0.3508,0.0
0.3688166666666666,0.0
0.6113833333333332,0.0
0.7176833333333332,6.666666666666666e-05
0.8911,0.0
0.71485,0.0
0.7455,0.0
0.7918166666666666,0.0
