use,car
0.37946666666666656,0.0
0.3279333333333333,0.0
0.3083666666666666,0.0
0.3141333333333333,0.0
0.3093166666666666,0.0
0.28725,0.0
0.30305,0.0
0.2871,0.0
0.3197166666666666,0.0
0.3125,0.0
0.4583,0.0
0.6432,0.0
0.4277,0.0
0.5586666666666666,0.0
0.4747,0.0
0.7349666666666665,0.00011666666666666668
0.6909666666666666,0.0
0.7686666666666666,0.0
1.6140166666666669,6.666666666666666e-05
1.298433333333333,0.0
1.02295,0.0
0.8657666666666666,0.0
0.8704666666666666,0.0
0.6499666666666666,0.0
