use,car
0.4151833333333333,0.0
0.3527166666666666,0.0
0.3093,0.0
0.3459833333333333,0.0
0.3047833333333333,0.0
0.3100833333333333,0.0
0.32265,0.0
0.39301666666666657,0.0
0.40025,0.0
0.4749,0.0
0.3420833333333333,0.0
0.3593,0.0
0.3112,0.0
0.42465,0.0
0.3472833333333333,0.0
0.3313,0.0
0.3337666666666666,0.0
0.457,0.0
0.6118666666666666,0.0
0.4387833333333333,0.0
0.4089333333333333,0.0
0.6383333333333332,0.0
0.6763333333333332,0.0
0.6959833333333332,0.0
