use,car
0.5325833333333332,0.0
0.4833833333333332,0.0
0.41635,0.0
0.37566666666666654,0.0
0.4363166666666666,0.0
0.37371666666666653,0.0
0.3859,0.0
0.41176666666666656,0.0
0.5229833333333332,5e-05
0.8815333333333331,0.0001
0.4260833333333333,0.0
0.3653666666666666,0.0
0.3594,0.0
0.3293,0.0
0.5366666666666666,0.0
0.67675,0.0
0.67835,0.0
0.5150833333333332,0.0
0.8983666666666666,5e-05
0.7835333333333331,0.0
0.7808,0.0
0.8626333333333331,0.0
0.5793166666666666,0.0
0.47715,0.0
