use,car
0.45295,0.0
0.3824333333333333,0.0
0.4737333333333332,0.0
0.4128,0.0
0.36815,0.0
0.31815,0.0
0.3753,0.0
0.7548166666666666,0.0
0.3798333333333333,0.0
0.37096666666666656,0.0
0.40516666666666656,0.0
0.3631,0.0
0.3793833333333333,0.0
0.4321,0.0
0.4162,0.0
0.3825333333333333,0.0
0.7363,0.0
0.9350833333333332,0.0
2.8348833333333334,0.0
1.5154666666666667,0.0
1.1678166666666667,0.0
1.5345666666666669,0.0
0.8332,0.0
0.5795333333333332,0.0
