use,car
0.4881166666666666,0.0
0.3000166666666666,0.0
0.3051666666666666,0.0
0.3148666666666666,0.0
0.3061833333333333,0.0
0.29085,0.0
0.3308666666666666,0.0
0.84045,0.0
0.8945166666666666,0.0
1.29295,0.0
2.7371166666666666,0.0
3.0563,0.0
1.4377166666666668,0.0
2.50525,0.0
1.70185,0.0
2.1369333333333334,0.0
1.8753666666666668,0.0
1.699733333333333,0.0
3.2453333333333334,0.0
1.868083333333333,0.0
1.948683333333333,0.0
2.428866666666667,0.0
0.87265,0.0
2.78705,0.0
