use,car
1.3358,0.0
0.5297,0.0
0.36198333333333327,0.0
0.3614166666666666,0.0
1.225933333333333,0.0
0.3796333333333333,0.0
0.3034666666666666,0.0
0.4562,0.0
0.7000666666666666,0.0
0.6841,0.0
0.3277666666666666,0.0
0.29795,0.0
0.2971166666666666,0.0
1.2417,0.0
0.3136333333333333,0.0
0.2952333333333333,0.0
0.5117666666666666,0.0
1.4095333333333333,0.0
4.489533333333333,0.0
2.873183333333333,0.0
2.3537166666666667,0.0
1.71125,0.0
1.42325,0.0
0.86855,0.0
