use,car
0.9500166666666664,0.0
0.9090166666666666,0.0
0.8897,0.0
0.8062666666666666,0.0
0.3162,0.0
0.2954666666666666,0.0
0.5699333333333332,0.0
0.6489666666666666,0.0
0.3243333333333333,0.0
0.3523833333333333,0.0
0.47195,0.0
0.3808166666666665,0.0
0.3372,0.0
0.3213166666666666,0.0
0.3222,0.0
0.3313333333333333,0.0
1.3915666666666668,0.0
2.944233333333333,0.0
1.4216833333333332,0.0
2.2899,0.0
1.8086166666666668,0.0
1.761966666666667,0.0
1.41075,0.0
0.318,0.0
