use,car
0.3207833333333333,0.0
0.31485,0.0
0.3125833333333333,0.0
0.3315833333333333,0.0
0.44515,0.0
0.36623333333333324,0.0
0.6210333333333332,0.0
0.6207666666666666,0.0
0.3198333333333333,0.0
0.3469,0.0
0.3194833333333333,0.0
0.33265,0.0
0.3681666666666666,0.0
0.32345,0.0
0.3174166666666666,0.0
0.36916666666666653,0.0
0.5571666666666666,0.0
4.112166666666666,0.0
3.37895,0.0
1.91905,0.0
3.0843833333333333,0.0
0.9036166666666666,0.0
1.1617,0.0
0.3252166666666666,0.0
