use,car
1.11585,0.0
0.4425333333333333,0.0
0.3642166666666666,0.0
0.3160333333333333,0.0
0.30805,0.0
0.3626666666666666,0.0
1.2642833333333332,0.0
0.7665166666666666,0.0
0.5076833333333332,0.0
0.49755,0.0
0.5445333333333332,0.0
0.5262,0.0
0.5497833333333332,0.0
0.5302666666666666,0.0
0.5083,0.0
0.5653,0.0
4.857516666666666,0.0
5.09295,0.0
2.8958666666666666,0.0
2.3733666666666666,0.0
1.3463833333333333,0.0
1.3554833333333332,0.0
1.372,0.0
1.2869666666666668,0.0
