use,car
0.4828333333333332,0.0
0.3096666666666666,0.0
0.31165,0.0
0.35085,0.0
0.3244666666666666,0.0
0.3033166666666666,0.0
0.58345,0.0
0.8007833333333331,0.0
0.5333666666666665,0.0
0.6276833333333331,0.0
0.6107666666666666,0.0
0.5461166666666666,0.0
0.5485666666666666,0.0
0.5487333333333332,0.0
0.5330333333333332,0.0
0.52515,0.0
2.1807833333333333,0.0
4.593983333333333,0.0
2.4094,0.0
3.4971,0.0
1.7377333333333331,0.0
2.706383333333333,0.0
0.6347666666666666,0.0
1.2862,0.0
