use,car
0.3470333333333333,0.0
0.3385333333333333,0.0
0.3326666666666666,0.0
0.3103333333333333,0.0
0.32675,0.0
0.3709333333333333,0.0
0.3805833333333333,0.0
0.7539333333333331,0.0
0.8914333333333331,0.0
0.8543333333333331,0.0
0.5547166666666666,0.0
0.6118166666666666,0.0
0.39755,0.0
0.5347,0.0
0.4327833333333333,0.0
0.52505,0.0
0.7042833333333332,0.0
1.040433333333333,0.0
2.9488333333333334,0.0
1.4090666666666667,0.0
2.03275,0.0
1.5809666666666669,0.0
1.0687833333333332,0.0
0.93305,0.0
