use,car
0.3271333333333333,0.0
0.33165,0.0
0.3211833333333333,0.0
0.2913166666666666,0.0
0.3218166666666666,0.0
0.3212,0.0
0.5116333333333332,0.0
0.6720166666666666,0.0
0.28645,0.0
0.4387,0.0
0.3517166666666666,0.0
0.2912833333333333,0.0
0.28945,0.0
0.3180833333333333,0.0
0.2882833333333333,0.0
1.030433333333333,0.0
3.6831,0.0
4.463733333333333,0.0
4.067466666666666,0.0
1.5760166666666668,0.0
2.5064333333333333,0.0
2.019683333333333,0.0
2.119766666666667,0.0
0.9837,0.0
