use,car
1.15205,0.0
0.3406333333333333,0.0
1.158116666666667,0.0
0.30915,0.0
1.2587833333333331,0.0
1.1228166666666668,0.0
0.7954,0.0
0.9569333333333332,0.0
0.3104833333333333,0.0
0.3117333333333333,0.0
0.33165,0.0
0.34095,0.0
0.32745,0.0
0.3270166666666666,0.0
0.3247,0.0
0.3203166666666666,0.0
3.5265166666666667,0.0
4.7924,0.0
5.9732,0.0
4.71365,0.0
6.813,0.0
2.265883333333333,0.0
1.09235,0.0
2.492566666666667,0.0
