use,car
1.430583333333333,0.0
0.3740833333333333,0.0
1.18335,0.0
0.36483333333333323,0.0
0.35945,0.0
1.16895,0.0
0.4206833333333333,0.0
1.3059666666666667,0.0
0.6149666666666666,0.0
0.65545,0.0
1.5287,0.0
1.4663,0.0
2.457683333333333,0.0
2.7111666666666667,0.0
0.8777666666666666,0.0
2.380383333333333,0.0
1.9089666666666667,0.0
3.60985,0.0
4.017366666666667,0.0
1.3593166666666667,0.0
2.01165,0.0
0.8964333333333331,0.0
0.8947166666666666,0.0
1.1556666666666668,0.0
