use,car
0.3326,0.0
0.3335833333333333,0.0
0.35755,0.0
0.3392666666666666,0.0
0.3585666666666666,0.0
0.38945,0.0
0.5298166666666666,0.0
0.6778166666666666,0.0
0.6183333333333332,0.0
0.5805,0.0
0.6014,0.0
0.5928666666666667,0.0
0.6166166666666666,0.0
0.5845333333333332,0.0
0.5762666666666666,0.0
0.6369,0.0
0.9381833333333331,0.0
0.9528166666666664,0.0
6.76625,0.0
7.4523,0.0
2.7500166666666668,0.0
1.2707,0.0
1.2282,0.0
0.32775,0.0
