use,car
1.22065,0.0
2.393733333333333,0.0
2.23545,0.0
1.1637,0.0
0.34035,0.0
0.3408,0.0
1.2627833333333331,0.0
0.4027,0.0
1.3295833333333331,0.0
0.4871166666666666,0.0
0.37841666666666657,0.0
0.3356166666666666,0.0
3.71295,0.0
2.585233333333333,0.0
2.667933333333333,0.0
1.9766,0.0
0.5531166666666666,0.0
0.5288666666666666,0.0
0.5670833333333332,0.0
4.922166666666667,0.0
5.416716666666666,0.0
1.6706,0.0
1.6863666666666668,0.0
0.37955,0.0
