use,car
0.37865,0.0
1.1621,0.0
0.3371833333333333,0.0
1.2585333333333333,0.0
0.39886666666666654,0.0
0.5354666666666666,0.0
1.16485,0.0
0.5733,0.0
0.3505333333333333,0.0
0.35365,0.0
0.3437333333333333,0.0
0.3430833333333333,0.0
0.36728333333333324,0.0
0.3723166666666666,0.0
0.3950333333333333,0.0
0.3783166666666665,0.0
0.5591,0.0
0.6858166666666666,0.0
5.0359,0.0
4.96565,0.0
4.776366666666666,0.0
1.1838666666666668,0.0
2.3747333333333334,0.0
0.9986166666666664,0.0
