use,car
2.081383333333333,0.0
1.3865166666666668,0.0
1.2814333333333332,0.0
1.23555,0.0
1.9764666666666668,0.0
2.7695,0.0
1.6766666666666667,0.0
0.7290333333333332,0.0
0.34885,0.0
0.3649166666666666,0.0
0.36305,0.0
0.3700333333333333,0.0
0.3857833333333333,0.0
0.36528333333333324,0.0
0.36173333333333324,0.0
2.0265166666666667,0.0
4.80135,0.0
7.202966666666667,0.0
6.225516666666667,0.0
5.021033333333333,0.0
5.27655,0.0
3.6891166666666666,0.0
2.533666666666667,0.0
2.0789,0.0
