use,car
1.2807166666666667,0.0
2.0801166666666666,0.0
1.2606833333333332,0.0
1.99755,0.0
0.9074666666666666,0.0
4.038783333333333,0.0
0.5315166666666666,0.0
1.4133666666666669,0.0
0.71925,0.0
0.6982833333333331,0.0
0.67665,0.0
0.6806166666666666,0.0
0.7013166666666666,0.0
0.6873833333333332,0.0
4.985016666666667,0.0
4.606133333333333,0.0
0.8607666666666666,0.0
4.29975,0.0
4.8638,0.0
2.9393833333333332,0.0
0.4262,0.0
4.6421166666666664,0.0
3.9736666666666665,0.0
2.271466666666667,0.0
