use,car
2.2034333333333334,0.0
1.9851666666666667,0.0
1.8926166666666668,0.0
0.8726166666666666,0.0
1.8438,0.0
1.2039833333333332,0.0
2.449683333333333,0.0
1.27955,0.0
1.7204,0.0
1.6062333333333332,0.0
0.40991666666666654,0.0
0.5010333333333332,0.0
0.81455,0.0
4.818533333333333,0.0
4.877683333333333,0.0
7.687316666666666,0.0
5.355583333333333,0.0
7.925416666666665,0.0
5.70035,0.0
5.732133333333333,0.0
5.6767666666666665,0.0
5.128716666666667,0.0
2.9118666666666666,0.0
2.5274666666666668,0.0
