use,car
2.2778,0.0
1.1593166666666668,0.0
1.2472833333333333,0.0
1.2718,0.0
1.2309333333333332,0.0
1.6791166666666668,0.0
1.2427666666666668,0.0
0.9878833333333332,0.0
0.33435,0.0
0.3537833333333333,0.0
0.3515166666666666,0.0
0.38021666666666654,0.0
0.3484166666666666,0.0
0.34145,0.0
0.3372666666666666,0.0
0.34755,0.0
0.5476666666666666,0.0
2.4960166666666668,0.0
5.4109333333333325,0.0
6.5666166666666665,0.0
4.8113,0.0
2.663466666666667,0.0
1.387066666666667,0.0
1.2672166666666669,0.0
