use,car
2.0700833333333333,0.0
1.2097833333333332,0.0
1.198416666666667,0.0
1.19025,0.0
1.1628,0.0
2.778166666666667,0.0
0.40295,0.0
0.5013833333333332,0.0
0.5823333333333331,0.0
1.7041,0.0
1.20815,0.0
0.4226333333333333,0.0
0.4326333333333333,0.0
0.52625,0.0
0.46725,0.0
1.7150333333333332,0.0
2.2946166666666667,0.0
2.7109666666666667,0.0
2.487216666666667,0.0
2.22965,0.0
1.36655,0.0
2.195416666666667,0.0
9.014466666666666,0.0
6.25005,0.0
