use,car
0.30505,0.0
0.3264166666666666,0.0
0.3423,0.0
0.2817166666666666,0.0
2.81445,0.0
2.5039833333333332,0.0
1.1785,0.0
0.5636666666666666,0.0
0.2882,0.0
0.2948166666666666,0.0
0.3012666666666666,0.0
0.3172833333333333,0.0
0.3242666666666666,0.0
0.2568166666666666,0.0
0.7443666666666666,0.0
1.0400333333333331,0.0
1.4127,0.0
1.5110666666666668,0.0
1.9322833333333331,0.0
4.289616666666666,0.0
3.8843166666666664,0.0
0.36778333333333324,0.0
0.3576666666666666,0.0
0.3295,0.0
