use,car
0.44326666666666653,0.0
1.2115,0.0
0.3228166666666666,0.0
0.4047833333333333,0.0
3.122733333333333,0.0
4.11615,0.0
1.99755,0.0
1.2686833333333332,0.0
0.8024333333333331,0.0
0.3274333333333333,0.0
0.3371833333333333,0.0
0.39385,0.0
3.798133333333333,0.0
0.2597833333333333,0.0
1.4904166666666667,0.0
1.41675,0.0
2.0621666666666667,0.0
2.095883333333333,0.0
2.168433333333333,0.0
1.4477,0.0
1.4099166666666667,0.0
3.8101166666666666,0.0
0.3100166666666666,0.0
1.26845,0.0
