use,car
0.3164666666666666,0.0
1.1930833333333333,0.0
0.3632666666666666,0.0
0.9943666666666664,0.0
4.074916666666667,0.0
3.8601,0.0
1.2429666666666668,0.0
1.33545,0.0
0.2661166666666666,0.0
0.3202833333333333,0.0
0.3030166666666666,0.0
0.28345,0.0
1.4420166666666667,0.0
0.2762833333333333,0.0
1.7381166666666668,0.0
2.4358666666666666,0.0
2.4784333333333333,0.0
2.64775,0.0
4.6017,0.0
3.8523333333333327,0.0
0.3461166666666666,0.0
1.0448166666666667,0.0
0.6636333333333332,0.0
1.36535,0.0
