use,car
1.64755,0.0
1.7495166666666668,0.0
1.6431,0.0
1.2506666666666668,0.0
1.3089666666666668,0.0
3.192616666666667,0.0
0.7501333333333331,0.0
1.21875,0.0
0.3193333333333333,0.0
0.3793666666666666,0.0
0.38456666666666656,0.0
0.48415,0.0
0.4113833333333333,0.0
0.3374,0.0
0.36048333333333327,0.0
0.3599166666666666,0.0
3.0208666666666666,0.0
3.8749666666666664,0.0
5.205583333333333,0.0
6.764033333333333,0.0
6.666316666666666,0.0
5.3571,0.0
3.2149666666666668,0.0
3.004183333333333,0.0
