use,car
2.1785,0.0
1.1468333333333331,0.0
1.13845,0.0
1.2636166666666668,0.0
0.33455,0.0
2.5598,0.0
0.9871333333333332,0.0
1.1272,0.0
0.24085,0.0
0.2494166666666666,0.0
0.24925,0.0
0.2491666666666666,0.0
0.2656,0.0
0.2928166666666666,0.0
1.3794,0.0
0.9197833333333332,0.0
3.513916666666667,0.0
4.782733333333333,0.0
4.94015,0.0
4.915283333333333,0.0
5.728266666666666,0.0
4.664283333333333,0.0
3.4463666666666666,0.0
2.54885,0.0
