use,car
2.206583333333333,0.0
2.0439,0.0
1.269116666666667,0.0
1.2186666666666668,0.0
2.0043333333333333,0.0
3.4802833333333334,0.0
0.4598,0.0
1.8876666666666668,0.0
0.32395,0.0
0.3080666666666666,0.0
0.3093333333333333,0.0
0.3209833333333333,0.0
0.31865,0.0
0.3148666666666666,0.0
0.3379833333333333,0.0
1.9921166666666668,0.0
2.5305,0.0
4.278133333333333,0.0
4.831,0.0
6.36835,0.0
5.156233333333333,0.0
5.113466666666667,0.0
3.0719833333333333,0.0
2.9396666666666667,0.0
