use,car
2.550533333333333,0.0
1.4999,0.0
1.946,0.0
0.67085,0.0
1.343883333333333,0.0
1.8211166666666667,0.0
2.51485,0.0
1.3824,0.0
2.022866666666667,0.0
1.79585,0.0
2.4852333333333334,0.0
3.0837,0.0
5.26845,0.0
4.19035,0.0
8.529683333333333,0.0
2.8941166666666667,0.0
4.286766666666667,0.0
5.1997,0.0
5.511866666666666,0.0
5.453916666666666,0.0
5.268666666666666,0.0
2.98665,0.0
3.2554833333333333,0.0
2.9851666666666667,0.0
