use,car
1.9719833333333332,0.0
1.3197333333333332,0.0
1.2488833333333331,0.0
1.3178833333333333,0.0
1.3124333333333331,0.0
3.6181666666666663,0.0
0.6101833333333332,0.0
1.8609833333333332,0.0
0.4815833333333332,0.0
0.4079,0.0
0.39521666666666655,0.0
0.5903166666666666,0.0
0.9682166666666664,0.0
2.4782,0.0
4.807816666666667,0.0
4.0269,0.0
1.2257166666666668,0.0
4.8724,0.0
5.03715,0.0
5.068316666666666,0.0
5.17945,0.0
5.967283333333333,0.0
2.8754166666666667,0.0
2.24795,0.0
