use,car
2.393,0.0
1.9644666666666668,0.0
2.12045,0.0
1.4432333333333331,0.0
1.9748166666666669,0.0
3.888633333333333,0.0
1.5275833333333333,0.0
0.5982666666666666,0.0
0.4781333333333332,0.0
1.0425,0.0
1.2322166666666667,0.0
0.4582,0.0
0.39216666666666655,0.0
1.9715,0.0
2.8522833333333333,0.0
2.084216666666667,0.0
2.8071,0.0
4.136483333333333,0.0
4.992366666666666,0.0
5.048283333333333,0.0
5.0462333333333325,0.0
3.664983333333333,0.0
3.145566666666667,0.0
5.4090333333333325,0.0
