use,car
1.1411666666666669,0.0
0.2837,0.0
1.2327,0.0
1.3091333333333333,0.0
1.79315,0.0
2.909933333333333,0.0
0.7831666666666666,0.0
1.901233333333333,0.0
0.2298,0.0
0.2433,0.0
0.2454,0.0
0.24485,0.0
0.2530333333333333,0.0
0.2522333333333333,0.0
0.2503333333333333,0.0
2.070116666666667,0.0
1.180483333333333,0.0
0.58345,0.0
0.7028666666666666,0.0
2.101433333333333,0.0
6.116266666666666,0.0
5.332733333333333,0.0
1.8155666666666668,0.0
3.7889666666666666,0.0
