use,car
0.3994666666666665,0.0
1.21725,0.0
1.233933333333333,0.0
1.2374833333333333,0.0
1.2152166666666668,0.0
1.11525,0.0
0.7969166666666666,0.0
0.8713166666666666,0.0
0.3316,0.0
0.3520333333333333,0.0
0.3609333333333333,0.0
0.3580333333333333,0.0
0.3451,0.0
0.39971666666666655,0.0
4.03875,0.0
4.67575,0.0
4.8932166666666665,0.0
5.008516666666666,0.0
4.887616666666666,0.0
5.083883333333333,0.0
4.12845,0.0
3.104716666666667,0.0
2.26225,0.0
3.01695,0.0
