use,car
1.2867,0.0
1.2655333333333332,0.0
1.2689333333333332,0.0
1.36535,0.0
0.4513166666666666,0.0
1.3759333333333332,0.0
1.8068,0.0
1.2204333333333333,0.0
4.523883333333333,0.0
2.235716666666667,0.0
2.0326166666666667,0.0
0.53925,0.0
0.37265,0.0
0.6364166666666666,0.0
5.01325,0.0
6.38915,0.0
3.465666666666667,0.0
5.003583333333332,0.0
4.91165,0.0
2.221833333333333,0.0
0.621,0.0
0.6252833333333332,0.0
0.62425,0.0
3.8563166666666664,0.0
