use,car
0.7204333333333331,0.0
1.25245,0.0
1.4243,0.0
1.3211333333333333,0.0
0.3555166666666666,0.0
2.5899,0.0
0.52655,0.0
1.8907666666666667,0.0
0.3326333333333333,0.0
0.3167,0.0
0.3155833333333333,0.0
0.34755,0.0
0.34015,0.0
0.3378166666666666,0.0
0.3201166666666666,0.0
1.8163333333333331,0.0
2.372866666666667,0.0
4.088066666666666,0.0
5.5773,0.0
5.004766666666667,0.0
5.30705,0.0
3.58115,0.0
2.0064,0.0
2.6174666666666666,0.0
