use,car
1.2458,0.0
1.1577833333333332,0.0
1.260916666666667,0.0
0.96005,0.0
0.7792,0.0
3.6203,0.0
2.0513,0.0
1.7840333333333331,0.0
0.341,0.0
0.37436666666666657,0.0
0.346,0.0
0.3120833333333333,0.0
0.3317166666666666,0.0
0.4473,0.0
1.48275,0.0
4.616716666666666,0.0
4.543483333333333,0.0
3.5939666666666668,0.0
2.60175,0.0
3.531616666666667,0.0
4.975216666666666,0.0
2.0620333333333334,0.0
1.3249333333333333,0.0
1.2924166666666668,0.0
