use,car
0.3282333333333333,0.0
1.31555,0.0
1.28085,0.0
0.39675,0.0
1.1514166666666668,0.0
1.76735,0.0
0.5643,0.0
0.8638333333333331,0.0
1.84535,0.0
1.86095,0.0
0.4422,0.0
0.38216666666666654,0.0
0.41086666666666655,0.0
0.3849333333333333,0.0
0.36985,0.0
0.36981666666666657,0.0
1.7708166666666667,0.0
4.5008,0.0
4.4138,0.0
2.39,0.0
2.5821666666666667,0.0
1.4329166666666668,0.0
1.5876666666666668,0.0
0.487,0.0
