use,car
1.2380833333333332,0.0
0.3667166666666666,0.0
0.44105,0.0
1.1984666666666668,0.0
0.3247833333333333,0.0
0.93585,0.0
1.2234666666666667,0.0
3.34635,0.0
0.3122166666666666,0.0
0.2869833333333333,0.0
0.3125166666666666,0.0
0.3057166666666666,0.0
0.30055,0.0
0.3091166666666666,0.0
0.3515,0.0
0.3047833333333333,0.0
0.5121666666666665,0.0
1.6640333333333333,0.0
5.850983333333333,0.0
4.818966666666666,0.0
4.857683333333333,0.0
2.228766666666667,0.0
2.7898,0.0
0.5181,0.0
