use,car
0.3126833333333333,0.0
0.3058166666666666,0.0
0.3220166666666666,0.0
0.3164666666666666,0.0
0.31395,0.0
0.3223666666666666,0.0
0.5857333333333332,0.0
0.8553,0.0
0.3035666666666666,0.0
0.3224666666666666,0.0
0.3052,0.0
0.30075,0.0
0.3001666666666666,0.0
0.28165,0.0
0.2851333333333333,0.0
0.3157833333333333,0.0
0.6246166666666666,0.0
1.5613833333333331,0.0
2.837283333333333,0.0
1.2768166666666667,0.0
3.642483333333333,0.0
2.3717333333333332,0.0
0.98505,0.0
0.9657,0.0
