use,car
0.3863833333333333,0.0
0.3409,0.0
0.3245666666666666,0.0
0.3206333333333333,0.0
0.33055,0.0
0.3255,0.0
0.5222,0.0
0.5421833333333332,0.0
0.2926166666666666,0.0
0.3130166666666666,0.0
0.30875,0.0
0.38585,0.0
0.38375,0.0
0.3094666666666666,0.0
0.2983333333333333,0.0
0.3007666666666666,0.0
0.49065,0.0
0.4996166666666666,0.0
4.752733333333333,0.0
2.479616666666667,0.0
1.7069666666666667,0.0
0.9046833333333332,0.0
0.7217333333333332,0.0
1.1348166666666668,0.0
