use,car
0.7260666666666665,0.0
0.4500333333333333,0.0
1.3689666666666669,0.0
0.4692833333333332,0.0
0.43185,0.0
0.4330333333333333,0.0
1.3938,0.0
1.0525,0.0
1.1785666666666668,0.0
1.75525,0.0
1.6830333333333332,0.0
0.6973166666666666,0.0
0.677,0.0
0.6565333333333332,0.0
0.65105,0.0
0.6620833333333332,0.0
3.5414833333333333,0.0
5.219133333333333,0.0
5.685133333333333,0.0
6.587916666666667,0.0
3.2859833333333333,0.0
3.223666666666667,0.0
1.7532166666666669,0.0
2.02485,0.0
