use,car
0.36158333333333326,0.0
0.3246,0.0
0.5898,0.0
0.3449,0.0
0.32355,0.0
0.6373,0.0
0.6046666666666666,0.0
0.817,0.0
0.3628,0.0
0.3281333333333333,0.0
0.3305166666666666,0.0
0.3456833333333333,0.0
0.3455166666666666,0.0
0.3374666666666666,0.0
0.351,0.0
0.3301833333333333,0.0
0.5281166666666666,0.0
0.7593,0.0
1.7127333333333332,0.0
2.1718333333333333,0.0
1.4923166666666667,0.0
1.107033333333333,0.0
1.0612333333333333,0.0
0.68625,0.0
