use,car
0.3387666666666666,0.0
0.34585,0.0
0.3247333333333333,0.0
0.3042166666666666,0.0
0.3347,0.0
0.3249666666666666,0.0
0.5951,0.0
0.8425833333333331,0.0
0.5113666666666666,0.0
0.3444833333333333,0.0
0.3214166666666666,0.0
0.2926666666666666,0.0
0.2986166666666666,0.0
0.3242833333333333,0.0
0.3276666666666666,0.0
0.2961166666666666,0.0
0.5370333333333333,0.0
1.0309,0.0
1.81515,0.0
0.8151833333333331,0.0
0.68955,0.0
0.83915,0.0
0.4264833333333333,0.0
0.6525666666666666,0.0
