use,car
0.39666666666666656,0.0
0.5658,0.0
0.33405,0.0
0.56325,0.0
0.3367333333333333,0.0
0.65145,0.0
1.0291666666666668,0.0
0.9443333333333332,0.0
0.2978666666666666,0.0
0.7274833333333331,0.0
1.9327166666666669,0.0
0.5238666666666666,0.0
0.37246666666666656,0.0
0.37556666666666655,0.0
0.3666166666666666,0.0
0.36398333333333327,0.0
0.6113166666666666,0.0
1.5154666666666667,0.0
1.084833333333333,0.0
1.1055833333333331,0.0
0.9981333333333332,0.0
1.0762666666666667,0.0
1.1946,0.0
0.5136,0.0
