use,car
0.3968333333333333,0.0
0.38485,0.0
0.3713833333333333,0.0
0.3646,0.0
0.3550833333333333,0.0
0.37061666666666654,0.0
0.44776666666666654,0.0
0.6999666666666666,0.0
0.3654333333333333,0.0
0.4040833333333333,0.0
0.3575333333333333,0.0
0.3330166666666666,0.0
0.3342333333333333,0.0
0.3540166666666666,0.0
0.34905,0.0
0.3482333333333333,0.0
0.5290666666666666,0.0
0.6220333333333332,0.0
0.9607166666666664,0.0
1.0653,0.0
1.0711666666666668,0.0
0.9932833333333332,0.0
1.00375,0.0
0.5182,0.0
