use,car
0.4653833333333332,0.0
0.3958833333333333,0.0
0.36563333333333325,0.0
0.3462833333333333,0.0
0.3281833333333333,0.0
0.3822333333333333,0.0
0.46425,0.0
0.7366166666666665,0.0
0.36045,0.0
0.3333833333333333,0.0
0.3175666666666666,0.0
0.3635166666666666,0.0
0.3762833333333333,0.0
0.371,0.0
0.4685833333333332,0.0
0.38776666666666654,0.0
0.5653666666666666,0.0
0.6649833333333331,0.0
1.25995,0.0
0.8408166666666665,0.0
1.0043333333333333,0.0
1.22875,0.0
0.4381,0.0
0.4362333333333333,0.0
