use,car
0.4873333333333332,0.0
0.4435833333333333,0.0
0.4195833333333333,0.0
0.4688833333333332,0.0
0.42601666666666654,0.0
0.4267333333333333,0.0
0.46645,0.0
0.4227,0.0
0.821133333333333,0.0
0.6571333333333332,0.0
0.5214333333333332,0.0
0.5892,0.0
1.9776833333333332,0.0
1.32305,0.0
0.48085,0.0
0.6860333333333332,0.0
0.7196166666666666,0.0
0.613,0.0
0.6191666666666666,0.0
0.66105,0.0
2.2890333333333333,0.0
0.7899166666666666,0.0
0.4458333333333333,0.0
0.3914833333333333,0.0
