use,car
0.60575,0.0
0.6106333333333333,0.0
0.6016166666666666,0.0
0.6085333333333331,0.0
0.575,0.0
1.16855,0.0
0.69535,0.0
0.7425166666666666,0.0
0.39905,0.0
0.3189833333333333,0.0
0.3448,0.0
0.3393333333333333,0.0
0.3481666666666666,0.0
0.3836333333333333,0.0
0.3391333333333333,0.0
0.7269166666666665,0.0
1.24735,0.0
1.47355,0.0
2.534183333333333,0.0
2.426883333333333,0.0
2.138783333333333,0.0
1.4253833333333332,0.0
0.9858666666666664,0.0
0.9791833333333332,0.0
