use,car
0.4692,0.0
0.43375,0.0
0.41936666666666655,0.0
0.42755,0.0
0.32695,0.0
0.3719,0.0
0.41505,0.0
0.6476666666666666,0.0
0.3320833333333333,0.0
0.3771833333333333,0.0
0.36658333333333326,0.0
0.3597833333333333,0.0
0.3319666666666666,0.0
0.3549666666666666,0.0
0.3416,0.0
0.3179666666666666,0.0
0.5565333333333332,0.0
2.3867,0.0
2.8722166666666666,0.0
1.6675,0.0
2.3430833333333334,0.0
1.2412666666666667,0.0
3.09585,0.0
0.37501666666666655,0.0
