use,car
0.3462166666666666,0.0
0.36745,0.0
0.3529166666666666,0.0
0.3343166666666666,0.0
0.3748166666666666,0.0
0.3504,0.0
0.3444833333333333,0.0
0.4848,0.0
0.4107333333333333,0.0
0.37701666666666656,0.0
0.389,0.0
0.38076666666666653,0.0
0.36905,0.0
0.3227666666666666,0.0
0.3005833333333333,0.0
0.3177166666666666,0.0
0.5232166666666666,0.0
0.55195,0.0
4.03875,0.0
2.0267,0.0
2.8034166666666667,0.0
1.2913,0.0
1.0238833333333333,0.0
1.7816166666666668,0.0
