use,car
0.34715,0.0
0.3259666666666666,0.0
0.3409,0.0
0.3326166666666666,0.0
0.4644,0.0
0.40516666666666656,0.0
0.4139,0.0
1.2675666666666667,0.0
0.5364666666666666,0.0
0.3174333333333333,0.0
0.3370333333333333,0.0
0.2884333333333333,0.0
0.3252333333333333,0.0
0.32585,0.0
0.292,0.0
0.3258166666666666,0.0
0.5612166666666666,0.0
0.5152666666666667,0.0
1.826,0.0
0.5102166666666667,0.0
2.1218,0.0
0.8804666666666666,0.0
0.6982,0.0
0.3123,0.0
