use,car
0.8266166666666666,0.0
0.35845,0.0
0.3387166666666666,0.0
1.0806166666666668,0.0
0.2859666666666666,0.0
0.3161666666666666,0.0
0.53935,0.0
0.79195,0.0
0.7519333333333331,0.0
0.7128333333333332,0.0
0.7158333333333332,0.0
0.7228,0.0
0.7145,0.0
0.7256,0.0
0.6740333333333332,0.0
0.3267166666666666,0.0
2.7388,0.0
1.8483833333333333,0.0
0.8810166666666666,0.0
1.6981666666666668,0.0
0.8712833333333331,0.0
2.015066666666667,0.0
0.3650166666666666,0.0
0.3525333333333333,0.0
