use,car
1.95785,0.007
1.71945,0.007
1.6976166666666668,0.007
0.8000666666666666,0.007
0.77705,0.007
0.8026,0.007
1.2990666666666668,0.007
1.1999166666666667,0.00705
1.1333,0.007
1.837883333333333,0.007
1.9653666666666667,0.007
4.166033333333333,0.007
3.330283333333333,0.007
3.9102,0.007
4.883166666666666,0.006966666666666666
4.1283666666666665,0.007
4.0087,0.007
1.8694833333333332,0.007
1.6285333333333332,0.2659
1.0717666666666668,0.007
1.51145,0.007
1.5675,0.007
2.35645,0.007
1.14975,0.007
