use,car
1.0917,0.007
1.11385,0.007
1.1697333333333333,0.007
1.1264666666666667,0.007
1.3496833333333331,0.007
3.739283333333333,0.007
5.11255,0.007
5.492516666666666,0.007
5.273833333333333,0.007
2.7393,0.007
3.5949,0.0072
4.737,0.00715
5.173783333333333,0.007
3.673933333333333,0.007
4.571366666666666,0.00845
6.02595,0.013
6.364366666666666,0.01295
1.4757333333333331,0.0074
1.1750166666666668,0.007
1.24855,0.007
3.01475,0.007
3.81545,0.007
5.140683333333333,0.007
1.15815,0.007
