use,car
0.44496666666666657,0.0
0.16665,0.0
0.156,0.0
0.1520833333333333,0.0
0.16126666666666664,0.0
0.1599333333333333,0.0
0.16345,0.0
0.2056,0.0
0.5407666666666666,0.0
1.0758833333333333,0.0
0.4054,0.0
0.21703333333333327,0.0
0.20661666666666664,0.0
0.2318833333333333,0.0
1.8468166666666668,0.0
0.32305,0.0
1.5077,0.0
1.9736333333333331,1.18675
3.7414166666666664,2.27175
1.0072,0.0
0.53645,0.0
0.5848,0.0
0.4936666666666666,0.0
0.2876333333333333,0.0
