use,car
0.20518333333333327,0.0
0.20496666666666666,0.0
0.2057,0.0
0.193,0.0
0.18616666666666665,0.0
0.18553333333333327,0.0
0.18771666666666664,0.0
0.2036,0.0
0.20971666666666666,0.0
0.2225,0.0
0.2488333333333333,0.0
0.2493833333333333,0.0
0.25425,0.0
0.2590833333333333,0.0
0.2592333333333333,0.0
0.2689833333333333,0.0
0.2499666666666666,0.0
0.23675,0.0
1.4624833333333331,0.0
2.070066666666667,0.0
0.2894333333333333,0.0
0.19328333333333328,0.0
0.4827166666666666,0.0
0.5472333333333332,0.0
