use,car
0.6708833333333332,0.0
0.56495,0.0
0.43961666666666654,0.0
0.4335,0.0
0.30815,0.0
1.0088166666666665,0.0
0.1755833333333333,0.0
0.2641333333333333,0.0
0.29415,0.0
0.93075,0.0
0.8847166666666666,0.0
1.3041666666666667,0.0
0.6841166666666666,0.0
0.72155,0.0
0.7661,0.0
0.6457333333333332,0.0
1.080466666666667,0.0
0.4892333333333332,0.0
2.5832,0.0
2.6068333333333333,0.0
2.465333333333333,0.0
1.1229166666666668,0.0
1.3530166666666668,0.0
0.34475,0.0
