use,car
1.27105,0.0
0.3369833333333333,0.0
0.19861666666666666,0.0
0.24015,0.0
0.22975,0.0
0.1837166666666666,0.0
0.2643,0.0
1.28775,0.0
0.7163833333333331,0.0
0.7183333333333332,0.0
0.8046833333333331,0.0
0.9033,0.0
0.52995,0.0
0.2871333333333333,0.0
0.2574666666666666,0.0
0.3836,0.0
0.2471333333333333,0.0
0.1964833333333333,0.0
0.3435833333333333,0.0
1.3908,0.0
0.92645,0.0
1.2601,0.0
0.88835,0.0
0.2817,0.0
