use,car
0.3225666666666666,0.0
0.20036666666666664,0.0
0.2915,0.0
0.2767,0.0
0.21095,0.0
0.20936666666666665,0.0
0.2495333333333333,0.0
0.2258,0.0
0.19205,0.0
0.5017333333333333,0.0
0.2725833333333333,0.0
0.2485833333333333,0.0
0.4576166666666666,0.0
0.7897166666666666,0.0
0.644,0.0
0.2980166666666666,0.0
0.277,0.0
0.21528333333333327,0.0
0.2176,0.0
0.21586666666666665,0.0
0.18511666666666665,0.0
2.392,2.0841333333333334
3.6227,3.34565
3.5195833333333333,3.342633333333333
