use,car
0.2333833333333333,0.0
0.2279333333333333,0.0
0.2437666666666666,0.0
0.2762,0.0
0.4298833333333333,0.0
0.3162,0.0
0.9834,0.0
0.2922,0.0
0.5826333333333332,0.0
1.13785,0.0
0.8735666666666666,0.0
0.5794833333333332,0.0
0.3092,0.0
0.2317,0.0
0.3017833333333333,0.0
0.2704333333333333,0.0
0.39551666666666657,0.0
1.44435,0.0
0.67925,0.0
2.033233333333333,0.0
0.9353666666666663,0.0
1.3161833333333333,0.0
3.67735,0.0
0.9627833333333332,0.0
