use,car
0.5542,0.0
0.49215,0.0
1.1900833333333332,0.0
0.2141,0.0
0.21241666666666664,0.0
0.267,0.0
0.19803333333333328,0.0
1.13275,0.0
1.5116666666666667,0.0
1.0534333333333332,0.0
3.14705,0.0
2.593516666666667,0.0
3.226,0.0
2.1022166666666666,0.0
1.5484,0.0
1.3592666666666668,0.0
2.5618333333333334,0.0
2.062333333333333,0.0
1.3189333333333333,0.0
1.9025666666666667,0.0
2.3093833333333333,0.0
0.69325,0.0
0.7922833333333331,0.0
0.4027833333333333,0.0
