use,car
0.7940333333333331,0.0
0.2954666666666666,0.0
1.0208,0.0
0.16545,0.0
1.3181666666666667,0.0
0.2839,0.0
0.17585,0.0
0.9959333333333332,0.0
1.4421,0.0
1.0352833333333331,0.0
0.2979,0.0
0.19873333333333326,0.0
0.2695333333333333,0.0
0.3289666666666666,0.0
0.4347666666666665,0.0
0.3229333333333333,0.0
0.31595,0.0
1.2729833333333331,0.0
2.48845,0.0
2.646333333333333,0.0
1.9582,0.0
0.7549,0.0
1.631916666666667,0.0
1.54195,0.0
