use,car
0.44546666666666657,0.0
1.870766666666667,0.0
0.5184833333333332,0.0
0.6805,0.0
0.8820666666666666,0.0
0.2406833333333333,0.0
0.28615,0.0
0.21145,0.0
1.7678,0.0
1.3019166666666668,0.0
1.7035166666666668,0.0
2.9402666666666666,0.0
1.2925166666666668,0.0
2.8808833333333332,0.0
3.5322666666666667,0.0
3.5866,0.0
2.71735,0.0
2.1587,0.0
2.70925,0.0
2.25635,0.0
1.30055,0.0
0.8674333333333331,0.0
3.39895,2.8025333333333333
4.883983333333333,3.1411333333333333
