use,car
1.2283166666666667,0.0
0.48135,0.0
0.34755,0.0
1.4588333333333332,0.0
0.2491833333333333,0.0
0.2862,0.0
0.25185,0.0
0.2583666666666666,0.0
1.1705166666666669,0.0
2.031683333333333,0.0
0.3358833333333333,0.0
2.5176166666666666,0.0
2.536833333333333,0.0
1.8301833333333333,0.0
0.3834833333333333,0.0
0.386,0.0
0.3246166666666666,0.0
0.2373833333333333,0.0
1.2141166666666667,0.0
2.910566666666667,0.0
1.9716166666666668,0.0
2.6965,0.0
2.097983333333333,0.0
1.13235,0.0
