use,car
1.7718333333333331,0.0
0.4703666666666666,0.0
1.5178333333333331,0.0
0.3320166666666666,0.0
1.1294333333333333,0.0
0.34935,0.0
0.9509333333333332,0.0
0.2509,0.0
1.0602833333333332,0.0
1.64895,0.0
0.7499666666666666,0.0
0.8658166666666666,0.0
0.7072833333333332,0.0
0.91205,0.0
1.66285,0.0
0.3512166666666666,0.0
0.7286,0.0
0.7089833333333332,0.0
2.8273,0.0
2.5387166666666667,0.0
3.2286,0.0
1.2847166666666667,0.0
2.5606,0.0
0.5060166666666666,0.0
