use,car
1.6584333333333332,0.0
0.3330166666666666,0.0
1.6563,0.0
0.17655,0.0
0.9069,0.0
1.3367,0.0
0.4637666666666666,0.0
1.1254833333333332,0.0
0.7523,0.0
1.4096666666666668,0.0
1.5870166666666667,0.0
1.05755,0.0
0.9987,0.0
0.18991666666666665,0.0
0.2706333333333333,0.0
0.2704333333333333,0.0
0.40611666666666657,0.0
0.2771,0.0
4.664533333333333,0.0
1.7989166666666667,0.0
2.613916666666667,0.0
1.9119166666666667,0.0
0.2829333333333333,0.0
0.19291666666666665,0.0
