use,car
1.7281833333333332,0.0
0.7843666666666665,0.0
1.346666666666667,0.0
0.7944,0.0
1.17235,0.0
0.8225833333333331,0.0
0.83625,0.0
1.39285,0.0
1.8036166666666669,0.0
0.40135,0.0
0.3717833333333333,0.0
0.78525,0.0
2.10275,0.0
1.3726166666666668,0.0
1.7813166666666669,0.0
3.025066666666667,0.0
0.4867666666666666,0.0
0.37455,0.0
2.06745,0.0
2.463633333333333,0.0
2.73225,0.0
2.5335666666666667,0.0
2.4791833333333333,0.0
4.32005,0.0
