use,car
1.30805,0.0
1.0838,0.0
1.2097166666666668,0.0
0.5531,0.0
0.8514666666666666,0.0
0.7280666666666665,0.0
0.70065,0.0
1.1695833333333332,0.0
0.45295,0.0
1.4053666666666669,0.0
1.59555,0.0
3.0549,0.0
2.7681666666666667,0.0
1.4800166666666668,0.0
1.4717833333333332,0.0
2.646516666666667,0.0
3.18785,0.0
3.265366666666667,0.0
3.2150833333333333,0.0
3.201083333333333,0.0
2.831116666666667,0.0
0.6563166666666665,0.0
0.72875,0.0
1.6414,0.0
