use,car
1.7777166666666668,0.0
0.3169333333333333,0.0
0.95915,0.0
0.41521666666666657,0.0
0.96905,0.0
0.3023833333333333,0.0
0.24435,0.0
0.2468,0.0
0.54525,0.0
1.2911,0.0
0.4667333333333332,0.0
0.3020666666666666,0.0
2.003483333333333,0.0
1.1835833333333332,0.0
0.3407,0.0
0.46435,0.0
0.3175833333333333,0.0
0.5846666666666666,0.0
2.227116666666667,0.0
2.078933333333333,0.0
1.86895,0.0
2.0599,1.072566666666667
4.873783333333333,3.326783333333333
3.8114166666666662,3.324116666666667
