use,car
0.4280833333333333,0.0
0.7069166666666666,0.0
0.2008,0.0
0.6674666666666667,0.0
0.2414166666666666,0.0
0.2261833333333333,0.0
0.20583333333333328,0.0
0.4372833333333333,0.0
1.7275333333333331,0.0
1.4013833333333332,0.0
1.17135,0.0
0.8845,0.0
1.2144,0.0
0.9691833333333332,0.0
0.9461666666666664,0.0
0.6327,0.0
0.3182666666666666,0.0
0.2495833333333333,0.0
2.246433333333333,0.0
2.1831,0.0
1.5198666666666667,0.0
1.462516666666667,0.0
0.8154166666666666,0.0
1.2182,0.0
