use,car
0.26975,0.0
1.3987666666666667,0.0
0.22285,0.0
0.2318166666666666,0.0
0.7412666666666666,0.0
0.45845,0.0
0.1668333333333333,0.0
0.2952833333333333,0.0
0.97445,0.0
1.2943666666666669,0.0
0.7883666666666665,0.0
1.0889,0.0
1.5745,0.0
0.83105,0.0
0.1834666666666666,0.0
0.2734666666666666,0.0
0.1582,0.0
0.2645,0.0
2.431416666666667,0.0
1.96415,0.0
0.830183333333333,0.0
0.2871666666666666,0.0
0.62815,0.0
1.43465,0.0
