use,car
0.8238833333333331,0.0
0.5606166666666667,0.0
0.4123,0.0
1.4377,0.0
0.2873166666666666,0.0
0.7173166666666666,0.0
1.3628,0.0
0.39656666666666657,0.0
0.8163,0.0
1.1968333333333332,0.0
0.8171,0.10715
0.5138166666666666,0.0
0.9156166666666666,0.0
1.5441333333333331,0.0
1.0900833333333333,0.0
1.21865,0.0
0.3455,0.0
0.4716166666666666,0.0
1.2966833333333332,0.0
2.1343666666666667,0.0
3.0742,0.0
0.5788166666666666,0.0
3.5629,2.9160833333333334
3.548083333333333,3.339383333333333
