use,car
0.2363,0.0
0.21713333333333326,0.0
0.18921666666666664,0.0
0.19155,0.0
0.2219333333333333,0.0
0.22038333333333326,0.0
0.2865666666666666,0.0
1.3179166666666668,0.0
0.8362,0.0
0.35285,0.0
0.29585,0.0
0.2491333333333333,0.0
0.29935,0.0
0.3318833333333333,0.0
0.2674,0.0
0.3282166666666666,0.0
0.2980666666666666,0.0
0.2443833333333333,0.0
1.2612166666666669,0.0
1.4081833333333331,0.0
2.47235,0.0
0.7236,0.0
0.7578833333333331,0.0
0.70195,0.0
