use,car
0.21866666666666665,0.0
0.30225,0.0
0.3987833333333333,0.0
0.2417333333333333,0.0
0.3028666666666666,0.0
0.2415333333333333,0.0
0.2973166666666666,0.0
0.6053166666666666,0.0
0.6389,0.0
0.9235333333333332,0.0
0.5177833333333332,0.0
0.6175833333333332,0.0
0.66205,0.0
0.7737666666666666,0.0
2.5335,0.0
0.8231,0.0
0.4191166666666665,0.0
0.4589333333333333,0.0
0.4519,0.0
0.4579833333333333,0.0
0.5460166666666666,0.0
0.4169,0.0
0.2255833333333333,0.0
0.43825,0.0
