use,car
0.2299333333333333,0.0
0.31685,0.0
0.2228,0.0
0.22165,0.0
0.21706666666666666,0.0
0.21745,0.0
0.2899,0.0
0.3287,0.0
0.68165,0.0
0.6515666666666666,0.0
0.7958666666666666,0.0
1.0968833333333332,0.0
0.6921,0.0
0.43961666666666654,0.0
0.4268,0.0
0.4693,0.0
0.6638833333333332,0.0
1.0078,0.0
1.4099833333333331,0.0
2.9454,0.0
1.0234833333333333,0.0
0.7650333333333331,0.0
0.9971,0.0
0.7766,0.0
