use,car
0.2102,0.0
0.1943,0.0
0.4461333333333333,0.0
0.3342166666666666,0.0
0.3154333333333333,0.0
0.25175,0.0
0.33065,0.0
0.17626666666666665,0.0
0.20891666666666664,0.0
0.5311833333333332,0.0
0.98925,0.0
4.4645,0.0
1.20595,0.0
0.5825333333333332,0.0
0.20988333333333328,0.0
0.1971,0.0
0.171,0.0
0.16821666666666665,0.0
0.1603,0.0
0.3519666666666666,0.0
0.3286166666666666,0.0
0.4170333333333333,0.0
0.74585,0.0
0.2617333333333333,0.0
