use,car
0.40975,0.0
0.31865,0.0
0.18215,0.0
0.4978833333333332,0.0
0.2565833333333333,0.0
0.2895333333333333,0.0
0.4557,0.0
0.2763,0.0
0.7661333333333331,0.0
0.3528,0.0
0.20946666666666666,0.0
0.18071666666666664,0.0
0.7494666666666666,0.0
0.7712666666666665,0.0
0.54655,0.0
1.9942,0.6459
4.764783333333333,3.34515
3.5266,2.281066666666667
0.0,0.0
0.0,0.0
0.0,0.0
0.0,0.0
0.0,0.0
0.0,0.0
