use,car
0.7019166666666666,0.0
0.6486833333333332,0.0
0.3508833333333333,0.0
0.2817,0.0
0.5068166666666666,0.0
0.34065,0.0
0.19001666666666664,0.0
0.2728666666666666,0.0
0.2142,0.0
0.2870166666666666,0.0
0.2875833333333333,0.0
0.2749,0.0
0.3203833333333333,0.0
0.2444333333333333,0.0
0.33725,0.0
0.249,0.0
0.2673166666666666,0.0
0.23405,0.0
0.20723333333333327,0.0
0.2582333333333333,0.0
0.17741666666666664,0.0
0.2671666666666666,0.0
0.20346666666666666,0.0
0.23275,0.0
