use,car
0.18623333333333328,0.0
0.23041666666666666,0.0
0.22651666666666664,0.0
0.1825,0.0
0.24515,0.0
0.2075,0.0
0.19693333333333327,0.0
0.5713166666666666,0.0
0.7372666666666665,0.0
0.62895,0.0
0.9223166666666666,0.0
0.9703,0.0
0.6023833333333332,0.0
0.4009333333333333,0.0
0.3255333333333333,0.0
0.2736,0.0
0.2889,0.0
0.2903166666666666,0.0
1.0503333333333331,0.0
1.2510666666666668,0.0
0.9722833333333332,0.0
0.42146666666666655,0.0
0.3311833333333333,0.0
0.3718333333333333,0.0
