use,car
0.458,0.0
0.3465833333333333,0.0
0.2767666666666666,0.0
0.2735666666666666,0.0
0.2752833333333333,0.0
0.2730833333333333,0.0
0.4991666666666666,0.0
0.83735,0.0
1.1905333333333332,0.0
0.8888666666666666,0.0
0.7613666666666666,0.0
0.9836166666666664,0.0
0.9845166666666664,0.0
0.9776666666666664,0.0
0.4212166666666666,0.0
0.42276666666666657,0.0
1.3859333333333332,0.0
1.5497,0.0
2.179333333333333,0.0
2.4684,0.0
3.641883333333333,0.0
2.3325,0.0
0.3064,0.0
0.3247,0.0
