use,car
0.2680666666666666,0.0
0.2690333333333333,0.0
0.3131,0.0
0.24725,0.0
1.3483166666666668,0.0
0.3049166666666666,0.0
0.2497,0.0
0.3401833333333333,0.0
0.4606666666666666,0.0
0.3267,0.0
0.6520333333333332,0.0
0.5323166666666665,0.0
0.5288333333333332,0.0
0.6652833333333332,0.0
0.469,0.0
0.4419833333333333,0.0
0.41521666666666657,0.0
0.4043,0.0
1.0875666666666668,0.0
0.4099,0.0
1.9339833333333332,0.0
0.80995,0.0
0.37606666666666655,0.0
0.3245333333333333,0.0
