use,car
0.4818333333333332,0.0
0.3106666666666666,0.0
0.2327666666666666,0.0
0.29995,0.0
0.2774166666666666,0.0
0.2461,0.0
0.3024333333333333,0.0
0.301,0.0
0.4878,0.0
0.6921166666666666,0.0
0.7412333333333331,0.0
0.56355,0.0
0.5151,0.0
0.4834,0.0
0.4202833333333333,0.0
0.4197833333333333,0.0
0.61785,0.0
0.67035,0.0
0.565,0.0
0.6382166666666667,0.0
0.9922166666666664,0.0
1.0132333333333332,0.0
0.5732333333333332,0.0
0.6392166666666667,0.0
