use,car
0.0,0.0
0.0,0.0
0.0,0.0
0.0,0.0
0.0,0.0
0.0,0.0
0.0,0.0
0.0,0.0
0.0,2.4387833333333333
0.0,3.3835333333333333
0.0,3.2439
0.0,0.1307333333333333
0.0,0.0
0.0,0.0
0.0,0.0
0.0,0.0
0.0,0.0
0.0,0.0
0.0,0.0
0.0,0.0
0.0,0.0
0.0,2.084566666666667
0.0,3.388133333333333
0.0,3.3817
