use,car
0.0,0.5168
0.0,3.38075
0.0,3.383433333333333
0.0,1.5151
0.0,0.0
0.0,0.0
0.0,0.0
0.0,0.0
0.0,0.0
0.0,0.0
0.0,0.0
0.0,0.0
0.0,0.0
0.0,0.0
0.0,0.0
0.0,0.0
0.0,0.0
0.0,0.0
0.0,0.0
0.0,0.0
0.0,0.0
0.0,0.6213833333333332
0.0,3.389416666666667
0.0,3.3903833333333333
