use,car
0.0,0.0
0.0,0.10561666666666664
0.0,0.0
0.0,0.0
0.0,0.0998
0.0,0.0
0.0,0.0
0.0,0.0
0.0,0.0
0.0,0.0
0.0,0.0
0.0,0.8155166666666666
0.0,3.376666666666667
0.0,2.531416666666667
0.0,0.0
0.0,0.0
0.0,0.0
0.0,0.12076666666666665
0.0,0.0769
0.0,0.0
0.0,0.0
0.0,0.0
0.0,0.1801833333333333
0.0,0.0
