use,car
0.0,0.0
0.0,0.0
0.0,0.0
0.0,0.0
0.0,0.0
0.0,0.0
0.0,0.0
0.0,0.0
0.0,0.0
0.0,0.0
0.0,0.0
0.0,0.0
0.0,0.0
0.0,0.0
0.0,0.0
0.0,0.0
0.0,0.4099833333333333
0.0,3.401466666666667
0.0,3.38325
0.0,3.3853166666666668
0.0,2.0355833333333333
0.0,0.0
0.0,0.0
0.0,0.0
