use,car
0.0,0.0
0.0,0.1239333333333333
0.0,0.0
0.0,0.0
0.0,0.0
0.0,0.0
0.0,0.1345
0.0,0.0
0.0,0.0
0.0,0.09465
0.0,0.0
0.0,0.0
0.0,0.0
0.0,0.0
0.0,2.4982
0.0,0.0
0.0,0.0
0.0,0.0
0.0,0.0
1.9898333333333331,0.21696666666666664
2.111883333333333,0.0
1.5883666666666667,0.0
1.5219166666666668,0.34
4.0618,3.05145
