use,car
1.038433333333333,0.09086666666666665
0.6362,0.0
0.7376833333333332,0.0
0.8299833333333331,0.0
0.7140833333333332,0.0
0.6127166666666666,0.0
0.58275,0.09643333333333333
0.3778333333333333,0.0
0.7266833333333332,0.0
0.2187,0.0
0.3905,0.0
0.7878666666666666,0.0
4.21145,0.0
1.2878,0.0
1.2062333333333333,0.0
1.46295,0.0
1.2739,0.0
1.1115333333333333,0.0
1.1562333333333332,0.1396833333333333
1.1240666666666668,0.0
0.9861166666666664,0.0
1.6989666666666667,0.0
0.93475,0.0
0.64235,0.0
