use,car
1.0897,0.0
0.9575333333333332,0.0
0.6734333333333332,0.0
0.9697,0.1219333333333333
0.5819,0.0
0.2740833333333333,0.0
0.5512666666666666,0.0
0.5680833333333332,0.0
0.35725,0.08043333333333333
0.4817,0.0
0.52225,0.0
0.5574333333333332,0.0
0.8406333333333331,0.0
0.9767333333333332,0.0
4.77175,0.0
2.084016666666667,0.0
1.96925,0.0
1.96915,0.0
2.0866833333333332,0.0
2.03035,0.0
1.335,0.0
0.4942,0.1371833333333333
0.495,0.0
0.45935,0.0
