use,car
0.5272,0.0
0.4986666666666666,0.0
0.1668,0.0
0.48945,0.0
0.19141666666666665,0.0
0.8494333333333332,0.0
0.6614833333333332,0.0
0.6441833333333332,0.0
0.2345833333333333,0.0
0.4832333333333332,0.0
2.8246333333333333,0.0
1.9738,0.0
0.21796666666666664,0.0
0.228,0.0
0.90365,0.0
1.69445,0.0
0.2199,0.0
1.511,0.0
0.8291,0.0
1.0692,0.0
1.1418833333333331,0.0
0.8801666666666667,0.0
0.5837833333333332,0.0
0.5451833333333332,0.0
