use,car
0.4772666666666666,0.0
0.69535,0.0
0.5097,0.0
0.4212,0.0
0.4586,0.0
0.4552166666666666,0.0
0.5881,0.0
0.6544166666666666,0.0
0.5465333333333332,0.0
0.43185,0.0
0.47565,0.0
0.4701833333333332,0.0
0.5084833333333332,0.0
0.8246,0.0
1.0327666666666668,0.0
2.54505,0.0007666666666666666
1.6445833333333333,0.00015
0.7609333333333331,0.0
1.0404166666666668,0.0003
0.7980833333333331,0.0003333333333333333
1.0437,0.0
1.1384,0.0
0.6184666666666666,0.0
0.9711333333333332,0.0
