use,car
0.5485666666666666,0.0
0.28975,0.0
0.6206833333333333,0.0
0.4999166666666666,0.0
0.5960333333333332,0.0
0.5818666666666666,0.0
0.2368333333333333,0.0
0.66375,0.00055
0.2757666666666666,0.0
0.5530833333333331,0.0
0.2630833333333333,0.0
0.54645,0.0
0.6460333333333332,0.0
0.5520833333333331,0.0
0.733,0.0
1.1225166666666668,0.0
1.1013166666666667,0.0
1.6164,0.0
0.6564166666666666,0.0
0.2991666666666666,0.0
0.3165,0.0
0.2955833333333333,0.0
0.3476833333333333,0.0
0.2511,0.0
