use,car
0.2873333333333333,0.0
0.3537,0.0
0.2712,0.0
0.3474833333333333,0.0
0.29525,0.0
0.28325,0.0
0.3585833333333333,0.0
0.2270333333333333,0.0
0.3762,0.0
0.2675833333333333,0.0
0.3223166666666666,0.0
0.3331833333333333,0.0
0.2897833333333333,0.0
3.3254,0.0
3.73205,0.0005
3.8448833333333328,0.0
3.6618,0.0
3.741733333333333,0.0
3.688783333333333,0.0
3.2455333333333334,0.0
3.271116666666667,0.0
2.201983333333333,0.0
2.5175,0.0
2.11655,0.0
