use,car
2.304816666666667,0.0
1.8344666666666667,0.0
1.8707,0.17275
1.403,0.0
1.29635,0.0
1.1624,0.0
1.1731166666666668,0.0
1.12965,0.0396
0.9981666666666664,0.06128333333333332
1.4447833333333333,0.0
1.5472833333333331,0.0
2.511283333333333,0.0
2.3910666666666667,0.0004
3.164766666666667,0.0
4.397833333333333,0.0004666666666666666
4.64785,0.00035
4.357066666666666,0.0
4.51355,0.0
4.285466666666666,0.0
4.058183333333333,0.0
4.18435,0.0
4.1784333333333326,0.0
4.0617,0.0
2.610316666666667,0.0
