use,car
1.5821,0.0
1.5253,0.0
1.4110666666666667,0.0
1.26535,0.0
1.4607333333333332,0.10723333333333332
1.4176666666666669,0.0
1.59355,0.0
1.8320833333333333,0.00065
1.5898666666666668,0.0
1.4654,0.0
1.62745,0.0
0.78645,0.00045
1.5011333333333332,0.0
2.65935,0.8749666666666666
4.36465,1.9830333333333332
2.57465,0.0
3.4372,0.0
3.3697833333333334,0.0
3.3705,0.0
3.6851666666666665,0.1329
3.4929,0.0
3.952433333333333,0.0
3.950233333333333,0.0
1.7461833333333332,0.10575
