use,car
1.8919333333333332,0.0
1.1838833333333332,0.0
1.1804333333333332,0.0
0.7673333333333331,0.0
0.8318666666666666,0.0939
0.62885,0.0
0.5796833333333332,0.0
0.8627,0.0
0.7069,0.0
0.50855,0.0
0.47855,0.0
0.42185,0.0
0.40461666666666657,0.0
4.57895,2.2545
6.903483333333333,3.3288333333333333
5.132466666666667,1.7776666666666667
3.7268,0.14905
3.8449,0.022
3.0406666666666666,0.0
2.6167,0.0
2.345933333333333,0.00025
1.9377,0.00025
1.98005,0.11248333333333332
2.2605833333333334,0.0
