use,car
0.7320666666666665,0.0
0.7659833333333331,0.0
0.7371,0.0
0.60995,0.0
0.8017666666666666,0.0
0.75965,0.0
0.8094333333333331,0.0005333333333333333
0.6766833333333332,0.0
0.8024833333333331,0.0
0.8053666666666666,0.0
1.21035,0.0
0.9073833333333332,0.0
1.54285,0.0
1.2863166666666668,0.0
1.45535,0.00041666666666666664
1.4818,0.0
1.4801,0.0
1.1583666666666668,0.0
1.09865,0.0
1.0334166666666669,0.0
0.5976666666666666,0.0
0.7032166666666666,0.0
0.7261833333333332,0.0
0.6936166666666665,0.0
