use,car
0.5001666666666666,0.0
0.4368166666666666,0.0
0.3935833333333333,0.0
0.4225,0.0
0.3881,0.0
0.4505,0.0
0.38211666666666655,0.0
0.49365,0.0
0.5179666666666666,0.0
0.4522833333333333,0.0
0.4752666666666666,0.0
0.4854833333333332,0.0
0.4318,0.0
0.3721,0.0
0.41295,0.0
0.5643666666666666,0.0
2.7055,1.6665833333333333
4.511833333333333,3.32555
3.60055,2.238866666666667
0.9031,0.0
0.7000666666666666,0.0
0.7947833333333331,0.0005833333333333333
0.7488333333333331,0.0
0.6430333333333332,0.0
