use,car
0.33395,0.0
0.3224833333333333,0.0
0.30535,0.0
0.3399,0.0
0.3848,0.0
0.39515,0.0
0.58895,0.0
0.7292833333333332,0.0
0.6280166666666666,0.00025
0.5056833333333332,0.0
0.4314833333333333,0.0
1.3614166666666667,1.02365
3.076166666666667,2.4533
0.6410333333333332,0.0
0.4608333333333333,0.0
0.4084333333333333,0.0
3.227983333333333,2.807166666666667
0.526,0.0
0.64405,0.0
0.7006666666666665,0.0
0.6504666666666666,0.0
0.5893666666666666,0.0
0.5768333333333332,0.0
0.5019,0.0
