use,car
1.7769666666666668,0.0001333333333333333
0.9305333333333332,5e-05
0.81965,0.0
0.81765,0.0
0.8210666666666666,0.0
0.8096666666666666,0.0
1.5960333333333332,0.0
1.08705,0.0
1.35035,0.0
2.9876,0.00085
2.11395,0.00125
1.29595,0.0
1.9917333333333331,0.0
0.81,0.0
1.1856,0.0001666666666666667
1.2239166666666668,0.0
0.846333333333333,0.0
1.0268833333333331,0.00021666666666666668
2.0964,6.666666666666666e-05
0.9739333333333332,0.0
0.91035,5e-05
1.35425,5e-05
2.016516666666667,0.0
1.94895,0.0
