use,car
0.43915,0.0
0.4408833333333333,0.0
0.44225,0.0
0.44476666666666653,0.0
0.4452333333333333,0.0
0.4439,0.0
0.44555,0.0
0.4411333333333333,0.0
0.4656166666666666,0.0
0.4374,0.0
0.43251666666666655,0.0
0.4305,0.0
0.4304333333333333,0.0
0.44076666666666653,0.0
0.4351,0.0
0.42765,0.0
0.4292,0.0
0.43151666666666655,0.0
0.4389,0.0
0.43,0.0
0.4299,0.0
0.43001666666666655,0.0
0.4312833333333333,0.0
0.43556666666666655,0.0
