use,car
0.4395833333333333,0.0
0.43691666666666656,0.0
0.4365333333333333,0.0
0.43921666666666653,0.0
0.4426,0.0
0.4439,0.0
0.4424333333333333,0.0
0.4440833333333333,0.0
0.45425,0.0
0.4677,0.0
0.4393833333333333,0.0
0.43075,0.0
0.4269833333333333,0.0
0.4362833333333333,0.0
0.42181666666666656,0.0
0.42056666666666653,0.0
0.4229,0.0
0.43366666666666653,0.0
0.4439833333333333,0.0
0.4384,0.0
0.43616666666666654,0.0
0.43751666666666655,0.0
0.4369833333333333,0.0
0.4348166666666666,0.0
