use,car
0.5695666666666666,0.0
0.564,0.0
0.5615,0.0
0.5770833333333332,0.0
0.5624666666666666,0.0
0.5731666666666666,0.0
0.5768833333333332,0.0
0.5617666666666666,0.0
0.5687833333333332,0.0
0.5364,0.0
0.5681166666666666,0.0
0.5510166666666666,0.0
0.5536833333333332,0.0
0.56345,0.0
0.5380166666666666,0.0
0.5228333333333332,0.0
0.5136666666666666,0.0
0.5567,0.0
0.5618,0.0
0.556,0.0
0.5287833333333332,0.0
0.5275,0.0
0.5258166666666666,0.0
0.5301833333333332,0.0
