use,car
7.11755,6.520566666666666
7.204116666666667,6.6037833333333325
4.072416666666666,2.6824833333333333
0.71345,0.1838
0.544,0.0
0.53655,0.0
0.5369,0.0
1.8072333333333332,0.0
4.5752,0.0002
1.9887,0.0
0.6004666666666666,5e-05
0.6098,0.0
0.6713833333333332,0.0
0.5263,0.0
0.5357166666666666,0.0
0.5220833333333332,0.0
0.5003166666666666,0.0
0.6473833333333332,0.0
0.9246,0.0
1.1721333333333332,0.0
1.35815,0.0
1.6928333333333332,0.0
2.2590166666666667,0.0
2.482616666666667,0.0
