use,car
1.4516,0.0
0.5801666666666666,0.0
0.5749833333333332,0.0
0.5803166666666666,0.0
0.5909166666666666,0.0
1.59915,0.0
1.1506,5e-05
1.22585,0.0
1.5565666666666669,0.0
2.0603833333333332,0.0
1.1692833333333332,0.0
1.1135,0.0
1.0866,0.0
1.5853666666666668,0.0
0.8245666666666666,0.0
0.7462333333333331,0.0
0.758,0.0
0.8640166666666667,0.0
2.495683333333333,0.0
3.3977833333333334,0.0
3.3400333333333334,0.0
3.0527,0.0
2.44115,0.0
1.0295166666666669,0.0
