use,car
0.7400666666666667,0.0
0.5747,0.0
0.5604833333333332,0.0
1.4792666666666667,0.0
0.5553666666666666,0.0
0.543,0.0
1.502,0.0
2.3788,0.0004666666666666666
2.6403333333333334,0.0002
6.49035,4.8609833333333325
0.58025,0.0
1.49935,0.0
0.5898166666666665,0.0
0.56515,0.0
0.56795,0.0
0.5756666666666665,0.0
0.5922,0.0
0.5085166666666666,0.0
1.0226166666666667,0.0
0.9288166666666664,0.0
0.8023166666666666,0.0
1.725833333333333,0.0
7.4882,5.895466666666667
7.660333333333333,6.582616666666667
