use,car
0.3815,0.005
0.3743,0.005
0.43215,0.005
0.3734,0.005
0.3752,0.005
0.3508833333333333,0.005
0.5342,0.005
0.7419,0.005
0.7286833333333332,0.005
0.9602,0.005
0.5076666666666666,0.005
0.38545,0.005
0.3727666666666665,0.005
0.3685666666666666,0.005
0.40195,0.005
0.3932833333333333,0.005
0.4284333333333333,0.005
0.82415,0.3742666666666665
4.58445,3.3981
2.6554333333333333,1.1420333333333332
0.62205,0.005
0.5097166666666666,0.005
1.6567,0.005
1.0256833333333333,0.005
