use,car
0.3330666666666666,0.0
0.3137,0.0
0.31335,0.0
0.19693333333333327,0.0
0.30035,0.0
0.20021666666666665,0.0
0.3438333333333333,0.0
0.33635,5e-05
0.33505,0.0
0.21361666666666665,0.0
0.22991666666666666,0.0
0.3613166666666666,0.0
0.5066666666666666,0.0
0.5001333333333332,0.0
1.08955,0.0
2.1087833333333332,0.0
2.05675,0.0
0.3641166666666666,0.0
0.4996166666666666,0.0
0.4806666666666666,0.0
0.8324166666666666,0.0
1.3537,0.0
0.7990333333333332,0.0
0.6877666666666666,0.0
