use,car
0.8510333333333331,0.0
0.5457,0.0
0.2622166666666666,0.0
0.3082,0.0
0.1797,0.0
0.17796666666666666,0.0
0.19535,0.0
0.18226666666666663,0.0
0.17521666666666666,0.0
0.3136666666666666,0.0
0.4872666666666666,0.0
1.0596,0.0
2.6972,0.0
0.37391666666666656,0.0
0.3146,0.0
0.19686666666666666,0.0
0.17496666666666666,0.0
0.17796666666666666,0.0
0.3609,0.0
0.1653,0.0
0.1809833333333333,0.0
0.18105,0.0
0.3015,0.0
0.31495,0.0
