use,car
0.7349,0.0
0.50115,0.0
0.5898333333333332,0.0
0.5404333333333332,0.0
0.4650666666666666,0.0
0.5822666666666666,0.0
0.4715666666666666,0.0
0.38461666666666655,0.0
0.19753333333333328,0.0
0.2479666666666666,0.0
0.5590666666666666,0.0
0.2025,0.0
0.30095,0.0
0.4952333333333332,0.0
1.8635833333333331,0.0
1.5305166666666667,0.0
2.2912833333333333,0.0
1.4884833333333332,0.0
1.5003,0.0
0.8824166666666666,0.0
0.6932,0.0
0.7254833333333331,0.0
0.4867333333333332,0.0
0.4592166666666666,0.0
