use,car
0.8484,0.0
0.8023166666666666,0.0
0.54825,0.0
0.598,0.0
0.5234333333333332,0.0
0.49095,0.0
0.44955,0.0
0.4143833333333333,0.0
0.8868833333333331,0.0
0.6444,0.0
0.2563,0.0
0.19231666666666666,0.0
1.4004666666666667,0.0
0.74245,0.0
3.091466666666667,0.0
1.1526333333333332,0.0
1.6432833333333332,0.0
2.6902833333333334,0.0
2.306016666666667,0.0
1.51195,0.0
1.3601,0.0
0.7698666666666666,0.0
0.69295,0.0
0.6802333333333332,0.0
