use,car
1.1749166666666668,0.0
0.9121333333333332,0.0
0.8441333333333331,0.0
0.5924333333333331,0.0
0.8087166666666666,0.0
0.6388,0.0
0.5606333333333332,0.0
0.4606166666666666,0.0
0.4603833333333333,0.0
0.3822333333333333,0.0
0.6751833333333332,0.0
1.2200833333333332,0.0
1.3208333333333333,0.0
1.6497,0.0
1.70685,0.0
2.622116666666667,0.0
2.8936,0.0
2.173233333333333,0.0
0.5579,0.0
0.5886333333333332,0.0
1.7766833333333332,0.0
2.5853,0.0
1.8914333333333333,0.0
1.82615,0.0
