use,car
1.4382833333333331,0.0
1.0781833333333333,0.0
0.9518333333333332,0.0
0.8167333333333331,0.0
0.73355,0.0
0.4877833333333332,0.0
0.20031666666666664,0.0
0.19228333333333328,0.0
0.1855,0.0
0.19245,0.0
0.5646,0.0
1.1561,0.0
0.98825,0.0
1.3616,0.0
1.0546833333333332,0.0
1.451466666666667,0.0
1.6990833333333333,0.0
2.0581666666666667,0.0
1.5588666666666668,0.0
1.4555166666666668,0.0
1.5690333333333333,0.0
2.101983333333333,0.0
1.7214333333333331,0.0
0.81835,0.0
