use,car
0.2646666666666666,0.0
0.39815,0.0
0.2965166666666666,0.0
0.2948,0.0
0.2788,0.0
0.2790833333333333,0.0
0.2633833333333333,0.0
0.3012,0.0
0.3799833333333333,0.0
0.3057666666666666,0.0
0.2982333333333333,0.0
0.5283,0.0
3.90925,0.0014333333333333331
1.4111,0.0
0.3315833333333333,0.0
0.6711166666666666,0.0
0.7137,0.0
0.5019833333333332,0.0
0.6230666666666665,0.0
0.5845666666666666,0.0
0.6507166666666666,0.0
0.4592166666666666,0.0
0.3815,0.0
0.28785,0.0
