use,car
0.92885,0.0
0.8003833333333331,0.0
0.8236,0.0
0.6552,0.0
0.6037166666666666,0.0
0.68675,0.0
0.64965,0.0
0.5052166666666666,0.0
0.3339666666666666,0.0
0.18385,0.0
0.2390166666666666,0.0
0.5654166666666666,0.0
1.0295166666666669,0.0
1.27355,0.0
1.83705,0.0
1.7349666666666668,0.0
1.6829166666666668,0.0
1.7795166666666669,0.0
3.1849,0.0
2.3818333333333332,0.0
2.8183,0.0
2.14405,0.0
1.6074166666666667,0.0
1.5031666666666668,0.0
