use,car
0.8812833333333331,0.0
0.8219,0.0
0.7097666666666665,0.0
0.6084666666666666,0.0
0.71835,0.0
0.73765,0.0
0.7705666666666666,0.0
0.5132333333333332,0.0
0.3996333333333333,0.0
0.2592666666666666,0.0
0.37641666666666657,0.0
0.62745,0.0
1.4545666666666668,0.0
1.7997666666666667,0.0
1.9704666666666668,0.0
2.6529166666666666,0.0
1.9422166666666667,0.0
2.2155,0.0
2.594583333333333,0.0
2.008366666666667,0.0
1.7572,0.0
1.9247166666666669,0.0
2.301533333333333,0.0
1.8691,0.0
