use,car
1.0965666666666667,0.0
0.9109166666666666,0.0
0.8043,0.0
0.7769833333333331,0.0
0.6983833333333332,0.0
0.7259833333333332,0.0
0.7096833333333332,0.0
0.6541833333333332,0.0
0.7027666666666667,0.0
0.9118333333333332,0.0
1.0620333333333332,0.0
0.84765,0.0
3.1994333333333334,0.0
1.6637833333333332,0.0
1.69885,0.0
1.9622166666666667,0.0
2.796883333333333,0.0
2.3231333333333333,0.0
1.87235,0.0
2.028383333333333,0.0
3.4713,0.0
3.0689,0.0
1.7133666666666667,0.0
1.13205,0.0
