use,car
1.05235,0.0
0.9562166666666664,0.0
0.8443666666666666,0.0
0.8724166666666666,0.0
0.7526833333333331,0.0
0.7488,0.0
0.7703666666666666,0.0
0.7154666666666666,0.0
0.19446666666666665,0.0
0.3516333333333333,0.0
0.2542166666666666,0.0
0.39021666666666655,0.0
1.1436833333333332,0.0
1.5460166666666668,0.0
2.055566666666667,0.0
2.3585,0.0
1.827616666666667,0.0
1.6953,0.0
1.6316,0.0
1.9427833333333333,0.0
1.9165333333333332,0.0
1.6864,5e-05
1.4893333333333332,0.0
2.325616666666667,0.0
