use,car
0.3757833333333333,0.0
0.29395,0.0
0.3406333333333333,0.0
0.2637833333333333,0.0
0.26635,0.0
0.32585,0.0
0.3219,0.0
0.3632166666666666,0.0
0.71105,0.0
0.3409666666666666,0.0
0.3542666666666666,0.0
0.42331666666666656,0.0
0.4994833333333332,0.0
0.3047666666666666,0.0
0.2959333333333333,0.0
0.2885833333333333,0.0
1.2177666666666669,0.0
1.4651,0.0
2.0127333333333333,0.0
1.285116666666667,0.0
1.2185166666666667,0.0
1.4523166666666667,0.0
1.1723333333333332,0.0
1.02345,0.0
