use,car
2.932366666666667,0.0
1.0096833333333333,0.0
0.8797833333333331,0.0
0.7865666666666666,0.0
0.5022,0.0
0.5909833333333332,0.0
0.41225,0.0
0.3435666666666666,0.0
0.55955,0.0
0.4825833333333332,0.0
0.5568333333333332,0.0
0.6747166666666666,0.0
1.2838833333333333,0.0
1.07845,0.0
1.5422,0.0
1.7603333333333333,0.00015
1.5939666666666668,0.0001
1.6884666666666668,0.0
1.7616166666666668,0.0
3.805333333333333,0.00045
1.1329,0.0
1.1861,0.0
1.3048666666666668,0.0
1.6488333333333332,0.0
