use,car
0.8087666666666666,0.0
0.5057666666666666,0.0
0.7942833333333331,0.0
0.5858166666666667,0.0
0.6516666666666666,0.0
0.65225,0.0
0.6120666666666666,0.0
0.3584166666666666,0.0
0.5286666666666666,0.0
0.7237166666666665,0.0
0.5843,0.0
0.5246666666666666,0.0
0.6321,0.0
0.3609333333333333,0.0
0.18653333333333327,0.0
0.22225,0.0
0.28305,0.0
0.5529333333333332,0.0
0.7865333333333331,0.0
2.723583333333333,0.0
0.4654,0.0
0.4135333333333333,0.0
1.0898666666666668,0.0
1.16135,0.0
