use,car
0.2420333333333333,0.0
0.12531666666666666,0.0
0.1263333333333333,0.0
0.12796666666666665,0.0
0.1260833333333333,0.0
0.1252333333333333,0.0
0.1252833333333333,0.0
0.1540833333333333,0.0
0.4874333333333332,0.0
0.13696666666666665,0.0
0.1499833333333333,0.0
0.1459,0.0
0.2521333333333333,0.0
0.1767,0.0
0.1471333333333333,0.0
0.39276666666666654,0.0
0.35755,0.0
0.3465,0.0
0.36363333333333325,0.0
0.31305,0.0
0.3134666666666666,0.0
0.2908,0.0
0.18713333333333326,0.0
0.1223833333333333,0.0
