use,car
0.1327833333333333,0.0
0.1423833333333333,0.0
0.14291666666666664,0.0
0.1411,0.0
0.14101666666666665,0.0
0.13855,0.0
0.1378,0.0
0.1668,0.0
0.16011666666666666,0.0
0.1408,0.0
0.1493333333333333,0.0
0.14551666666666666,0.0
0.2574,0.0
0.3297,0.0
0.3434833333333333,0.0
0.3016833333333333,0.0
0.38901666666666657,0.0
0.4773666666666666,0.0
0.61535,0.0
2.800666666666667,0.0
2.421466666666667,0.0
0.4626,0.0
0.39711666666666656,0.0
0.19183333333333327,0.0
