use,car
0.19755,0.0
0.1916,0.0
0.1878,0.0
0.18751666666666664,0.0
0.18721666666666664,0.0
0.1864,0.0
0.18873333333333328,0.0
0.18641666666666665,0.0
0.4752666666666666,0.0
0.39645,0.0
0.33415,0.0
0.2983,0.0
0.3230166666666666,0.0
0.41285,0.0
0.3178333333333333,0.0
0.19133333333333327,0.0
0.18121666666666664,0.0
0.17126666666666665,0.0
0.2338833333333333,0.0
0.3276,0.0
0.3694833333333333,0.0
0.3524,0.0
0.19988333333333327,0.0
0.17756666666666665,0.0
