use,car
0.17995,0.0
0.1904333333333333,0.0
0.17891666666666664,0.0
0.17471666666666666,0.0
0.18775,0.0
0.1862,0.0
0.18503333333333327,0.0
0.19343333333333326,0.0
0.2306833333333333,0.0
0.3217333333333333,0.0
0.2380833333333333,0.0
0.21066666666666664,0.0
1.7553333333333332,0.0
1.4295,0.0
2.5850666666666666,0.0
0.5989833333333332,0.0
0.9088,0.0
2.101233333333333,0.0
0.5277666666666666,0.0
0.4929333333333332,0.0
0.4067,0.0
0.4079833333333333,0.0
0.5063666666666666,0.0
0.4282333333333333,0.0
