use,car
0.1882,0.0
0.18958333333333327,0.0
0.1928,0.0
0.1922,0.0
0.1919,0.0
0.2116,0.0
0.19035,0.0
0.18708333333333327,0.0
0.2003,0.0
0.18723333333333328,0.0
0.19923333333333326,0.0
0.19941666666666666,0.0
0.4538333333333333,0.0
0.19931666666666664,0.0
0.22248333333333328,0.0
0.30715,0.0
0.2825,0.0
0.3495,0.0
0.37805,0.0
0.6417,0.0
0.7408666666666666,0.0
0.70935,0.0
0.5797833333333332,0.0
0.2271833333333333,0.0
