use,car
0.5625166666666666,0.0
0.6455333333333332,0.0
0.5643666666666666,0.0
0.4488,0.0
0.4283333333333333,0.0
0.42431666666666656,0.0
0.4722333333333332,0.0
0.43235,0.0
0.48535,0.0
0.4144333333333333,0.0
0.4242166666666666,0.0
0.3233,0.0
0.5921833333333332,0.0
0.3552333333333333,0.0
0.2583,0.0
0.3295666666666666,0.0
0.9179166666666666,0.0
1.05815,0.0
1.1754666666666669,0.0
0.3056666666666666,0.0
0.4836666666666666,0.0001
0.32335,0.0
0.3376666666666666,0.0
0.3354,0.0
