use,car
0.3339,0.0
0.35975,0.0
0.3600666666666666,0.0
0.3592666666666666,0.0
0.3591833333333333,0.0
0.37751666666666656,0.0
0.3479,0.0
0.3742,0.0
0.3394,0.0
0.35895,0.0
0.32765,0.0
0.3053666666666666,0.0
0.2721333333333333,0.0
0.2635166666666666,0.0
0.26325,0.0
0.29895,0.0
0.3034833333333333,0.0
0.3189666666666666,0.0
0.3472166666666666,0.0
0.3286833333333333,0.0
0.3349333333333333,0.0
0.3626666666666666,0.0
0.35255,0.0
0.3626166666666666,0.0
