use,car
0.17841666666666664,0.0
0.17615,0.0
0.17426666666666665,0.0
0.1779,0.0
0.17175,0.0
0.21328333333333327,0.0
0.1735,0.0
0.18485,0.0
0.251,0.0
0.21355,0.0
2.5796333333333332,0.0
2.3804,0.0
0.8952,0.0
1.1454833333333332,0.0
1.8298,0.0
1.1913166666666668,0.0
0.3983,0.0
0.3635166666666666,0.0
0.2254833333333333,0.0
0.3691833333333333,0.0
0.3691333333333333,0.0
0.3281333333333333,0.0
0.17415,0.0
0.16221666666666665,0.0
