use,car
0.4207333333333333,0.0
0.3451833333333333,0.0
0.3450333333333333,0.0
0.3538666666666666,0.0
0.3395833333333333,0.0
0.3421166666666666,0.0
0.3970833333333333,0.0
0.3214,0.0
0.3449833333333333,0.0
0.4315,0.0
0.5832666666666666,0.0
0.5466666666666666,0.0
0.50795,0.0
0.39535,0.0
0.6226166666666666,0.0
0.68005,0.0
0.6419833333333332,0.0
0.677,0.0
0.6275666666666666,0.0
0.5598166666666666,0.0
0.59515,0.0
0.3825,0.0
0.36875,0.0
0.44676666666666653,0.0
