use,car
0.3614,0.0
0.3630166666666666,0.0
0.2899,0.0
0.2102,0.0
0.2073,0.0
0.19428333333333328,0.0
0.2429333333333333,0.0
0.22496666666666665,0.0
0.2103,0.0
0.4489833333333333,0.0
0.5930833333333332,0.0
0.6862333333333333,0.0
1.0021,0.0
0.7503333333333331,0.0
0.67625,0.0
0.6414833333333332,0.0
0.6512333333333332,0.0
1.0251833333333331,0.0
0.7748166666666666,0.0
0.7727,0.0
0.6538333333333332,0.0
0.7313833333333332,0.0
0.4932,0.0
0.5833666666666666,0.0
