use,car
0.2888833333333333,0.0
0.28235,0.0
0.2590333333333333,0.0
0.2594,0.0
0.2517,0.0
0.25795,0.0
0.2561166666666666,0.0
0.2356,0.0
0.3032833333333333,0.0
0.4131833333333333,0.0
0.30615,0.0
0.3086333333333333,0.0
0.3195333333333333,0.0
0.2962166666666666,0.0
0.3023,0.0
0.2906333333333333,0.0
0.2991,0.0
4.009883333333333,1.92195
5.4068,3.3679666666666668
2.900383333333333,2.3735166666666667
0.5935333333333332,0.0
0.3665666666666666,0.0
0.3442333333333333,0.0
0.27985,0.0
