use,car
0.3167833333333333,0.0
0.27025,0.0
0.24505,0.0
0.2717333333333333,0.0
0.2692166666666666,0.0
0.2428,0.0
0.2436166666666666,0.0
0.6912,0.0
0.6463,0.0
0.4304333333333333,0.027733333333333332
0.2278833333333333,0.0
0.96505,0.7293333333333332
0.7672333333333331,0.4075
0.2290833333333333,0.0
0.22855,0.0
1.6021166666666669,1.3508166666666668
0.232,0.0
0.2532666666666666,0.0
0.2771166666666666,0.0
0.2864166666666666,0.0
0.2774,0.0
0.27675,0.0
3.3742666666666667,3.0553
3.6496,3.372716666666667
