use,car
1.38285,0.0
0.3328666666666666,0.0
0.30955,0.0
0.3330333333333333,0.0
0.3116333333333333,0.0
0.30935,0.0
0.29365,0.0
0.4974333333333332,0.0
0.3074333333333333,0.0
0.22205,0.0
0.22245,0.0
0.22488333333333327,0.0
0.22011666666666665,0.0
0.3051,0.08238333333333332
3.7376333333333327,3.3795
3.7681,3.376916666666667
2.4221,2.10845
1.961833333333333,0.0
0.99195,0.0
0.2738833333333333,0.0
0.2690166666666666,0.0
4.96305,3.0457
4.11795,3.3693
3.379116666666667,3.059566666666667
