use,car
0.5944166666666666,0.0
1.9160833333333331,0.0
1.6205666666666667,0.0
0.5471,0.0
1.57375,0.0
0.27575,0.0
0.6071833333333332,0.0
1.30235,0.0
0.4075,0.0
0.9140166666666666,0.0
0.4023833333333333,0.0
0.3129833333333333,0.0
0.2279833333333333,0.0
1.7815666666666667,1.3952
2.894366666666667,2.52995
0.5970333333333332,0.3533166666666666
1.19575,0.7539833333333331
2.15855,0.0
2.3335166666666667,0.0
0.38635,0.0
0.3089333333333333,0.0
0.9106,0.0
0.79845,0.0
0.3587333333333333,0.0
