use,car
2.1462166666666667,0.0
1.2567166666666667,0.0
1.2097,0.0
0.3704833333333333,0.0
0.3686,0.0
0.8011,0.0
1.0977333333333332,0.0
0.5502666666666666,0.0
2.3175,0.3360833333333333
0.4878833333333332,0.0
0.3200666666666666,0.0
4.654183333333333,1.54155
4.86915,3.12155
1.80065,0.0
4.712433333333332,2.86355
1.4438333333333333,0.3173833333333333
1.5252666666666668,0.0
3.22645,0.0
0.9676333333333332,0.0
2.88065,0.0
1.7045333333333332,0.0
2.61045,0.0
0.6101,0.0
2.900533333333333,0.0
