use,car
0.3392166666666666,0.0
0.3423,0.0
0.3181166666666666,0.0
0.3301833333333333,0.0
0.3057666666666666,0.0
0.3062,0.0
0.3078666666666666,0.0
0.586,0.0
0.7425,0.0
0.3012166666666666,0.0
0.2641333333333333,0.0
0.2892833333333333,0.0
0.3724833333333333,0.0
0.4600666666666666,0.0
2.085833333333333,0.0
2.0444166666666668,0.0
2.14335,0.0
0.4574333333333333,0.0
3.4255,2.64295
2.490483333333333,0.0
2.447283333333333,0.0
2.253966666666667,0.0
1.1022333333333332,0.0
0.6439166666666666,0.0
