use,car
0.2423166666666666,0.0
0.2427333333333333,0.0
0.2522833333333333,0.0
0.24295,0.0
0.2723833333333333,0.0
0.24015,0.0
0.31105,0.0
0.34525,0.0
0.4693333333333332,0.0
0.5317166666666666,0.0
0.6030666666666666,0.0
0.46925,0.0
0.6742333333333332,0.0
0.6149666666666666,0.0
0.49055,0.0
0.5342666666666666,0.0
0.6179166666666666,0.0
0.5563333333333332,0.0
0.5062666666666666,0.0
0.6359833333333332,0.0
1.8232,1.459
0.3423,0.0
0.3385333333333333,0.0
0.2743166666666666,0.0
