use,car
0.2711166666666666,0.0
0.2661166666666666,0.0
0.2711666666666666,0.0
0.2688666666666666,0.0
0.2644,0.0
0.2814,0.0
0.3272333333333333,0.0
0.3948833333333333,0.0
0.376,0.0
0.5202,0.0
0.471,0.0
0.898,0.0
0.65275,0.0
0.6555666666666666,0.0
0.2748833333333333,0.0
0.2995333333333333,0.0
0.40331666666666655,0.0
0.4758,0.0
0.5194833333333332,0.0
0.53075,0.0
1.1608666666666667,0.6063
4.290633333333333,3.6810666666666663
0.4994166666666666,0.08973333333333333
0.3320166666666666,0.0
