use,car
0.2551166666666666,0.0
0.2467833333333333,0.0
0.2809166666666666,0.0
0.2465666666666666,0.0
0.2451333333333333,0.0
0.25525,0.0
0.31355,0.0
0.29565,0.0
0.3524666666666666,0.0
0.56185,0.0
0.6267666666666666,0.0
0.6528333333333332,0.0
0.5319666666666666,0.0
0.2692166666666666,0.0
0.22706666666666664,0.0
0.2314833333333333,0.0
2.5332833333333333,2.066
1.4819666666666669,0.0
0.9391,0.0
0.6940666666666666,0.0
1.043316666666667,0.0
1.19795,0.0
0.7309666666666665,0.0
0.25765,0.0
