use,car
0.2740666666666666,0.0
0.2271833333333333,0.0
0.22996666666666665,0.0
0.2383833333333333,0.0
0.228,0.0
0.2386,0.0
0.2223,0.0
0.2198,0.0
0.24075,0.0
0.20301666666666665,0.0
0.20923333333333327,0.0
0.2390666666666666,0.0
0.20226666666666665,0.0
0.20886666666666664,0.0
0.22741666666666666,0.0
0.20675,0.0
0.2367833333333333,0.0
0.25565,0.0
0.26,0.0
0.26365,0.0
0.2596166666666666,0.0
0.25735,0.0
0.2798666666666666,0.0
0.2514833333333333,0.0
