use,car
0.5567,0.0
0.42181666666666656,0.0
0.2691666666666666,0.0
0.2837666666666666,0.0
0.2958333333333333,0.0
0.1769333333333333,0.0
0.1948,0.0
0.52265,0.0005
0.2832333333333333,0.0
0.4125,0.0
0.2567833333333333,0.0
3.292216666666667,0.0
1.3989833333333332,0.0
2.065116666666667,0.0
0.47515,0.0
0.3091333333333333,0.0
0.38381666666666653,0.0
0.8630166666666667,0.0
0.2969666666666666,0.0
0.75715,0.0
0.28725,0.0
0.5251333333333332,0.0
0.3592666666666666,0.0
0.22463333333333327,0.0
