use,car
0.17415,0.0
0.4642666666666666,0.0
0.228,0.0
0.3576333333333333,0.0
0.14711666666666665,0.0
0.2538166666666666,0.0
0.2845333333333333,0.0
0.3582166666666666,0.0005666666666666666
0.7489333333333331,0.0
2.650916666666667,0.0
2.62275,0.0
1.1668666666666667,0.0
0.21978333333333328,0.0
0.4442833333333333,0.0
0.26125,0.0
0.2963,0.0
0.6475333333333332,0.0
1.44915,0.0
1.5908166666666668,0.0
0.2721833333333333,0.0
0.9986,0.0
1.85835,0.0
0.4246,0.0
1.0334666666666668,0.0
