use,car
0.3374,0.0
0.14865,0.0
0.3088166666666666,0.0
0.3384,0.0
0.22463333333333327,0.0
0.7734166666666666,0.0
1.4753666666666667,0.0
1.05255,0.0005833333333333333
2.81425,0.0
1.5388333333333333,0.0
0.21071666666666666,0.0
0.3792333333333333,0.0
0.3351833333333333,0.0
0.22373333333333328,0.0
0.3237333333333333,0.0
0.1776833333333333,0.0
0.9559,0.0
3.4135666666666666,0.0
1.26905,0.0
0.4960833333333332,0.0
0.30215,0.0
0.5964,0.0
0.3218,0.0
0.1693333333333333,0.0
