use,car
1.4534,0.0
0.47775,0.0
0.16505,0.0
0.6992333333333332,0.0
0.6084,0.0
0.4006,0.0
0.8706333333333331,0.0
0.5485166666666667,0.0004833333333333333
0.2768833333333333,0.0
0.2511833333333333,0.0
0.81695,0.0
0.7809166666666666,0.0
1.3365,0.0
1.3099666666666667,0.0
1.7548333333333332,0.0
1.55095,0.0
1.9704833333333331,0.0
2.09095,0.0
1.2173833333333333,0.0
1.6224833333333333,0.0
1.0743333333333331,0.0
2.2018166666666668,0.0
1.9700333333333333,0.0
1.5609,0.0
