use,car
0.3965333333333333,0.0
0.7685166666666666,0.0
0.1929,0.0
0.44085,0.0
0.5914,0.0
0.3053333333333333,0.0
0.7627666666666666,0.0
0.65695,0.0004833333333333333
0.3013,0.0
0.4016833333333333,0.0
0.74185,0.0
1.4572,0.0
0.64375,0.0
0.4619,0.0
0.4153,0.0
0.5834833333333332,0.0
0.5925666666666666,0.0
0.2446833333333333,0.0
1.0467666666666668,0.0
0.09943333333333333,0.0
0.2662666666666666,0.0
2.19405,0.0
0.2320666666666666,0.0
0.004,0.0
