use,car
0.3068333333333333,0.0
0.5829333333333332,0.0
0.27955,0.0
0.3108166666666666,0.0
0.41035,0.0
0.22915,0.0
0.18558333333333327,0.0
0.6014166666666666,0.0005
0.2524833333333333,0.0
0.3091333333333333,0.0
1.1297833333333331,0.0
0.3085,0.0
0.2817166666666666,0.0
0.4983333333333332,0.0
0.2962666666666666,0.0
0.37401666666666655,0.0
0.62125,0.0
0.4797666666666666,0.0
0.8321333333333331,0.0
1.3491666666666668,0.0
1.8850333333333331,0.0
0.65855,0.0
0.5262666666666665,0.0
0.7998833333333331,0.0
