use,car
0.3798833333333333,0.0
0.28315,0.0
0.1822333333333333,0.0
0.2840666666666666,0.0
0.2093,0.0
0.7659833333333331,0.0
0.2063,0.0
0.4832,0.0005333333333333333
0.80625,0.0
0.2566166666666666,0.0
0.8172833333333331,0.0
0.2630666666666666,0.0
0.2805833333333333,0.0
0.5459333333333332,0.0
0.3891,0.0
0.5319333333333331,0.0
0.71135,0.0
0.6638,0.0
0.9280666666666664,0.0
0.46,0.0
2.173716666666667,0.0
1.55185,0.0
0.8516,0.0
0.3508,0.0
