use,car
0.18521666666666664,0.0
0.2744666666666666,0.0
0.7667666666666666,0.0
0.2739,0.0
0.20048333333333326,0.0
0.7124,0.0
0.2738166666666666,0.0
0.3618,0.0005
1.3325166666666668,0.0
1.599883333333333,0.0
0.7032666666666666,0.0
0.57035,0.0
0.2708333333333333,0.0
0.3175,0.0
1.4992,0.0
2.877066666666667,0.0
2.8325,0.0
1.6174833333333332,0.0
1.8422166666666668,0.0
1.2573833333333333,0.0
1.52635,0.0
2.0898166666666667,0.0
1.33545,0.0
0.8268666666666666,0.0
