use,car
0.37211666666666654,0.0
0.3367333333333333,0.0
0.14486666666666664,0.0
0.2984333333333333,0.0
0.18855,0.0
0.31075,0.0
0.4327333333333333,0.0
0.35375,0.0005
0.5240666666666666,0.0
1.2196833333333332,0.0
0.7288833333333332,0.0
1.449633333333333,0.0
0.7947833333333331,0.0
0.5272333333333332,0.0
0.21011666666666665,0.0
0.4341,0.0
0.2192,0.0
0.39886666666666654,0.0
0.39866666666666656,0.0
0.4016333333333333,0.0
0.2011,0.0
0.36465,0.0
0.1506333333333333,0.0
0.5402,0.0
