use,car
0.3056833333333333,0.0
0.3318666666666666,0.0
0.2416166666666666,0.0
0.3126,0.0
0.179,0.0
0.2899833333333333,0.0
0.2741,0.0
0.6539166666666666,0.00055
1.2971833333333331,0.0
1.4465333333333332,0.0
3.560833333333333,0.0
1.6932833333333333,0.0
0.76135,0.0
0.63065,0.0
2.9216,0.0
1.5647833333333332,0.0
0.3979333333333333,0.0
0.5527666666666666,0.0
0.9938,0.0
0.4404333333333333,0.0
0.3454166666666666,0.0
0.3433833333333333,0.0
0.2496166666666666,0.0
0.2869333333333333,0.0
