use,car
0.2422,0.0
0.2772333333333333,0.0
0.3025833333333333,0.0
0.31135,0.0
0.24815,0.0
0.2662833333333333,0.0
0.2507333333333333,0.0
0.203,0.0
0.3554333333333333,0.0
0.15521666666666664,0.0
0.3256333333333333,0.0
0.3251,0.0
0.2261,0.0
0.5934666666666666,0.0
0.3160333333333333,0.0
0.22483333333333327,0.0
0.2900833333333333,0.0
0.19645,0.0
0.2478333333333333,0.0
0.2707333333333333,0.0
0.21191666666666664,0.0
0.2911333333333333,0.0
0.2422333333333333,0.0
0.2741,0.0
