use,car
0.33635,0.0
0.1541833333333333,0.0
0.3234333333333333,0.0
0.1614,0.0
0.3341333333333333,0.0
0.8489,0.0
2.0016,0.0
0.9410833333333332,0.0
1.3853166666666668,0.0005833333333333333
0.7701166666666666,0.0
2.30365,0.0
0.7785666666666666,0.0
0.6072166666666666,0.0
0.5926,0.0
0.3446,0.0
0.3998833333333333,0.0
0.85655,0.0
0.5321833333333332,0.0
0.54685,0.0
0.39695,0.0
0.3644,0.0
0.2355166666666666,0.0
0.2910166666666666,0.0
0.1981,0.0
