use,car
0.2452833333333333,0.0
0.56885,0.0
0.3187666666666666,0.0
0.4542833333333333,0.0
0.2574333333333333,0.0
0.2699833333333333,0.0
0.42341666666666655,0.0
0.4867333333333332,0.0005833333333333333
0.7107166666666666,0.0
4.13985,0.0
0.6897,0.0
0.346,0.0
0.3379666666666666,0.0
0.3038666666666666,0.0
0.3234833333333333,0.0
0.5321,0.0
0.5627166666666666,0.0
2.37455,0.0
3.6448166666666664,0.0
2.3174333333333332,0.0
1.0376833333333333,0.0
0.44245,0.0
0.34815,0.0
0.4266833333333333,0.0
