use,car
0.50895,0.0
0.5071333333333332,0.0
0.4594833333333333,0.0
0.5402833333333332,0.0
0.6160666666666667,0.0
0.7124333333333333,0.0
1.03715,0.0007666666666666666
0.7176333333333332,0.0
0.73625,0.0
0.8474666666666666,0.0
0.6794166666666666,0.0
0.72155,0.0
0.8265333333333331,0.0
0.8721333333333331,8.333333333333332e-05
0.7775833333333331,0.0
0.8342,0.0
0.49675,0.0
2.2020833333333334,0.0
0.83835,0.0
1.0123333333333333,0.0
1.00975,0.0
1.0154166666666664,0.0
0.46045,0.0
0.4434833333333333,0.0
