use,car
1.6790333333333332,0.0
1.46095,0.0
1.43435,0.0
1.3288,0.0
1.2171833333333333,0.0
1.2935,0.0
1.189466666666667,0.0006166666666666666
0.5356333333333332,0.0
1.5193666666666668,0.0
1.9661,0.00015
1.36115,0.0
1.50535,0.0
1.653233333333333,0.0
1.7680333333333331,0.0
1.6602,0.0
1.4436833333333332,0.0
1.4639,0.0
1.3738,0.0
1.436683333333333,0.0
1.1736166666666668,0.0
1.117983333333333,0.0
1.3757833333333331,0.0
1.0903666666666667,0.0
1.0636,0.0
