use,car
0.51315,0.0
0.4752833333333332,0.0
0.4663333333333332,0.0
0.6284833333333332,0.0
0.77805,0.0
0.6266666666666666,0.0
1.0290666666666668,0.0006833333333333333
0.7588666666666666,0.0
0.6623333333333332,0.0
0.53265,0.0
0.4432,0.0
0.4993333333333332,5e-05
0.63505,5e-05
0.3808,0.0
0.4813166666666666,0.0
1.0176166666666668,0.0
1.7055166666666668,0.0005
1.4348333333333332,0.0
0.6714833333333332,0.00195
0.9022,0.0
1.0055833333333333,0.0
0.9104166666666667,0.0
0.4566,0.0
0.4643833333333332,0.0
