use,car
1.1342166666666669,0.0
0.751533333333333,0.0
0.3638166666666666,0.0
0.5488833333333332,0.235
4.152233333333333,3.7051666666666665
2.562133333333333,1.6837333333333333
0.9065166666666666,0.0
1.2935833333333333,0.0
4.848683333333333,0.0
1.3978333333333333,0.0
1.03605,0.0
0.8634,0.0
1.29675,0.0
1.7753666666666668,0.0
2.3518166666666667,0.0
2.8130333333333333,0.0
2.72185,0.0
4.6759,0.0
2.0452,0.0
1.3059166666666668,0.0
1.14795,0.0
1.0019833333333332,0.0
1.2105833333333331,0.0
1.4436,0.0
