use,car
1.5456,0.0
1.34945,0.0
0.83475,0.0
0.8200666666666666,0.0
0.9874,0.0
1.1773,0.4150833333333333
0.8744666666666666,0.0
0.5722,0.0
0.4354333333333333,0.0
0.5826166666666666,0.0
1.0292333333333332,0.0
1.1867833333333333,0.0
1.74635,0.0
2.0627166666666668,0.0
2.13305,0.0
2.29445,0.0
3.107466666666667,0.0
2.9645333333333332,0.0
3.448316666666667,0.0
3.272016666666667,0.0
3.8001833333333326,0.0
3.683766666666666,0.0
3.126133333333333,0.0
2.149433333333333,0.0
