use,car
1.1331833333333332,0.0
0.8456666666666666,0.0
0.85835,0.0
0.7114166666666666,0.0
0.8865833333333331,0.0
0.6636333333333332,0.0
0.6454166666666666,0.0
0.9293,0.0
0.47355,0.0
0.4246333333333333,0.0
0.9222833333333332,0.0
1.0817,0.0
4.01655,0.0
3.543366666666667,0.0
2.9692833333333333,0.0
2.856133333333333,0.0
3.375116666666667,0.0
3.67405,0.0
4.221166666666666,0.0
3.72615,0.0
3.2777166666666666,0.0
3.532516666666667,0.0
1.89075,0.0005333333333333333
1.34075,0.0
