use,car
2.1605,0.0
1.4748333333333332,0.0
1.2223166666666667,0.0
1.02425,0.0
0.95745,0.0
0.84535,0.0
0.8424333333333331,0.0
0.84685,0.0
3.9746833333333327,0.0
1.4622333333333333,0.0
1.5601,0.0
3.064283333333333,0.0
2.8157,0.0
3.516566666666667,0.0
3.5337,0.0
3.4536333333333333,0.0
3.522816666666667,0.0
3.812,0.0
3.448666666666667,0.0
4.04175,0.0
3.52355,0.0
3.4744333333333333,0.0
3.4432666666666667,0.0
2.71635,0.0005333333333333333
