use,car
0.7772833333333331,0.0
0.6680166666666666,0.0
0.7568833333333331,0.0
0.7377,0.0
0.7174333333333331,0.0
0.7205,0.0
0.6971833333333332,0.0
0.7883666666666665,0.0
0.8959,0.0
0.8283833333333331,0.0
0.6764,0.0
1.0085333333333333,0.0
1.6590333333333331,0.0
3.4727,0.0
1.1273333333333333,0.0
0.9157,0.0
0.83745,0.0
1.09405,0.0
1.08035,0.0
1.0372833333333331,0.0
1.034166666666667,0.0
1.0884333333333331,0.0
1.0577833333333333,0.0005333333333333333
0.7872166666666666,0.0
