use,car
3.303533333333333,0.0
3.16545,0.0
3.0826333333333333,0.0
3.0446833333333334,0.0
1.9877333333333331,0.0
2.1305,0.0
1.1598333333333333,0.0
0.6252833333333332,0.0
0.5848666666666666,0.0
1.1796833333333332,0.0
1.7660166666666668,0.0
3.598333333333333,0.0
3.5382,0.0
3.4842833333333334,0.0
3.74755,0.0
3.86905,0.0
3.8988166666666664,0.0
3.767483333333333,0.0
3.8483833333333326,0.0
3.67515,0.0
3.96335,0.0
3.830383333333333,0.0
3.3151,0.0
3.436233333333333,0.0
