use,car
1.95985,0.0
1.7299166666666668,0.0
1.3511666666666668,0.0
1.25715,0.0
1.2836833333333333,0.0
1.23275,0.0
1.2764333333333333,0.0
1.3728333333333331,0.0
0.9600333333333332,0.0
1.5820666666666667,0.0
3.1681833333333334,0.0
2.773166666666667,0.0
2.81125,0.0
2.629033333333333,0.0
3.444433333333333,0.0
3.37915,0.0
3.43955,0.0
3.38245,0.0
3.5708,0.0
3.6940333333333326,0.0
3.247666666666667,0.0
3.03785,0.0
2.527083333333333,0.0
2.867433333333333,0.0
