use,car
1.3136,0.0
1.2521,0.2937666666666666
4.908533333333333,3.7132666666666663
4.9345,3.7265666666666664
4.9386,3.7372666666666663
2.009516666666667,0.6329666666666666
1.31755,0.0
1.38295,0.0
0.8251,0.0
1.3151666666666668,0.0
1.6703333333333332,0.0
1.52245,0.0
1.5290166666666667,0.0
1.9122666666666668,0.0
2.5063166666666667,0.0
3.256066666666667,0.0
3.1314,0.0
3.15455,0.0
3.2424166666666667,0.0
2.7163,0.0
3.23355,0.0
2.09865,0.0
1.7972666666666668,0.0005666666666666666
1.49065,0.0
