use,car
1.2226666666666668,0.0
1.30075,0.0
1.2459833333333332,0.29455
4.968233333333333,3.7049
4.9666,3.6376166666666663
1.8213,0.40566666666666656
1.1617166666666667,0.0
1.3602,0.0
0.88525,0.0
1.1441666666666668,0.0
1.3302833333333333,0.0
1.4453,0.0
1.11115,0.0
1.6982,0.0
2.1892666666666667,0.0
1.7999333333333332,0.0
1.34655,0.0
1.3500833333333333,0.0
1.7,0.0
2.3127,0.0
2.5581,0.0
2.3192666666666666,0.0
1.5954333333333333,0.0005333333333333333
1.34285,0.0
