use,car
1.3234833333333331,0.0
1.26655,0.0
1.1979,0.0
1.05505,0.0
1.1775,0.00015
0.92215,0.0
0.9763,0.0
0.9963666666666664,0.0
1.8427166666666668,0.0
2.3609,0.0
1.4028166666666668,0.0
3.2211333333333334,0.0
2.4790666666666668,0.0
3.60825,0.0
3.9236,0.0
3.6573833333333328,0.0
3.2694666666666667,0.0
3.3734333333333333,0.0
3.2458666666666667,0.0
2.953666666666667,0.0
2.6025666666666667,0.0
2.7814666666666668,0.0005333333333333333
2.2739833333333332,0.0
1.60455,0.0
