use,car
1.1815833333333332,0.0
1.12075,0.0
1.0384166666666668,0.0
1.00335,0.0
1.03105,0.0
1.05365,0.0
1.23865,0.0
1.3141666666666667,0.0
0.81205,0.0
0.84,0.0
1.071416666666667,0.0
1.3593,0.0
1.7183166666666667,0.0
1.4966833333333331,0.0
2.70045,0.0
3.383916666666667,0.0
3.3986,0.0
2.93885,0.0
2.81465,0.0
2.236066666666667,0.0
2.2552,0.0
2.2632166666666667,0.0
1.69565,0.0
1.4703833333333332,0.0
