use,car
0.7880333333333331,0.0
0.8356333333333331,0.0
0.9112,0.0
0.8487,0.0
0.8417666666666666,0.0
0.7782166666666666,0.0
0.95615,0.0
1.0019666666666665,0.0
1.128966666666667,0.0
0.87755,0.0
1.9678833333333332,0.0
0.8342833333333332,0.0
2.154783333333333,0.0
0.8197,0.0
0.7195333333333332,0.0
0.8027,0.0
1.5028833333333331,0.0
1.8274166666666667,0.0
1.5354,0.0
1.80045,0.0
2.018883333333333,0.0005333333333333333
1.6962166666666667,0.0
1.4798833333333332,0.0
1.0070333333333332,0.0
