use,car
0.9867666666666663,0.0
0.8551833333333331,0.0
0.9766666666666663,0.0
0.8054166666666666,0.0
0.7795833333333331,0.0
0.7920833333333331,0.0
1.0523333333333331,0.0
2.0565333333333333,0.0
4.9068,0.0
0.8992666666666665,0.0
0.93205,0.0
0.8378,0.0
0.8737333333333331,0.0
0.8808,0.0
0.9907666666666664,0.0
1.34035,0.0
3.0969333333333333,0.0
2.5839,0.0
2.701833333333333,0.0
2.721783333333333,0.0
2.251866666666667,0.0
2.062616666666667,0.0
1.50995,0.0
1.23815,0.0
