use,car
0.7744,0.0
0.80585,0.0
0.7497,0.0
0.84035,0.0
0.8116833333333331,0.0
0.8687666666666666,0.0
0.9884333333333332,0.0
1.318633333333333,0.0
1.84585,0.0
1.7712,0.0
2.0719,0.0
0.7715166666666666,0.0
0.8953166666666666,0.0
0.8308166666666666,0.0
0.8998,0.0
1.3196666666666668,0.0
1.2752666666666668,0.0
0.9290666666666664,0.0
0.7296166666666665,0.0
0.75415,0.0
0.7572666666666666,0.0
0.7056166666666666,0.0
0.7801166666666666,0.0
0.69815,0.0
