use,car
0.774,0.0
0.7264833333333331,0.0
0.7910166666666666,0.0
0.749,0.334
4.484916666666666,3.7035166666666663
2.584166666666667,1.3968166666666668
0.9360166666666664,0.0
1.05785,0.0
2.139733333333333,0.0
1.3944833333333333,0.0
0.9822,0.0
0.9850166666666664,0.0
0.92605,0.0
0.9026166666666666,0.0
0.89925,0.0
0.9297666666666664,0.0
0.9548,0.0
1.08815,0.0
2.69065,0.0
1.5593,0.0
1.39485,0.0
1.1848166666666669,0.0
1.1210666666666669,0.0005333333333333333
0.8102166666666666,0.0
