use,car
0.6867333333333332,0.0
0.75515,0.0
0.7126666666666666,0.0
0.7251666666666665,0.0
0.76625,0.0
0.70915,0.0
0.75715,0.0
0.7457166666666666,0.0
0.714,0.0
3.0984166666666666,0.0
3.7508,0.0
1.0154166666666664,0.0
1.0816333333333332,0.0
1.12835,0.0
0.98625,0.0
0.8834333333333331,0.0
0.90805,0.0
1.2088,0.0
1.3349333333333333,0.0005333333333333333
1.0522333333333331,0.0
1.0908833333333332,0.0
1.2767,0.0
1.0229166666666667,0.0
0.8317833333333331,0.0
