use,car
0.8004666666666665,0.0
0.73825,0.0
0.6749,0.0
0.7508333333333331,0.0
0.6765,0.0
0.7331666666666665,0.0
0.6924,0.0
0.8778166666666666,0.0
0.86265,0.0
0.90265,0.0
0.887,0.0
0.7854333333333331,0.0
0.8337166666666666,0.0
0.74545,0.0
1.16135,0.0
1.05025,0.0
0.7801333333333331,0.0
2.260883333333333,0.0
1.0277333333333332,0.0
1.36005,0.0
1.55315,0.0
1.8044166666666668,0.0
1.6448166666666668,0.0
1.27355,0.0
