use,car
1.63935,0.0
1.2692166666666669,0.0
1.4793,0.0
1.4442833333333331,0.0
1.1830333333333332,0.0
1.3874166666666667,0.0
1.5042833333333332,0.0
5.0521,0.0
3.11475,0.0
1.492916666666667,0.0
3.6882,0.0
3.6845666666666665,0.0
3.225983333333333,0.0
4.7727,0.0
3.472633333333333,0.0
3.7001,0.0
3.721383333333333,0.0
5.8213,0.0
6.459283333333333,0.0
4.92455,0.0
4.467433333333333,0.0
3.193433333333333,0.0001666666666666667
4.9457,2.1414666666666666
8.06405,6.466833333333333
