use,car
1.2749333333333333,0.0
1.28725,0.0
1.089,0.0
1.16055,0.0
1.1190833333333332,0.0
1.0821833333333333,0.0
1.4596,0.0012333333333333332
4.3078,0.0
1.8561,0.0
4.4683166666666665,0.0
2.4447666666666668,0.0
2.0742166666666666,0.0
1.9134166666666668,0.0
2.83835,0.0
2.7607,0.0
3.2474333333333334,0.0
6.0771,0.0
4.5617,0.0
4.469316666666667,0.0
5.151483333333333,0.0
3.798333333333333,0.0
4.249233333333333,1.7166833333333331
8.0105,6.464016666666667
7.660366666666666,6.468416666666666
