use,car
1.0988166666666668,0.0
1.559316666666667,0.0
1.3626666666666667,0.0
1.5168666666666668,0.0
1.7164,0.0
1.292166666666667,0.0
3.345766666666667,0.0
3.556,0.0
2.6998,0.0
2.8587,0.0
3.44145,0.0
3.7682666666666664,0.0
5.83515,0.0
6.8653,0.0
7.1586333333333325,0.0
7.065366666666667,0.0
7.150516666666666,0.0
6.504066666666667,0.0
6.3123,0.0
6.114066666666666,0.0
6.236516666666667,0.0
3.904,0.0
1.7966833333333332,0.0
1.9617833333333332,0.0
