use,car
1.9675,0.0
2.27875,0.0
2.02795,0.0
1.8532,0.0
1.7607,0.0
1.5556833333333333,0.0
3.009783333333333,0.0
2.2514833333333333,0.0
2.184133333333333,0.0
2.42775,0.0
3.4966666666666666,0.0
3.3333166666666667,0.0015
3.6244,0.0
3.6175833333333327,0.0
4.004883333333333,0.0
4.093233333333333,0.0
5.185783333333333,0.0
5.028566666666666,0.0
5.0656,0.0
5.028216666666666,0.0
4.483133333333333,0.0
2.6431666666666667,0.0006833333333333333
1.8096666666666668,0.00145
1.5715,0.0
