use,car
2.07645,0.0
2.0557,0.0
2.005933333333333,0.0
2.011,0.0
1.9927833333333331,0.0
5.044933333333333,0.0
4.2955,0.0
1.9806166666666667,0.0
2.3339333333333334,0.0
2.30765,0.0
2.833733333333333,0.0
3.0993833333333334,0.0
3.9705,0.0
3.9458666666666664,0.0
4.031883333333333,0.0
2.9382333333333333,0.0006666666666666666
3.12865,0.0
5.9711,0.0
6.7876666666666665,0.0
4.2442,0.0
2.747516666666667,0.0
2.6265666666666667,0.0
2.5041,0.0
2.400166666666667,0.0
