use,car
4.367566666666667,1.99465
2.5814833333333334,0.2214
2.298083333333333,0.0
2.2613,0.0
2.34195,0.0
5.453266666666666,0.0
3.8692666666666664,0.00105
4.2408,0.0
2.974816666666667,0.0
2.895433333333333,0.0
2.93175,0.0
2.88175,0.0
3.6926,0.0
2.46765,0.0
2.4517,0.0
2.691616666666667,0.0
2.4584,0.0
5.9491,0.0
8.443816666666665,0.0
7.657633333333333,0.0
4.316083333333332,0.0007666666666666666
3.058883333333333,0.0008666666666666666
2.714566666666667,0.0
2.483166666666667,0.0
