use,car
3.25285,0.0
3.473666666666667,0.0
3.1567833333333333,0.0
2.83905,0.0
2.810966666666667,0.0
3.544966666666667,0.0
4.585983333333333,0.0
3.41115,0.0
5.633366666666666,0.0
6.43565,0.0
4.8407,0.0
4.540566666666666,0.0
4.76895,0.0
4.460383333333333,0.0
5.582583333333333,0.0
5.590083333333332,0.0
5.642066666666667,0.0
5.967066666666667,0.0
5.68635,0.0
6.1159,0.0
6.366633333333333,0.0
6.16435,0.0
1.6567,0.0
2.30755,0.0
