use,car
3.865583333333333,0.09901666666666664
4.2004,0.0
3.53795,0.0
3.63345,0.0
3.421,0.0
4.1984,0.0
5.491016666666666,0.0014333333333333331
4.27625,0.0
4.3725,0.0
2.9906333333333333,0.0
2.725833333333333,5e-05
3.84095,8.333333333333332e-05
3.4143,5e-05
4.87635,0.0
4.68785,0.0
4.72505,0.0
5.784316666666666,0.0
5.970633333333333,0.0
6.038133333333333,0.0
6.1195,0.0
5.964333333333332,0.0
6.408066666666667,0.0
3.94595,0.0
2.6851,0.0
