use,car
3.5967333333333333,0.0
4.448916666666666,0.0
4.1546666666666665,0.0
4.5205166666666665,0.0
3.44075,0.0
4.427,0.0
4.930616666666666,0.0
4.654633333333333,0.0
5.413366666666667,0.0
3.200483333333333,0.0
3.2982,0.0
4.3237,0.0
5.23265,0.0
5.57505,0.0
4.989166666666667,0.0
5.207083333333332,0.0
5.948133333333333,0.00025
5.878816666666666,0.0
5.855916666666666,0.0
5.94845,0.0
5.9505,0.0
5.82325,0.0
5.626533333333333,0.0
3.63975,0.0
