use,car
3.180966666666667,0.0
3.09185,0.0
3.377966666666667,0.0
3.002466666666667,0.0
2.7441666666666666,0.0
4.422366666666666,0.0
4.4116833333333325,0.0
4.323133333333333,0.0
7.593333333333333,0.0
6.437,0.0
6.4505,5e-05
6.83325,0.0
6.8069,6.666666666666666e-05
6.63715,0.0
6.737383333333333,0.0
6.75035,0.0
6.845916666666667,0.0
7.0709,0.0
8.244316666666666,0.002483333333333333
7.236016666666665,0.0
7.861366666666665,0.0
7.469016666666666,0.0
12.772466666666666,5.8827
5.231,0.5927666666666666
