use,car
2.3053833333333333,0.0
2.330616666666667,0.0
2.0780333333333334,0.0
2.135966666666667,0.0
2.2831,0.0
2.6671,0.0
3.942583333333333,0.0
4.30655,0.0
4.592766666666666,0.0017833333333333332
3.408533333333333,0.0
4.023133333333333,0.0
3.1837166666666668,0.0
2.6925166666666667,0.0
2.71095,0.0
2.6399166666666667,5e-05
3.4052333333333333,0.00055
4.90505,0.0
5.675066666666666,0.0
4.94185,0.0018
3.96955,0.0
3.1886,0.0
3.096883333333333,0.0
1.8039166666666668,0.0
1.8020166666666668,0.0
