use,car
2.3047166666666667,0.0
2.41675,0.0
2.1888,0.0
2.099966666666667,0.0
2.073183333333333,0.0
2.24045,0.0
4.171883333333333,0.0010833333333333333
3.4155333333333333,0.0
3.8696833333333327,0.0
3.41905,0.0
2.227816666666667,0.0
3.280483333333333,0.0
3.62895,0.0
3.3878166666666667,0.0
3.7586333333333326,0.00025
4.64835,0.00025
5.7274666666666665,0.0
5.898083333333333,0.0
6.827683333333333,0.0
6.648683333333333,0.0
6.19425,0.0
5.75565,0.0
9.36205,5.99285
6.690033333333333,4.422766666666666
