use,car
2.5801,0.2892666666666666
2.4513833333333332,0.0
1.9458,0.0
2.1464333333333334,0.0
2.1384166666666666,0.0
2.88765,0.0
3.58745,0.0
3.48145,0.0
4.463416666666666,0.0
4.5578666666666665,0.0025166666666666666
3.0932,0.0
4.7411666666666665,0.0
4.13035,0.0
4.37565,0.0
4.562616666666666,0.0
4.82175,0.0
5.759883333333333,0.0
5.6996166666666666,0.0
6.373466666666666,0.0
5.633,0.0
4.134783333333333,0.0
4.600516666666667,0.0
3.5246833333333334,0.0
2.301833333333333,0.0
