use,car
2.8636666666666666,0.0
2.7242333333333333,0.0
2.6952,0.0
2.428166666666667,0.0
2.48335,0.0
2.9177,0.0
4.40685,0.0
4.103183333333333,0.0
4.4816666666666665,0.0
5.497866666666666,0.0
4.112083333333333,0.0
4.463266666666667,0.0
4.471566666666666,0.0016166666666666666
4.658666666666666,0.0
3.9929166666666664,0.0
4.31775,0.0
5.948333333333332,0.0
6.1811,0.0
6.2794,0.0
7.521416666666665,0.0
6.5917666666666666,0.0
6.134933333333333,0.0
3.6395333333333326,0.0
2.2455833333333333,0.0
