use,car
0.0,0.0
0.0,0.0
0.0,0.0
0.0,0.0
0.0,0.0
0.0,0.0
0.0,0.0
0.0,0.00245
0.0,0.00021666666666666668
0.0,0.0
0.0,0.0
0.0,0.0
0.0,0.0
0.0,0.00015
0.0,0.00075
0.0,0.0
0.0,0.0
0.0,0.0
0.0,0.0
0.0,0.0
0.0,0.0
0.0,0.0
0.0,0.0
0.0,0.0
