use,car
2.566133333333333,0.0
2.536016666666667,0.0
2.41505,0.0
2.454966666666667,0.0
2.639266666666667,0.0
2.427583333333333,0.0
6.3491,0.0011666666666666665
3.411833333333333,0.0
4.663,0.0
6.389766666666667,0.0
4.316083333333332,0.0
3.4099,0.0
4.220366666666666,0.0
4.285466666666666,0.0
4.36945,0.0
4.027333333333333,0.0
2.9263166666666667,0.0
1.8966,0.0008666666666666666
10.270133333333332,0.0
6.571133333333333,0.0
5.104466666666666,0.0
1.629,0.0
1.2518,0.0
1.1263,0.0
