use,car
1.71545,0.0
1.62465,0.0
1.3027,0.0
1.3084166666666668,0.0
1.2773333333333332,0.0
1.27555,0.0
1.5785,0.00165
5.2423166666666665,0.0
3.738883333333333,0.0
5.645783333333333,0.0
3.9699,0.0
1.4852166666666669,0.0
1.7556333333333332,0.0
1.8402666666666667,0.0
1.4852,0.0
2.112683333333333,0.0
3.621266666666666,0.0002
3.263066666666667,0.0
3.4144,0.0
5.952466666666666,0.0
3.067816666666667,0.0
4.7626,0.0
1.6139,0.0
2.6515,0.0
