use,car
2.38145,1.146183333333333
1.5484666666666669,0.9317166666666664
0.8395166666666666,0.0
0.5899333333333332,0.0
0.741483333333333,0.0
0.53445,0.0
0.42241666666666655,0.0
0.4651333333333332,0.0
0.7387166666666666,0.0
1.10185,0.0
2.577,0.0
2.1783,0.0
2.962483333333333,0.0
3.2243833333333334,0.0
1.7712,0.0
1.0760166666666668,0.0
3.0908333333333333,0.0
2.7032,0.0
4.284233333333333,0.0
2.794633333333333,0.0
2.6836333333333333,0.0
2.095533333333333,0.0
1.8815,0.0
1.6428666666666667,0.0
