use,car
4.23645,3.386766666666667
2.8497166666666667,2.150166666666667
0.6770166666666666,0.0
0.4722666666666666,0.0
0.6282833333333332,0.0
0.5423833333333332,0.0
0.4716333333333332,0.0
0.5736333333333332,0.0
0.54425,0.0
0.8735666666666666,0.0
1.1497666666666668,0.0
0.97845,0.0
1.6928833333333333,0.0
1.4964833333333332,0.0
1.69845,0.0
1.9948333333333332,0.0
2.260616666666667,0.0
2.54065,0.0
2.3908,0.0
2.40885,0.0
2.216883333333333,0.0
1.4842666666666668,0.0
2.049433333333333,0.0
1.08235,0.0
