use,car
1.53315,0.0
1.3915,0.0
1.4775333333333331,0.0
1.3955166666666667,0.0
1.40095,0.0
1.33925,0.0
1.3043333333333331,0.0
1.0368833333333332,0.0
1.3576833333333331,0.0
1.1464333333333332,0.0
1.5631333333333333,0.0
2.174783333333333,0.0
2.3777166666666667,0.0
4.70665,0.0
2.596233333333333,0.0
2.5897,0.0
3.73845,0.0
3.370983333333333,0.0
3.041233333333333,0.0
2.436183333333333,0.0
2.264283333333333,0.0
4.2578,2.753
3.4225,1.795483333333333
1.3205,0.0
