use,car
3.3158166666666666,1.3748
1.6858333333333333,0.0
1.5013833333333333,0.1172
1.4352833333333332,0.0
1.2832333333333332,0.0
1.1268,0.1215
1.308533333333333,0.0
1.2006,0.0
1.130016666666667,0.0
1.8251,0.0
2.691666666666667,0.0
2.786033333333333,0.0
3.885233333333333,0.0
4.32985,0.0
4.5579,0.0
4.754633333333333,0.0
4.6221,0.0
5.046516666666666,0.0
4.964366666666667,0.0
4.831166666666666,0.0
3.91865,0.0
3.750283333333333,0.0
4.65185,1.78005
5.31305,3.382683333333333
