use,car
4.454916666666667,2.9384
1.7518833333333332,0.14751666666666666
1.42935,0.0
1.395233333333333,0.09141666666666665
1.116083333333333,0.0
1.2101166666666667,0.0
1.0965333333333331,0.0
1.0405,0.0
1.3565666666666667,0.0
1.35435,0.0
1.9159,0.0
2.1146166666666666,0.0
2.515,0.0
2.859766666666667,0.0
2.9480833333333334,0.0
2.769433333333333,0.0
3.483166666666667,0.0
2.9593333333333334,0.0
3.28645,0.0
2.5639,0.0
2.6064166666666666,0.0
2.1496,0.0
1.5958333333333332,0.0
1.90375,0.0
