use,car
0.5875333333333332,0.0
0.6373333333333332,0.0
0.5683,0.0
0.6123666666666666,0.0
0.5647,0.0
0.5225,0.0
0.52975,0.0
0.5070833333333332,0.0
0.4702166666666666,0.0
0.48405,0.0
0.5982,0.0
0.4598,0.0
0.5943833333333332,0.0
0.6946166666666665,0.0
0.8074833333333331,0.0
0.63755,0.0
0.5543666666666666,0.0
0.8723666666666666,0.0
0.9225,0.0
0.8690166666666665,0.0
1.1223166666666669,0.0
1.0578166666666668,0.0
0.8619,0.0
0.8538,0.0
