use,car
1.1886666666666668,0.7462333333333331
0.4379333333333333,0.0
0.4772666666666666,0.0
0.55545,0.0
0.4990666666666666,0.0
0.4653833333333332,0.0
0.6211166666666667,0.0
0.639,0.0
0.4022833333333333,0.0
0.38096666666666656,0.0
0.3908833333333333,0.0
0.41681666666666656,0.0
0.42635,0.0
0.37311666666666654,0.0
0.3881833333333333,0.0
0.41146666666666654,0.0
0.50325,0.0
0.38385,0.0
0.4141,0.0
0.5483166666666666,0.0
0.6299,0.0
0.5783,0.0
0.4949166666666666,0.0
0.4898,0.0
