use,car
1.0131333333333332,0.0
1.0194166666666669,0.0
0.9397,0.0
0.98955,0.0
0.98125,0.0
1.0072333333333332,0.0
1.0340333333333331,0.0
0.8111833333333331,0.0
0.6919333333333332,0.0
0.63345,0.0
1.8068333333333333,0.0
1.6922,0.0
0.69455,0.0
0.3211833333333333,0.0
0.3478,0.0
0.3783166666666665,0.0
0.40966666666666657,0.0
0.3493833333333333,0.0
1.6440833333333331,0.8192333333333331
0.7907,0.0
0.7020333333333332,0.0
0.40296666666666653,0.0
0.42956666666666654,0.0
0.53775,0.0
