use,car
2.04465,1.53185
0.4908833333333332,0.0
0.4819,0.0
0.3501833333333333,0.0
0.5653166666666666,0.0
0.5353,0.0
0.3949166666666665,0.0
0.8057,0.0
0.5830833333333332,0.0
0.5851833333333332,0.0
0.4965,0.0
0.3187666666666666,0.0
0.45695,0.0
0.3516333333333333,0.0
0.37266666666666654,0.0
0.3439833333333333,0.0
0.3457833333333333,0.0
0.4701166666666666,0.0
1.1006833333333332,0.0
1.21555,0.0
0.6894833333333332,0.0
2.64485,2.062683333333333
4.072183333333332,3.376266666666667
2.27445,1.6103
