use,car
1.9460833333333332,1.4969
0.4749166666666666,0.0
0.5441833333333332,0.0
0.5780666666666666,0.0
0.4791833333333332,0.0
0.47565,0.0
0.4939666666666666,0.0
0.81635,0.0
0.4059833333333333,0.0
0.4779833333333332,0.0
0.4537666666666666,0.0
0.42835,0.0
0.4569666666666666,0.0
0.47755,0.0
0.4494833333333333,0.0
0.44115,0.0
0.53295,0.0
0.5462833333333332,0.0
0.6395833333333332,0.0
0.6525333333333332,0.0
0.8641,0.0
2.7094,1.9878
3.515433333333333,3.115333333333333
0.42036666666666656,0.0
