use,car
0.41525,0.0
0.304,0.0
0.40075,0.0
0.3823833333333333,0.0
0.3376,0.0
0.38845,0.0
0.4374833333333333,0.0
0.5111,0.0
0.4574833333333333,0.0
0.4930166666666666,0.0
0.37915,0.0
0.3941333333333333,0.0
0.4459833333333333,0.0
0.42546666666666655,0.0
0.38871666666666654,0.0
2.2828833333333334,1.4946833333333331
6.010433333333332,3.3891166666666668
5.197833333333333,3.38395
3.9272,2.93075
1.3331333333333333,0.1204833333333333
1.4137833333333332,0.0
1.1123,0.0
0.7855333333333331,0.0
0.4389,0.0
