use,car
0.9412333333333333,0.0
0.9152166666666666,0.0
0.78175,0.0
0.57755,0.0
0.73785,0.0
0.6461666666666666,0.0
0.5823833333333333,0.0
0.65995,0.0
0.7709666666666666,0.0
1.2492333333333332,0.0
0.6041833333333332,0.0
0.8811333333333331,0.0
0.9246,0.0
1.2400666666666669,0.0
1.3679,0.0
2.1254166666666667,0.0
2.999633333333333,0.0
3.56515,0.0
3.619233333333333,0.0
2.5067166666666667,0.0
1.8311166666666667,0.0
1.3220333333333332,0.0
0.486,0.0
0.4631166666666666,0.0
