use,car
0.4466833333333333,0.0
0.4469166666666666,0.0
0.4659666666666666,0.0
0.4642833333333332,0.0
0.4495833333333333,0.0
0.4463833333333333,0.0
0.4455,0.0
0.4462833333333333,0.0
0.4345833333333333,0.0
0.4389333333333333,0.0
0.4493,0.0
0.4281833333333333,0.0
0.4675166666666666,0.0
0.4529333333333333,0.00055
0.4483666666666665,0.00045
0.46845,0.0
0.4437833333333333,0.0
0.43195,0.0
0.4383833333333333,0.0
0.44146666666666656,0.0
0.456,0.0
0.4632833333333332,0.0
0.4458833333333333,0.0
0.44855,0.0
