use,car
0.17891666666666664,0.0
0.19908333333333328,0.0
0.1904333333333333,0.0
0.1626,0.0
0.18285,0.0
0.19615,0.0
0.40485,0.0
0.4901333333333332,0.0
0.2801166666666666,0.0
0.2593333333333333,0.0
0.19425,0.0
0.1658833333333333,0.0
0.1625833333333333,0.0
0.19136666666666666,0.0
0.19245,0.0
0.16465,0.0
0.1801833333333333,0.0
0.3094666666666666,0.0
0.434,0.0
0.39985,0.0
0.2956333333333333,0.0
0.27015,0.0
0.2383,0.0
0.22366666666666665,0.0
