use,car
0.21085,0.0
0.21306666666666665,0.0
0.189,0.0
0.17651666666666666,0.0
0.21193333333333328,0.0
0.21055,0.0
0.1869,0.0
1.1634,0.0014666666666666667
0.4431833333333333,5e-05
0.2892166666666666,0.0
0.8416,0.0
1.379233333333333,0.0
1.5323666666666669,0.0
0.7134833333333332,0.0
1.1931333333333332,0.0
0.3060166666666666,0.0
1.63175,0.0
1.1220666666666668,0.0004
1.6265833333333333,0.00125
1.7604833333333332,0.0006
0.4738666666666666,0.0
1.69245,0.00075
1.5675,0.00125
0.61005,0.00045
