use,car
0.18325,0.0
0.1815333333333333,0.0
0.17231666666666665,0.0
0.1544833333333333,0.0
0.16355,0.0
0.1787833333333333,0.0
0.32675,0.00105
0.5894833333333332,0.0
0.4898833333333332,0.0
0.37056666666666654,0.0
0.16526666666666665,0.0
0.17545,0.0
0.17405,0.0
0.16801666666666665,0.0
0.15085,0.0
0.1599833333333333,0.0
0.17665,0.0
0.1836833333333333,0.0
2.4476,2.1237166666666667
3.5233833333333333,2.806716666666667
0.27035,0.0
0.254,0.0
0.2114,0.0
0.1799833333333333,0.0
