use,car
0.19891666666666666,0.0
0.19686666666666666,0.0
0.18386666666666662,0.0
0.1638,0.0
0.1813,0.0
0.19186666666666666,0.0
0.18961666666666666,0.0
0.6116666666666666,0.0004
0.6085166666666666,0.0
0.43915,0.0
0.2813333333333333,0.0
0.3180166666666666,0.0
0.3149333333333333,0.0
0.2980166666666666,0.0
0.4605333333333333,0.0
0.3386833333333333,0.0
0.51225,0.0002333333333333333
0.51925,0.0003
1.05555,0.0023
0.3394833333333333,0.0
0.38025,0.0
0.3594333333333333,0.0
0.26435,0.0
0.2534,0.0
