use,car
2.2515,0.0
1.3297666666666668,0.0
0.77215,0.0
0.6757333333333332,0.0
0.62615,0.0
0.6354833333333332,0.0
0.6601166666666666,0.0
0.86875,0.0
0.77075,0.0
0.6440333333333332,0.0
0.67225,0.0
1.1060333333333332,0.0
0.48115,0.0
0.5972833333333332,0.0
0.5700333333333332,0.0
2.1327833333333333,0.0
2.957666666666667,0.0
2.0216833333333333,0.0
1.6825166666666669,0.0
2.2941833333333332,0.00115
2.401816666666667,0.0
1.2434,0.0
6.062616666666666,4.421316666666667
5.52095,4.902166666666666
