use,car
1.37045,0.0
1.2143666666666668,0.0
0.5955,0.0
0.6268166666666666,0.0
0.5965166666666666,0.0
0.6210833333333332,0.0
1.01595,0.0
2.3097833333333333,0.0
0.6671,0.0
1.4572,0.0
1.8816166666666667,0.0
2.3228666666666666,0.0
1.74205,0.0
0.4992666666666666,0.0
1.151333333333333,0.0
3.38515,0.0
4.300416666666666,0.0
4.139616666666666,0.0011
2.1156333333333333,0.0
2.563566666666667,0.0
2.666716666666667,0.0
1.71575,0.0
5.17925,4.409916666666667
7.532583333333333,4.8756
