use,car
0.6966,0.0
0.6789166666666666,0.0
0.6848833333333332,0.0
0.6248333333333332,0.0
0.6859666666666666,0.0
0.63135,0.0
0.6394,0.0
0.7418333333333331,0.0
1.1928666666666667,0.0
0.9963,0.0
0.8058333333333331,0.0
0.97225,0.0
0.9755166666666664,0.0
0.6272166666666666,0.0
0.4956166666666666,0.0
0.44675,0.0
0.4286333333333333,0.0
0.4025833333333333,0.0
0.39775,0.0
0.39045,0.0
0.4470833333333333,0.0
0.40661666666666657,0.0
0.3895833333333333,0.0
0.3969333333333333,0.0
