use,car
0.3720333333333333,0.0
0.41871666666666657,0.0
0.3601,0.0
0.41025,0.0
0.3630666666666666,0.0
0.47125,0.0
0.4432333333333333,0.0
0.3805833333333333,0.0
0.41826666666666656,0.0
0.3884,0.0
0.6288333333333332,0.0
1.1165,0.0
1.3053666666666668,0.0
2.642916666666667,0.0
2.975166666666667,0.0
2.5519,0.0
2.655483333333333,0.001
3.313883333333333,0.0
3.463,0.0
2.4861166666666668,0.0
1.8530666666666669,0.0
2.2669,0.0
5.63055,4.45915
5.89275,4.934033333333333
