use,car
7.078833333333333,4.882033333333333
7.187266666666666,4.9001166666666665
1.7268333333333332,0.9726833333333332
0.5393166666666666,0.0
1.1496166666666667,0.0
0.63995,0.0
0.7775,0.0
2.1738666666666666,0.0
2.0372,0.0
0.8133333333333331,0.0
1.4287166666666669,0.0
2.912933333333333,0.0
3.1279833333333333,0.0
2.32785,0.0
2.642,0.0
2.699866666666667,0.0
3.5735,0.0
1.9964,0.0
3.3322166666666666,0.0
3.17545,0.0
4.801783333333333,0.0
4.6011,0.0
2.9265833333333333,0.0
1.9406666666666668,0.0
