use,car
4.428766666666666,3.330783333333333
1.0311666666666668,0.0
1.0877333333333332,0.0
1.01135,0.0
1.5631833333333331,0.0
1.93675,0.0
0.44706666666666656,0.0
0.68,0.0
0.6582166666666666,0.0
2.6077833333333333,0.0
0.53665,0.0
1.9904833333333332,0.0
3.54525,0.0
5.118,0.0
0.50215,0.0
0.5222,0.0
1.6482666666666668,0.0
2.5749666666666666,0.0
3.323733333333333,0.0
3.980733333333333,0.0
4.881133333333333,0.0
2.202933333333333,0.0
1.6721666666666668,0.2648
6.584316666666666,4.93895
