use,car
0.42736666666666656,0.0
0.3779333333333333,0.0
0.39686666666666653,0.0
0.3897833333333333,0.0
0.42156666666666653,0.0
0.37311666666666654,0.0
0.3831,0.0
0.37355,0.0
0.3652166666666666,0.0
0.42231666666666656,0.0
0.37001666666666655,0.0
0.40981666666666655,0.0
0.38616666666666655,0.0
1.19785,0.0
7.249483333333333,0.0
7.360033333333333,0.0
7.30425,0.0
7.44485,0.0
7.10155,0.0
7.1735,0.0
6.048316666666667,0.00075
4.74365,0.0
10.60475,4.402066666666666
9.7073,4.866
