use,car
6.4638,4.11605
3.087283333333333,0.0
1.461,0.0
2.02675,0.0
2.4945,0.0
0.6337,0.0
0.62145,0.0
1.22005,0.0
0.5779,0.0
2.1062166666666666,0.0
2.37885,0.0
1.5712,0.0
2.93555,0.0
2.88495,0.0
4.10345,0.0
3.6479,0.0
4.23985,0.0
4.131516666666666,0.0011333333333333332
3.721383333333333,0.0
4.407283333333333,0.0
3.8761166666666664,0.0
4.363533333333333,0.0
8.8961,4.40775
7.8525166666666655,4.0476
