use,car
1.8050333333333333,0.0
3.6802833333333327,0.0
1.4382,0.0
1.2091166666666668,0.0
0.5229833333333332,0.0
0.56095,0.0
0.5226666666666666,0.0
0.56875,0.0
0.8108166666666666,0.0
0.89915,0.0
1.02385,0.0
1.8569666666666669,0.0
1.88635,0.0
2.8745,0.0
0.549,0.0
0.7714,0.0
0.8900666666666666,0.0
0.879633333333333,0.0
1.2455833333333333,0.0
2.626866666666667,0.0
3.3817166666666667,0.0
1.5941333333333332,0.0
3.294316666666667,0.0
1.10325,0.0
