use,car
0.3541833333333333,0.0
0.37845,0.0
0.3358333333333333,0.0
0.3635166666666666,0.0
0.338,0.0
0.3451166666666666,0.0
0.3384,0.0
0.3296166666666666,0.0
0.3614,0.0
0.3562,0.0
0.3821,0.0
0.43401666666666655,0.0
0.4337833333333333,0.0
0.3784833333333333,0.0
0.3880333333333333,0.0
0.3330666666666666,0.0
0.36518333333333325,0.0
0.3123,0.0
0.3597333333333333,0.0
0.33995,0.0
0.33985,0.0
0.3692333333333333,0.0
0.3234666666666666,0.0
0.40226666666666655,0.0
