use,car
0.3444333333333333,0.0
0.3609166666666666,0.0
0.3604666666666666,0.0
0.4117,0.0
0.4165,0.0
0.34205,0.0
0.3692,0.0
0.3239666666666666,0.0
0.3752833333333333,0.0
0.36523333333333324,0.0
0.38425,0.0
0.3883,0.0
0.37425,0.0
0.4062,0.0
0.35215,0.0
0.3856833333333333,0.0
0.3464,0.0
0.69345,0.0
0.8667166666666666,0.0
1.1786666666666668,0.0
0.4276333333333333,0.0
0.3465333333333333,0.0
0.4105,0.0
0.37506666666666655,0.0
