use,car
7.730183333333333,4.96795
8.119166666666665,4.982366666666667
3.2163833333333334,1.7734
2.1613,0.0
1.0975833333333331,0.0
1.9016833333333332,0.0
0.58785,0.0
1.38605,0.0
1.36255,0.0
2.14395,0.0
1.42085,0.0
3.49985,0.0
5.4226,0.0
7.272283333333333,0.0
1.3442,0.0
5.592216666666666,0.0
4.250333333333333,0.0
5.706216666666666,0.0
5.000833333333333,0.0
5.0929,0.0
3.585316666666667,0.0
4.660416666666666,0.0
4.752366666666666,0.0
2.70525,0.0
