use,car
6.642966666666666,5.902883333333333
6.5715,5.910716666666667
3.444,2.0182333333333333
0.9290333333333332,0.0
0.8136666666666666,0.0
0.7427,0.0
0.6905166666666666,0.0
0.8226833333333331,0.0
1.0729666666666668,0.0
0.94495,0.0
1.59805,0.0
2.83325,0.0
2.7386833333333334,0.0
1.6475666666666668,0.0
3.75005,0.0
1.87975,0.0
3.4667,0.0
2.654916666666667,0.0
3.954916666666666,0.0
2.667383333333333,0.0
2.2322,0.0
1.9699166666666668,0.0
2.14925,0.0
1.7943666666666669,0.0
