use,car
5.625616666666667,4.95895
5.689416666666666,4.97635
6.2031,4.980983333333333
5.1491,3.0582333333333334
0.5682,0.0
0.58025,0.0
0.7837333333333331,0.0
0.81525,0.0
0.5751166666666666,0.0
0.60565,0.0
1.3486333333333331,0.0
0.5572666666666666,0.0
0.6440333333333332,0.0
0.656,0.0
0.6229,0.0
2.3950666666666667,0.0
2.73985,0.0
1.3978166666666667,0.0
1.4794,0.0
1.1021666666666667,0.0
2.641233333333333,0.0010833333333333333
5.152116666666666,0.0
7.894783333333333,4.44745
7.069216666666667,4.9138
