use,car
5.630733333333333,4.958483333333333
6.2019166666666665,4.96875
2.3190833333333334,1.0793833333333331
1.1321666666666668,0.0
0.7024333333333332,0.0
1.6687,0.0
0.6666666666666666,0.0
1.1142833333333333,0.0
1.2448,0.0
0.9629333333333332,0.0
0.8564166666666666,0.0
0.8613333333333331,0.0
2.7815,0.0
1.70895,0.0
1.87825,0.0
1.8585,0.0
2.1670833333333333,0.0
2.400533333333333,0.0
1.7740333333333331,0.0
3.3182666666666667,0.0
2.82255,0.0
1.8256,0.0
2.602783333333333,0.0
1.1848333333333332,0.0
