use,car
5.970466666666667,4.6181
0.6355166666666666,0.0
0.6232166666666666,0.0
0.6303666666666666,0.0
1.2949833333333332,0.0
0.6305,0.0
1.3976166666666667,0.0
0.7682166666666665,0.0
0.8672666666666666,0.0
1.2969333333333333,0.0
1.2866,0.0
0.9938333333333332,0.0
2.82525,0.0
2.559633333333333,0.0
2.736266666666667,0.0
0.98205,0.0
2.31855,0.0
2.03625,0.0
1.3004,0.0
2.6534,0.0
1.3205333333333331,0.0
2.109316666666667,0.0
1.3855,0.0
0.5945,0.0
