use,car
0.6711833333333332,0.0
0.6585166666666666,0.0
0.651,0.0
0.66135,0.0
0.6300833333333332,0.0
0.61275,0.0
0.8898,0.0
1.331,0.0
0.8934666666666666,0.0
0.8341333333333331,0.0
1.07645,0.0
1.0088166666666665,0.0
0.68825,0.0
0.7084833333333332,0.0
0.6773,0.0
0.8116333333333331,0.0
0.9177166666666666,0.0
0.9048333333333332,0.0
1.2969,0.0
0.97675,0.0
0.6686666666666666,0.0
0.6670166666666666,0.0
0.7052333333333332,0.0
0.5924666666666666,0.0
