use,car
0.9912,0.0
0.6352666666666666,0.0
0.7899666666666666,0.0
0.68305,0.0
0.5959166666666667,0.0
0.7389166666666666,0.0
0.5658833333333332,0.0
0.8035333333333331,0.0
1.4027,0.0
1.01805,0.0
0.95345,0.0
1.21435,0.0
1.1956833333333332,0.0
1.31425,0.0
1.0858,0.0
0.74145,0.0
0.9644333333333333,0.0
1.0167666666666668,0.0
2.672683333333333,0.0
0.9843666666666664,0.0
0.8396166666666666,0.0
1.1040333333333332,0.0
5.587116666666667,4.525966666666666
3.4126166666666666,2.8394666666666666
