use,car
0.7337666666666665,0.0
0.6796,0.0
0.6999833333333332,0.0
0.7618833333333331,0.0
0.8084166666666666,0.0
0.7108166666666667,0.0
0.9017,0.0
1.38615,0.0
1.0382166666666668,0.0
0.9042833333333332,0.0
0.6571833333333332,0.0
0.6835333333333332,0.0
0.6031333333333332,0.0
0.5813,0.0
0.5719833333333332,0.0
0.5311666666666666,0.0
1.0198833333333333,0.0
2.39365,0.0
1.68705,0.0
1.55135,0.0
1.2572833333333333,0.0
1.4834166666666668,0.0
2.43785,0.0
0.9870166666666664,0.0
