use,car
0.13461666666666666,0.0
0.15991666666666665,0.0
0.14545,0.0
0.1334,0.0
0.1450833333333333,0.0
0.15426666666666666,0.0
0.16195,0.0
0.2785833333333333,0.0
0.1265,0.0
0.1701833333333333,0.0
0.1482833333333333,0.0
0.1434,0.0
0.188,0.0
0.14546666666666666,0.0
0.1835,0.0
0.14591666666666664,0.0
0.15025,0.0
0.15095,0.0
0.1459833333333333,0.0
0.13135,0.0
0.15275,0.0
0.14765,0.0
0.1411,0.0
0.1296333333333333,0.0
