use,car
0.8840166666666666,0.0
0.3788833333333333,0.0
0.191,0.0
0.20251666666666665,0.0
0.20151666666666665,0.0
0.19418333333333326,0.0
0.18598333333333328,0.0
0.1915,0.0
0.2565833333333333,0.0
0.3139,0.0
0.21218333333333328,0.0
0.19141666666666665,0.0
0.20663333333333328,0.0
0.20181666666666664,0.0
0.21038333333333328,0.0
0.20071666666666665,0.0
0.1839666666666666,0.0
0.19401666666666664,0.0
0.18245,0.0
0.1747833333333333,0.0
0.17645,0.0
0.1763333333333333,0.0
0.17615,0.0
0.17535,0.0
