use,car
0.7998333333333331,0.0
0.5100166666666666,0.0
0.4595,0.0
0.4443833333333333,0.0
0.3336,0.0
0.3827333333333333,0.0
0.19271666666666665,0.0
0.2872166666666666,0.0
0.19628333333333328,0.0
0.20408333333333328,0.0
0.1956,0.0
0.19855,0.0
0.3704833333333333,0.0
0.2395,0.0
0.2539666666666666,0.0
0.7226166666666665,0.0
0.9897,0.0
1.8512166666666667,0.0
1.3787666666666667,0.0
1.6471,0.0
5.02615,0.0
2.012583333333333,0.0
1.37135,0.0
0.9077,0.0
