use,car
0.81615,0.0
0.8505,0.0
0.8626333333333331,0.00015
0.73555,0.0
0.7051833333333332,0.0
0.4984,0.0
0.18705,0.0
0.19185,0.0
0.20276666666666665,0.0
0.19248333333333328,0.0
0.5378166666666666,0.0
0.21905,0.0
0.5401833333333332,0.0
0.8643,0.0
1.0919,0.0
0.9852833333333332,0.0
1.34215,0.0
1.9731166666666669,0.0
2.790916666666667,0.0
2.1351,0.0
1.62165,0.0
1.5326833333333332,0.0
1.8026166666666668,0.0
1.5163833333333332,0.0
