use,car
0.42556666666666654,0.0
0.3293666666666666,0.0
0.3115333333333333,0.0
0.3162833333333333,0.0
0.31155,0.0
0.2978833333333333,0.0
0.34295,0.0
0.3606166666666666,0.0
0.5474,0.0
0.3714,0.0
0.3451,0.0
0.30805,0.0
0.2715333333333333,0.0
0.2929166666666666,0.0
0.2898,0.0
0.33645,0.0
0.3788333333333333,0.0
0.3758166666666666,0.0
0.7864833333333331,0.0
2.3074,0.0
0.40765,0.0
0.3954666666666666,0.0
0.3573166666666666,0.0
0.2889833333333333,0.0
