use,car
1.104766666666667,0.0
0.9734833333333331,0.0
0.849333333333333,0.0
0.7614333333333331,0.0
0.802983333333333,0.0
0.8394333333333331,0.0
0.7674166666666666,0.0
0.5199333333333332,0.0
0.19745,0.0
0.18366666666666662,0.0
0.2320166666666666,0.0
0.32285,0.0
0.8414833333333331,0.0
1.3478166666666669,0.0
1.8009666666666668,0.0
2.30445,0.0
2.11365,0.0
2.23755,0.0
2.3575833333333334,0.0
5.1467,0.0
3.5392,0.0
3.19725,0.0
1.9367833333333333,0.0
1.0067166666666665,0.0
