use,car
1.2128333333333332,0.0
1.0011166666666664,0.0
0.9106333333333332,0.0
0.71205,0.0
0.7231666666666665,0.0
0.5741333333333332,0.0
0.6155833333333331,0.0
0.5782666666666666,0.0
0.7523,0.0
0.2277,0.0
0.243,0.0
0.20643333333333327,0.0
0.47715,0.0
1.221,0.0
1.4419,0.0
1.7269166666666669,0.0
1.5669666666666668,0.0
1.8771166666666668,0.0
3.0946,0.0
2.9909833333333333,0.0
2.9005,0.0
1.9581333333333333,0.0
1.2332,0.0
1.0983,0.0
