use,car
0.8253666666666666,0.0
0.542,0.0
0.6476166666666666,0.0
0.5064333333333332,0.0
0.5343833333333332,0.0
0.5735833333333332,0.0
0.47515,0.0
0.48095,0.0
0.5812333333333332,0.0
0.289,0.0
0.34235,0.0
0.9956333333333331,0.0
1.93005,0.0
2.2929666666666666,0.0
1.9975666666666667,0.0
2.2619,0.0
2.1054666666666666,0.0
2.3753333333333333,0.0
2.6482,0.0
4.681383333333333,0.0
2.423033333333333,0.0
1.75735,0.0
2.0696166666666667,0.0
0.9503666666666664,0.0
