use,car
0.59095,0.0
0.6342333333333332,0.0
0.5417666666666666,0.0
0.6114333333333332,0.0
0.4775333333333332,0.0
0.6152666666666666,0.0
0.5248166666666666,0.0
0.6303,0.0
0.21065,0.0
0.2192,0.0
0.20415,0.0
0.20738333333333328,0.0
0.5252666666666665,0.0
0.9395666666666664,0.0
1.2662,0.0
1.8172833333333331,0.0
1.9266166666666669,0.0
1.986716666666667,0.0
1.49495,0.0
2.8819166666666667,0.0
2.433933333333333,0.0
1.3076333333333332,0.0
1.8231333333333333,0.0
1.518333333333333,0.0
