use,car
1.5700833333333333,0.0
1.9915166666666668,0.0
1.551583333333333,0.0
0.9977833333333332,0.0
0.7879666666666666,0.0
0.6930333333333332,0.0
0.68105,0.0
0.6816,0.0
0.5623833333333332,0.0
1.0078666666666665,0.0
1.3719666666666668,0.0
2.6438,0.0002
2.24335,0.0
2.047966666666667,0.0
2.3292333333333333,0.0
2.4997,0.0
2.9597,0.0
2.524116666666667,0.0
2.3872666666666666,0.0
1.5581166666666668,0.0
1.4137,0.0
1.4875,0.0
1.3005666666666669,0.0
1.4380166666666667,0.0
