use,car
0.5638333333333332,0.0
0.6628166666666666,0.0
0.4698,0.0
0.4744666666666666,0.0
0.4929666666666666,0.0
0.4513,0.0
0.4714166666666666,0.0
0.4392,0.0
0.4879666666666666,0.0
0.2673,0.0
0.19188333333333327,0.0
0.32915,0.0
0.3469833333333333,0.0
0.2358,0.0
0.7696166666666666,0.0
1.0205333333333333,0.0
1.0036833333333333,0.0
1.3839833333333331,0.0
3.0662333333333334,0.0
4.815683333333332,0.0
1.77685,0.0
1.9519,0.0
1.80345,0.0
1.098933333333333,0.0
