use,car
1.2813,0.0
1.0481,0.0
0.8500333333333331,0.0
0.80245,0.0
0.6538166666666666,0.0
0.6048333333333332,0.0
0.6212333333333332,0.0
0.68015,0.0
0.51195,0.0
0.7176166666666666,0.0
1.0080166666666663,0.0
1.6354666666666668,0.00015
2.903783333333333,0.0
2.695666666666667,0.0
2.3989,0.0
2.7709,0.0
2.7567,0.0
2.992433333333333,0.0
2.092483333333333,0.0
1.71195,0.0
2.7554166666666666,0.0
2.636366666666667,0.0
2.85605,0.0
2.74585,0.0
