use,car
0.5544666666666666,0.0
0.4035666666666666,0.0
0.37855,0.0
0.3346833333333333,0.0
0.4243333333333333,0.0
0.2675166666666666,0.0
0.3267833333333333,0.0
0.22291666666666665,0.0
0.2523333333333333,0.0
0.7722666666666665,0.0
1.2766833333333332,0.0
2.1329,0.0
1.5734666666666668,0.0
1.75735,0.0
0.98615,0.0
1.3223333333333331,0.0
1.1203333333333332,0.0
1.35645,0.0
1.6752833333333332,0.0
1.5925,0.0006
1.3853166666666668,0.0
1.5635666666666668,0.0
1.85995,0.0
1.0577333333333332,0.0
