use,car
1.7176333333333331,0.0
1.2358,0.0
0.9808166666666664,0.0
0.84265,0.0
0.8337333333333331,0.0
0.5685833333333332,0.0
0.6526,0.0
0.6671833333333332,0.0
0.5392666666666666,0.0
1.0150666666666663,0.0
0.2558166666666666,0.0
0.21808333333333327,0.0
0.3008833333333333,0.0
0.38381666666666653,0.0
0.9476833333333332,0.0
1.5597666666666667,0.0
1.8784333333333332,0.0
0.7306833333333332,0.0
1.2219666666666669,0.0
0.7425,0.0
1.1067,0.0
0.9639666666666664,0.0
0.9486833333333332,0.0
1.1026,0.0
