use,car
0.84535,0.0
0.7763333333333331,0.0
0.5781,0.0
0.73135,0.0
0.5730166666666666,0.0
0.5961666666666666,0.0
0.4322833333333333,0.0
0.2390666666666666,0.0
0.3044333333333333,0.0
0.93015,0.0
0.2417,0.0
0.29525,0.0
0.3590833333333333,0.0
0.36405,0.0
0.4955833333333332,0.0
0.4594833333333333,0.0
0.51405,0.0
0.5427666666666666,0.0
0.5325,0.0
0.3635166666666666,0.0
0.4537333333333333,0.0
0.44266666666666654,0.0
0.41585,0.0
0.3012666666666666,0.0
