use,car
0.24365,0.0
0.2344,0.0
0.2328666666666666,0.0
0.20591666666666664,0.0
0.2914166666666666,0.0
0.2789,0.0
0.3342833333333333,0.0
0.2563,0.0
0.30345,0.0
0.2874666666666666,0.0
0.2985,0.0
0.3003,0.0
0.42661666666666653,0.0
0.2949833333333333,0.0
0.2791666666666666,0.0
0.4030666666666666,0.0
0.5539833333333332,0.0
0.4870333333333332,0.0
0.5897666666666666,0.0
0.3091833333333333,0.0
0.3869833333333333,0.0
0.633,0.0
0.9296666666666664,0.0
0.6117333333333332,0.0
