use,car
0.42535,0.0
0.4654333333333332,0.0
0.4585,0.0
0.4443166666666665,0.0
0.4507166666666666,0.0
0.4579166666666666,0.0
0.4957,0.0
0.4346833333333333,0.0
0.4967666666666666,0.0
0.5294333333333332,0.0
2.342433333333333,0.0
0.3059833333333333,0.0
0.4578333333333333,0.0
0.3260333333333333,0.0
0.32315,0.0
0.36465,0.0
0.3311333333333333,0.0
0.5500833333333331,0.0
0.8997166666666666,0.0
3.070583333333333,0.0
0.5848666666666666,0.0
0.5935,0.0
0.6205833333333332,0.0
0.44405,0.0
