use,car
0.43101666666666655,0.0
0.4421,0.0
0.4262833333333333,0.0
0.42485,0.0
0.40085,0.0
0.4257166666666666,0.0
0.449,0.0
0.4227,0.0
0.4036333333333333,0.0
0.3498666666666666,0.0
0.2992833333333333,0.0
0.304,0.0
0.9912166666666664,0.0
0.18691666666666665,0.0
0.2662166666666666,0.0
0.3741,0.0
0.3954833333333333,0.0
0.8373166666666666,0.0
0.3527833333333333,0.0
0.5166833333333332,0.0
0.4413,0.0
0.4642833333333332,0.0
0.62545,0.0
0.4252833333333333,0.0
