use,car
0.201,0.0
0.18565,0.0
0.20018333333333327,0.0
0.19036666666666666,0.0
0.18451666666666666,0.0
0.21115,0.0
0.1803,0.0
0.17861666666666665,0.0
0.3464833333333333,0.0
0.3470833333333333,0.0
0.3486166666666666,0.0
1.7104833333333331,1.3213666666666668
3.707483333333333,3.347983333333333
3.5216833333333333,2.4844833333333334
0.556,0.0
0.48,0.0
2.1680333333333333,0.0
2.2689,0.0
0.5944,0.0
2.695616666666667,0.0
0.43716666666666654,0.0
0.3744,0.0
0.7439666666666666,0.0
0.4687666666666666,0.0
