use,car
0.3378,0.0
0.3607666666666666,0.0
0.41051666666666653,0.0
0.37346666666666656,0.0
0.3144,0.0
0.2261833333333333,0.0
0.2419,0.0
0.24015,0.0
0.2999166666666666,0.0
2.6018833333333333,0.0
1.3399666666666668,0.0
0.6027666666666666,0.39351666666666657
3.72495,3.3503
3.7041,3.3472666666666666
0.8940166666666666,0.723
0.1573833333333333,0.0
0.1575333333333333,0.0
0.1507,0.0
0.2821666666666666,0.0
0.3658666666666666,0.0
0.38025,0.0
0.2898666666666666,0.0
0.2523,0.0
0.2546833333333333,0.0
