use,car
0.18061666666666662,0.0
0.18511666666666665,0.0
0.19616666666666666,0.0
0.19098333333333328,0.0
0.18975,0.0
0.17961666666666665,0.0
0.22635,0.0
0.17205,0.0
0.8425333333333331,0.0
0.17915,0.0
0.22411666666666666,0.0
0.21098333333333327,0.0
0.21108333333333326,0.0
0.20913333333333328,0.0
0.2439833333333333,0.0
0.8464833333333331,0.0
0.4907666666666666,0.0
0.6883833333333332,0.0
0.8459,0.0
0.3514166666666666,0.0
0.5483,0.0
0.4102833333333333,0.0
0.405,0.0
0.4365,0.0
