use,car
0.20408333333333328,0.0
0.1830833333333333,0.0
0.1766,0.0
0.1761,0.0
0.19245,0.0
0.22991666666666666,0.0
0.1688333333333333,0.0
0.17176666666666665,0.0
1.4287,0.0
0.3051833333333333,0.0
1.3442833333333333,0.0
0.36633333333333323,0.0
1.23825,0.0
1.3956666666666668,0.0
1.3787833333333332,0.0
0.3772833333333333,0.0
0.44196666666666656,0.0
0.2376833333333333,0.0
0.1779333333333333,0.0
0.185,0.0
0.1720833333333333,0.0
0.2100833333333333,0.0
0.3952,0.0
0.4366833333333333,0.0
