use,car
1.0156166666666664,0.0
1.0789166666666667,0.0
0.7277833333333332,0.0
0.9045666666666666,0.0
0.91675,0.0
0.71725,0.0
1.1912,0.0
1.3422166666666668,0.0
1.250816666666667,0.0
0.7930666666666666,0.0
1.1338666666666668,0.0
1.583516666666667,0.0
1.6973666666666667,0.0
2.3021166666666666,0.0
2.4064,0.0
2.3153,0.0
2.32115,0.0
3.416033333333333,0.0
3.4050833333333332,0.0
2.9082,0.0
2.9597,0.0
2.1937333333333333,0.0
1.5079166666666668,0.0
1.5721166666666668,0.0
