use,car
1.439633333333333,0.1849
1.0078833333333332,0.0
1.0067333333333333,0.0
0.9904,0.0
0.9394666666666665,0.0
0.9513666666666664,0.0
0.7929,0.0
1.1922666666666668,0.0
1.2674,0.0
0.92165,0.0
0.4766333333333332,0.0
0.4481333333333333,0.0
0.7202166666666666,0.0
1.3520666666666667,0.0
2.0783,0.0
2.5286833333333334,0.0
2.956233333333333,0.0
3.8391,0.0
6.377316666666666,2.4295
5.6155833333333325,0.54265
4.415083333333333,0.0
3.1755166666666668,0.0
1.8394166666666667,0.0
1.4541666666666668,0.0
