use,car
1.68025,0.0
1.47385,0.0
1.42795,0.0
1.3637333333333332,0.0
3.72185,2.606316666666667
1.330833333333333,0.13195
1.05115,0.0
3.5751666666666666,0.0
2.010733333333333,0.0
1.2133,0.0
1.4112833333333332,0.0
1.99955,0.0
1.7270333333333332,0.0
2.1612,0.0
2.8145,0.0
3.3354,0.0
3.3221833333333333,0.0
3.8029666666666664,0.0
4.258616666666667,0.0
3.90285,0.0
3.679583333333333,0.0
3.91145,0.0
3.2647166666666667,0.0
3.163,0.23725
