use,car
1.4828666666666668,0.0
1.4236166666666668,0.0
1.3645666666666667,0.0
1.0529,0.0
1.2683666666666669,0.0
0.9901333333333332,0.0
0.9634166666666664,0.0
0.94835,0.0
0.9581166666666664,0.0
0.5096166666666666,0.0
0.51015,0.0
0.60535,0.0
1.2379666666666669,0.0
0.98845,0.0
1.013,0.0
1.313683333333333,0.0
2.2497166666666666,0.0
2.63135,0.0
3.153,0.0
3.1435666666666666,0.0
2.2422833333333334,0.0
1.68635,0.0
1.579783333333333,0.0
1.4625,0.0
