use,car
2.14415,0.0
1.5471333333333332,0.0
1.4982,0.0
1.392116666666667,0.0
1.1965333333333332,0.0
1.3679666666666668,0.0
1.073683333333333,0.0
1.4222,0.0
1.6302333333333332,0.0
0.5239333333333333,0.0
1.5545166666666668,0.0
1.61325,0.0
1.782333333333333,0.0
1.9804166666666667,0.0
3.1183,0.0
3.3411666666666666,0.0
4.417683333333333,0.0
4.634566666666666,0.0
4.380966666666667,0.0
2.9531666666666667,0.0
2.795116666666667,0.0
2.5349166666666667,0.0
2.5584,0.0
2.370683333333333,0.0
