use,car
0.7602,0.0
0.6706166666666666,0.0
0.6793,0.0
3.0934166666666667,2.44365
2.5698333333333334,2.119483333333333
0.45595,0.0
0.55275,0.0
0.84565,0.0
0.5205666666666666,0.0
0.5314666666666666,0.0
0.5624666666666666,0.0
0.8450833333333331,0.0
0.9470666666666664,0.0
0.7410333333333331,0.0
0.9666,0.0
2.12785,0.0
2.53375,0.0
3.587083333333333,0.0
4.166733333333333,0.0
3.934033333333333,0.0
3.57285,0.0
2.375166666666667,0.0
1.8467166666666668,0.0
1.1712166666666668,0.0
