use,car
0.8757,0.0
0.46645,0.0
0.6524166666666666,0.0
0.4543,0.0
0.4556,0.0
0.4663166666666666,0.0
0.4684,0.0
0.4571,0.0
0.4516333333333333,0.0
0.4501833333333333,0.0
0.4538333333333333,0.0
0.4743833333333332,0.0
0.4841333333333332,0.0
0.4857333333333332,0.0
0.4794833333333332,0.0
1.01935,0.0
2.2390833333333333,0.0
3.07545,0.0
3.2295166666666666,0.0
2.0178833333333333,0.0
1.4236333333333333,0.0
1.42025,0.0
1.0546,0.0
0.9860666666666664,0.0
