use,car
0.9459,0.0
0.76165,0.0
0.8765166666666666,0.0
0.7074,0.0
0.7078166666666666,0.0
0.70875,0.0
0.5086666666666666,0.0
0.5083,0.0
0.5349166666666666,0.0
0.6145333333333332,0.0
0.62945,0.0
0.5608833333333332,0.0
0.5688,0.0
0.53235,0.0
1.6740666666666668,0.0
2.16505,0.0
2.291916666666667,0.0
3.547333333333333,0.5844833333333332
7.72615,3.3271333333333333
6.4944,2.187416666666667
2.8158833333333333,0.0
2.03055,0.0
2.3469,0.0
1.33485,0.0
