use,car
0.8903666666666666,0.0
0.7710666666666666,0.0
0.77705,0.0
0.6785,0.0
0.7219,0.0
1.6857333333333333,0.0
0.8167,0.0
1.1266666666666667,0.0
0.9403666666666664,0.0
1.1112,0.0
1.07435,0.0
1.93255,0.0
1.30645,0.0
1.1268166666666668,0.0
1.1185166666666668,0.0
1.2833166666666669,0.0
1.0052166666666664,0.0001333333333333333
0.9408666666666664,0.0
1.2411333333333332,0.0
0.6880833333333332,0.0
0.8788,0.0
1.17965,0.0
1.029216666666667,0.0
0.9044166666666666,0.0
