use,car
0.95025,0.0
0.6291666666666667,0.0
0.42365,0.0
0.41996666666666654,0.0
0.422,0.0
0.4212166666666666,0.0
0.41985,0.0
0.4979166666666666,0.0
1.20195,0.0
0.8337166666666666,0.0
0.6651333333333332,0.0
0.6675,0.02331666666666666
4.1976,3.3248
4.16345,3.3303333333333334
1.8017166666666669,1.0335166666666669
0.79015,0.0
0.77535,0.0
2.1641,0.0
1.6475,0.0
1.0240833333333332,0.0
1.3978333333333333,0.0
0.8541333333333331,0.0
0.9247833333333332,0.0
0.9402,0.0
