use,car
0.7440666666666667,5e-05
0.8592,0.00015
0.82085,5e-05
0.8183666666666666,0.00015
1.027116666666667,5e-05
0.6019,0.0
1.1173,0.0
2.65295,0.0
1.4838166666666668,0.00015
1.7993833333333331,0.00025
1.2280833333333332,0.00045
1.7759333333333331,0.0005
2.59585,0.00145
1.70695,0.0014
0.7018333333333332,0.0
0.73865,0.0
0.8128333333333331,0.0
3.455433333333333,2.561983333333333
1.9302166666666667,0.6485
1.2574,0.0
1.1545,0.0
1.2450666666666668,0.0
1.48515,0.0
1.4276166666666668,0.0
