use,car
0.47505,0.0
0.3586666666666666,0.0
0.3533833333333333,0.0
0.3576666666666666,0.0
0.3567333333333333,0.0
0.45505,0.0
1.1229833333333332,0.0
0.57785,0.0
0.3263,0.0
0.4358833333333333,0.0
0.5528166666666666,0.0
0.6974666666666666,0.0
0.7108666666666666,0.0
0.7909666666666666,0.0
0.6782666666666666,0.0
0.5775333333333332,0.0
0.5692333333333331,0.0
0.5607,0.0
0.53705,0.0
0.8071833333333331,0.0
1.0490833333333331,0.0
1.3027333333333333,0.0
4.415233333333333,0.0
3.16715,0.0
