use,car
0.6995166666666666,0.0
0.6980333333333332,0.0
0.6745666666666666,0.0
0.49865,0.0
0.6845666666666665,0.0
0.4905833333333332,0.0
0.8706,0.0
1.0927666666666669,0.0
1.1443166666666669,0.0
0.7980333333333332,0.0
0.5282833333333332,0.0
0.502,0.0
0.525,0.0
0.5241666666666666,0.0
0.5181333333333332,0.0
2.5966,2.008783333333333
0.7110166666666666,0.0
1.3811,0.0
2.858683333333333,0.0
1.9176333333333333,0.0
1.48975,0.0
1.1711666666666667,0.0
0.9086166666666666,0.0
0.8802833333333331,0.0
