use,car
1.3256166666666669,0.0012
1.751183333333333,0.0
0.8855666666666666,0.0
0.38221666666666654,0.0
0.80595,0.0
0.48265,0.0
0.8772,0.0
0.6293833333333332,0.0
0.9488,0.0
0.4225333333333333,0.0
2.94285,1.91495
2.10515,0.0
1.5983166666666668,0.0
1.31465,0.00011666666666666668
1.36525,0.0
1.7806166666666667,0.0
1.3249333333333333,0.0
1.3814833333333332,0.0
2.245083333333333,0.0
0.9424166666666663,0.0
1.5000833333333332,0.0
2.164416666666667,0.0
0.4513166666666666,0.0
0.6147166666666666,0.0
