use,car
0.5987166666666666,0.0
0.5628666666666666,0.0
0.7947,0.0
0.2579,0.0
0.2527,0.0
0.7163166666666666,0.0
1.1024333333333332,0.00018333333333333334
0.5140833333333332,0.0
0.2093,0.0
0.20425,0.0
0.1986,0.0
0.215,0.0
0.2161333333333333,0.0
0.2051,0.0
0.3212333333333333,0.0
0.4492833333333333,0.0
0.84615,0.0
0.7612166666666667,0.0
1.2978166666666668,0.0
0.8124333333333331,0.0
1.3644833333333333,0.0
0.9047833333333332,0.0
3.4039,2.3161
1.86615,0.8576
