use,car
0.21525,0.0
0.21385,0.0
0.21365,0.0
0.21411666666666665,0.0
0.21436666666666665,0.0
0.21321666666666664,0.0
0.21338333333333329,0.0
0.2131,0.0
0.21278333333333327,0.0
0.21216666666666664,0.0
0.20955,0.0
0.20865,0.0
0.20775,0.0
0.20695,0.0
0.21088333333333328,0.0
0.21161666666666665,0.0
0.21163333333333328,0.0
0.21193333333333328,0.0
0.21196666666666664,0.0
0.21295,0.0
0.21336666666666665,0.0
0.21425,0.0
0.21426666666666666,0.0
0.2770166666666666,0.06368333333333333
