use,car
1.6077833333333331,0.0
1.8878833333333331,0.0
0.42545,0.0
1.2128,0.0
0.3370666666666666,0.0
1.109816666666667,0.0
0.9305833333333332,0.0
1.1689666666666667,0.0001
0.4549333333333333,0.0
0.24735,0.0
0.22565,0.0
0.21925,0.0
0.2166,0.0
0.2137,0.0
0.21266666666666664,0.0
1.547,0.0
2.9577166666666668,0.0
2.5989166666666668,0.0
4.341716666666667,0.0
2.739266666666667,0.0
3.081433333333333,0.0
4.763483333333332,2.647
5.692383333333333,3.782083333333333
2.444466666666667,0.6478
