use,car
0.2658166666666666,0.0
0.2701166666666666,0.0
0.31865,0.0
0.2859333333333333,0.0
0.2827,0.0
0.47365,0.0
1.8436833333333331,0.0
0.6898,0.0
1.2303,0.00125
1.0184166666666667,0.0017333333333333333
0.30865,0.0
0.3939,0.0
0.4051,0.0
0.2614666666666666,0.0
0.4569333333333333,0.0
0.7253166666666665,0.0
0.95905,0.0
3.458333333333333,2.4653
5.3249,3.8133166666666662
3.9768,2.525533333333333
0.9691166666666664,0.0
1.85395,0.0
0.72185,0.0
0.5250333333333332,0.0
