use,car
0.53805,0.1025
1.8781666666666668,0.0
1.0287,0.0
1.225,0.0
0.6791166666666666,0.0
1.70135,0.0
1.0538333333333332,0.0
1.3308666666666669,0.0001666666666666667
0.3494666666666666,0.0
0.2954833333333333,0.0
0.2405,0.0
0.21675,0.0
0.22343333333333326,0.0
0.2207,0.0
0.4538333333333333,0.0
2.0176,0.0
3.00145,0.0
3.8996333333333326,0.0
3.4255,0.0
3.004183333333333,0.0
2.357816666666667,0.0
3.123466666666667,0.0
4.60415,2.893183333333333
4.403416666666667,3.799133333333333
