use,car
0.9562,0.0
0.4015,0.0
1.048366666666667,0.0
0.3009166666666666,0.0
1.71815,0.0
0.8901166666666666,0.0
0.8234,0.0001
0.6637833333333332,0.00021666666666666668
0.2686333333333333,0.0
0.2347,0.0
0.21885,0.0
0.19845,0.0
0.19783333333333328,0.0
0.1977,0.0
0.198,0.0
0.24775,0.0
0.4558166666666666,0.00015
0.6053666666666666,5e-05
3.4961333333333333,2.48835
4.117283333333333,3.1637
1.1528166666666668,0.00115
2.34215,0.00065
0.5426666666666666,0.0
0.26295,0.0
