use,car
0.0,0.0
0.0,0.0
0.0,0.0
0.0,0.0
0.0,0.0
0.0,0.0
0.0,0.0
0.0,0.0003833333333333333
0.0,0.0002333333333333333
0.0,0.0
0.0,0.0
0.0,0.0
0.0,0.0002333333333333333
0.0,0.0
0.0,0.0
0.0,0.0
0.0,0.0
0.0,0.0
0.0,0.0
0.0,0.0
0.0,0.0
0.0,2.113833333333333
0.0,0.0
0.0,0.0
