use,car
0.0,0.0
0.0,0.0
0.0,0.0
0.0,0.0
0.0,0.0
0.0,0.0
0.0,0.0003833333333333333
0.0,0.00025
0.0,0.0
0.0,0.0
0.0,0.0
0.0,0.0
0.0,0.0
0.0,0.0
0.0,0.0
0.0,2.84005
0.0,2.9241
0.0,0.0
0.0,0.0
0.0,0.0
0.0,0.0
0.0,1.6506333333333332
0.0,8.333333333333332e-05
0.0,0.0
