use,car
0.0,0.0
0.0,0.0
0.0,0.0
0.0,0.0
0.0,0.0
0.0,0.0
0.0,0.00021666666666666668
0.0,0.00018333333333333334
0.0,0.0003
0.0,0.0
0.0,0.0
0.0,0.0
0.0,0.0003333333333333333
0.0,0.0
0.0,0.0
0.0,0.0003166666666666667
0.0,0.0
0.0,0.0002333333333333333
0.0,0.0
0.0,0.0004666666666666666
0.0,0.0002333333333333333
0.0,2.6661
0.0,3.89005
0.0,1.6695833333333332
