use,car
0.0,0.00036666666666666667
0.0,0.00015
0.0,0.00035
0.0,0.0002
0.0,0.00015
0.0,0.0004
0.0,0.0
0.0,0.00035
0.0,0.0002666666666666667
0.0,0.0002833333333333333
0.0,0.0
0.0,0.0
0.0,0.0001666666666666667
0.0,0.0
0.0,0.0
0.0,0.0
0.0,0.0
0.0,0.0
0.0,0.0
0.0,0.0
0.0,0.0
0.0,0.7907833333333331
0.0,3.868033333333333
0.0,1.1649166666666668
