use,car
0.0,0.0
0.0,0.0
0.0,0.17355
0.0,0.0
0.0,0.0
0.0,0.0
0.0,0.17095
0.0,0.0
0.0,6.666666666666666e-05
0.0,0.07425
0.0,0.0821
0.0,0.0020833333333333333
0.0,0.0
0.0,0.0
0.0,0.0
0.0,0.0
0.0,0.0
0.0,2.4050333333333334
0.0,0.08376666666666666
0.0,0.0
0.0,0.0
0.0,0.0003833333333333333
0.0,0.0
0.0,0.0
