use,car
0.897733333333333,0.0
0.9258166666666664,0.0
0.8873,0.0
0.8789333333333331,0.0
0.93735,0.0
0.83135,0.0
1.1395166666666667,0.0
1.238983333333333,0.0
1.4602333333333333,0.0
2.887166666666667,0.0
2.574516666666667,0.0
1.8026333333333333,0.0
1.0197666666666667,0.0
0.8405333333333331,0.0
0.9445666666666664,0.0
0.8983,0.0
0.9053666666666667,0.0
0.86325,0.0
0.76745,0.0
0.8459833333333331,0.0
0.9135166666666666,0.0
1.0174333333333332,0.0
1.5309666666666668,0.0
1.1643166666666669,0.0
