use,car
0.9310666666666664,0.0
0.9636166666666665,0.0
0.8944333333333331,0.0
0.94255,0.0
1.002,0.0
0.9193666666666666,0.0
1.1481,0.0
1.9715166666666668,0.0
1.7174666666666667,0.0
1.8311666666666668,0.0
2.1231166666666668,0.0
2.6803833333333333,0.0
2.098883333333333,0.0
1.0047833333333331,0.0
0.92455,0.0
0.8428166666666665,0.0
0.91335,0.0
1.200516666666667,0.0
1.7593833333333333,0.0
2.3983166666666667,0.0
4.9360833333333325,0.0
1.776066666666667,0.0
1.36495,0.0
1.2836833333333333,0.0
