use,car
0.9095,0.0
0.8584166666666666,0.0
0.9036,0.0
1.01705,0.0
1.0729333333333333,0.0
1.030333333333333,0.0
1.0273333333333332,0.0
1.41375,0.0
1.7280333333333333,0.0
1.5741833333333333,0.0
2.133833333333333,0.0
1.7789166666666667,0.0
1.9172833333333332,0.0
1.1974166666666668,0.0
1.14745,0.0
1.4494333333333331,0.0
1.1503,0.0
1.1027333333333331,0.0
2.9690166666666666,0.0
1.9246333333333332,0.0
1.45015,0.0
1.533116666666667,0.0
1.28815,0.0
1.0323,0.0
