use,car
0.8662666666666666,0.0
0.8700333333333331,0.0
1.0357833333333333,0.0
0.9085833333333332,0.0
0.8728666666666666,0.0
0.9267833333333332,0.0
1.1766833333333333,0.0
1.2243166666666667,0.0
1.58095,0.0
1.2798166666666668,0.0
1.38025,0.0
1.2776,0.0
2.1837166666666668,0.0
1.0939333333333332,0.0
1.0649166666666667,0.0
0.85395,0.0
1.0476,0.0
2.075416666666667,0.0
1.5468833333333332,0.0
1.423,0.0
2.423,0.0
1.5930833333333332,0.0
1.3727166666666668,0.0
1.1535,0.0
