use,car
1.1335666666666668,0.0
1.3753833333333332,0.0
1.0513833333333331,0.0
1.0485833333333332,0.0
1.310466666666667,0.0
1.1781833333333331,0.0
1.2637333333333332,0.0
1.1412666666666669,0.0
1.63265,0.0
1.1809333333333332,0.0
1.173433333333333,0.0
1.9760833333333332,0.0
1.8832666666666669,0.0
1.644016666666667,0.0
1.2525333333333333,0.0
1.4692666666666667,0.0
1.3479666666666668,0.0
2.109866666666667,0.0
2.06805,0.0
2.25035,0.0
1.47445,0.0
1.485766666666667,0.0
1.4371,0.0
1.3636833333333331,0.0
