use,car
1.1681333333333332,0.0
0.87845,0.0
1.1379833333333331,0.0
0.8763833333333331,0.0
1.0771666666666668,0.0
0.9725166666666664,0.0
0.8673166666666666,0.0
1.3466,0.0
1.2300166666666668,0.0
2.17255,0.0
3.038183333333333,0.0
2.6783,0.0
1.1537666666666668,0.0
1.318,0.0
1.4170666666666667,0.0
1.9270666666666667,0.0
3.7570833333333327,0.0
1.31835,0.0
2.649833333333333,0.0
2.3623333333333334,0.0
2.6212833333333334,0.0
2.187466666666667,0.0
1.7027,0.0
1.6601833333333331,0.0
