use,car
0.8576833333333331,0.0
1.2652333333333332,0.0
0.8853666666666666,0.0
1.1688,0.0
0.9807166666666663,0.0
0.9209,0.0
1.38605,0.0
1.0419166666666668,0.0
1.8107,0.0
1.5854666666666668,0.0
1.8029666666666668,0.0
1.8908666666666667,0.0
2.8168333333333333,0.0
1.47165,0.0
1.0727833333333332,0.0
1.4461833333333332,0.0
2.83215,0.0
2.8405,0.0
1.8855666666666668,0.0
2.405883333333333,0.0
3.9544666666666664,0.0
1.76645,0.0
1.7687166666666667,0.0
1.0348666666666668,0.0
