use,car
1.3061,0.0
1.4705333333333332,0.0
1.5690833333333332,0.0
1.3020833333333333,0.0
1.4701333333333333,0.0
1.47635,0.0
1.4396,0.0
1.49475,0.0
1.4309833333333333,0.0
1.5095833333333333,0.0
1.2495166666666668,0.0
1.2105,0.0
1.24785,0.0
1.2616166666666668,0.0
1.1715666666666669,0.0
1.2352166666666669,0.0
1.1181333333333332,0.0
1.2720833333333332,0.0
1.3493333333333333,0.0
1.2800333333333331,0.0
1.2641,0.0
1.43655,0.0
1.7387666666666668,0.0
1.2084,0.0
