use,car
1.1887666666666667,0.0
1.2469333333333332,0.0
1.1440333333333332,0.0
1.2523,0.0
1.2479833333333332,0.0
1.27265,0.0
1.4901666666666669,0.0
1.2151166666666668,0.0
1.5573833333333331,0.0
1.3472166666666667,0.0
1.71475,0.0
1.3453333333333333,0.0
1.5521666666666667,0.0
2.240866666666667,0.0
2.6033833333333334,0.0
1.3928666666666667,0.0
2.016283333333333,0.0
1.339883333333333,0.0
1.219,0.0
1.4658666666666669,0.0
1.6333166666666667,0.0
1.8014,0.0
1.70755,0.0
1.6015,0.0
