use,car
1.0719833333333333,0.0
0.9878166666666665,0.0
1.0297833333333333,0.0
1.0275333333333332,0.0
1.0864666666666667,0.0
1.0831166666666667,0.0
1.0732166666666667,0.0
1.3362333333333332,0.0
1.6398,0.0
1.7425333333333333,0.0
2.3744666666666667,0.0
1.8121,0.0
1.4408166666666669,0.0
1.3268833333333332,0.0
1.3775333333333333,0.0
2.64635,0.0
1.2013166666666668,0.0
1.0412833333333331,0.0
1.3869833333333332,0.0
1.81685,0.0
1.5049333333333332,0.0
1.3969833333333332,0.0
1.46135,0.0
1.24955,0.0
