use,car
2.521583333333333,0.0
1.4340833333333332,0.0
1.6406833333333333,0.0
1.7213333333333332,0.0
1.7929833333333332,0.0
1.5893666666666668,0.0
1.6371,0.0
1.8454666666666668,0.0
2.240616666666667,0.0
2.8466666666666667,0.0
3.563466666666667,0.0
2.7098,0.0
3.0247,0.0
2.8106166666666668,0.0
4.762666666666666,0.0
2.93145,0.0
3.1710833333333333,0.0
2.76165,0.0
2.83335,0.0
2.5025666666666666,0.0
2.1940833333333334,0.0
2.3814333333333333,0.0
1.9566333333333332,0.0
1.9312166666666668,0.0
