use,car
1.46915,0.0
1.4130166666666668,0.0
1.4712833333333333,0.0
1.4368833333333333,0.0
1.4626,0.0
1.4586,0.0
1.55755,0.0
1.6317333333333333,0.0
2.004433333333333,0.0
2.333083333333333,0.0
2.347116666666667,0.0
2.487816666666667,0.0
3.60465,0.0
2.219183333333333,0.0
2.4131666666666667,0.0
4.687566666666666,0.0
2.49085,0.0
3.314166666666667,0.0
5.59535,0.0
4.71535,0.0
4.899933333333332,0.0
3.6766666666666663,0.0
2.32825,0.0
2.7815,0.0
