use,car
1.4196166666666667,0.0
1.43415,0.0
1.4538833333333332,0.0
1.47295,0.0
1.5047,0.0
1.5748666666666669,0.0
1.5227833333333332,0.0
1.4548333333333332,0.0
1.4800833333333332,0.0
1.4375,0.0
1.4552833333333333,0.0
1.4919666666666669,0.0
1.3552,0.0
1.3863,0.0
1.7837333333333332,0.0
2.23175,0.0
3.2237666666666667,0.0
4.9855,0.0
5.82685,0.0
6.2241833333333325,0.0
4.5153333333333325,0.0
4.49055,0.0
4.288133333333333,0.0
3.3761,0.0
