use,car
1.11375,0.0
0.80985,0.0
0.76525,0.0
0.7677166666666666,0.0
0.78695,0.0
0.7698333333333331,0.0
0.8025833333333331,0.0
0.75325,0.0
0.7793666666666667,0.0
0.82945,0.0
1.3212833333333331,0.0
1.03725,0.0
0.8203,0.0
1.02535,0.0
0.7938,0.0
0.9837833333333332,0.0
1.109816666666667,0.0
0.8336166666666666,0.0
1.1561666666666668,0.0
0.9547333333333332,0.0
2.4749833333333333,0.0
2.606816666666667,0.0
2.141566666666667,0.0
2.13015,0.0
