use,car
3.043616666666667,0.0
2.2388833333333333,0.0
2.167333333333333,0.0
1.6760166666666667,0.0
1.45815,0.0
1.46595,0.0
1.91005,0.0
2.815583333333333,0.0
2.8320166666666666,0.0
3.142983333333333,0.0
2.978616666666667,0.0
3.0490833333333334,0.0
2.262566666666667,0.0
3.5036666666666667,0.0
1.8301833333333333,0.0
2.4183833333333333,0.0
2.38455,0.0
3.4486166666666667,0.0
2.2255333333333334,0.0
1.71535,0.0
1.61635,0.0
2.772016666666667,0.0
5.275783333333333,0.0
2.967683333333333,0.0
