use,car
3.088783333333333,0.0
2.9560166666666667,0.0
2.472516666666667,0.0
2.22845,0.0
2.309483333333333,0.0
2.1301,0.0
1.5782333333333332,0.0
1.8818833333333331,0.0
1.7875166666666669,0.0
2.554266666666667,0.0
2.2300833333333334,0.0
2.25195,0.0
1.8830166666666668,0.0
3.057583333333333,0.0
3.174,0.0
3.4702333333333333,0.0
3.3194833333333333,0.0
2.7348166666666667,0.0
2.5432333333333332,0.0
2.3544,0.0
2.3397,0.0
2.302083333333333,0.0
2.1127833333333332,0.0
1.6387833333333333,0.0
