use,car
1.6986666666666668,0.0
1.8411333333333333,0.0
1.7583333333333333,0.0
1.90065,0.0
1.8449666666666669,0.0
2.1136833333333334,0.0
1.78155,0.0
2.08225,0.0
2.748133333333333,0.0
2.81625,0.0
2.9894166666666666,0.0
3.071533333333333,0.0
2.572216666666667,0.0
2.24225,0.0
2.4305166666666667,0.0
1.9253833333333332,0.0
2.0131666666666668,0.0
2.012016666666667,0.0
2.7926,0.0
3.0450666666666666,0.0
2.41085,0.0
2.2970333333333333,0.0
2.3219333333333334,0.0
2.0399833333333333,0.0
