use,car
1.70135,0.0
1.7089166666666669,0.0
1.74155,0.0
2.150983333333333,0.0
1.84565,0.0
1.8058166666666668,0.0
1.7811833333333331,0.0
2.1467666666666667,0.0
2.5324166666666668,0.0
2.510933333333333,0.0
2.02175,0.0
1.927266666666667,0.0
2.1123,0.0
1.86875,0.0
1.6384,0.0
1.6941666666666668,0.0
1.7744166666666668,0.0
2.3229333333333333,0.0
1.9924166666666667,0.0
1.7221666666666668,0.0
1.7243166666666667,0.0
1.7123833333333331,0.0
1.8595333333333333,0.0
1.5697666666666668,0.0
