use,car
1.667433333333333,0.0
1.7416,0.0
1.5331833333333331,0.0
1.7541833333333332,0.0
1.63795,0.0
1.6716666666666669,0.0
1.9552833333333333,0.0
1.9015,0.0
2.000083333333333,0.0
2.4312,0.0
1.8454,0.0
1.539483333333333,0.0
1.9031,0.0
1.70505,0.0
2.3366333333333333,0.0
3.8031,0.0
1.8492833333333332,0.0
2.32565,0.0
2.508766666666667,0.0
2.8545333333333334,0.0
3.161116666666667,0.0
3.158233333333333,0.0
1.72335,0.0
1.6001166666666669,0.0
