use,car
1.248,0.0
1.2889833333333331,0.0
1.2429666666666668,0.0
1.2676833333333333,0.0
1.2637666666666667,0.0
1.2230166666666669,0.0
1.292533333333333,0.0
1.4719,0.0
1.5525,0.0
2.5802666666666667,0.0
2.132233333333333,0.0
2.7274833333333333,0.0
2.9699,0.0
1.635,0.0
1.5931166666666667,0.0
3.3048333333333333,0.0
3.42645,0.0
3.1507,0.0
1.434483333333333,0.0
3.937,0.0
2.6733333333333333,0.0
1.994,0.0
1.5892166666666667,0.0
1.2333666666666667,0.0
