use,car
0.8084333333333331,0.0
0.8700666666666667,0.0
0.9343333333333332,0.0
1.19885,0.0
0.9738,0.0
0.8587666666666666,0.0
0.8321333333333331,0.0
1.0206833333333332,0.0
1.3947,0.0
1.4389,0.0
1.3757833333333331,0.0
1.6221166666666669,0.0
1.7317166666666668,0.0
0.8474166666666666,0.0
0.8372,0.0
0.83485,0.0
1.077,0.0
1.214,0.0
1.00055,0.0
1.0340666666666667,0.0
1.3983166666666669,0.0
1.8030833333333331,0.0
0.9711333333333332,0.0
0.86035,0.0
