use,car
1.4284666666666668,0.0
1.8082166666666668,0.0
1.4995833333333333,0.0
1.7526666666666668,0.0
1.7077,0.0
1.6056,0.0
1.7935,0.0
2.12855,0.0
3.0101,0.0
3.1134166666666667,0.0
2.2974,0.0
2.091,0.0
2.313016666666667,0.0
2.317683333333333,0.0
2.20655,0.0
1.79915,0.0
2.705566666666667,0.0
5.763283333333333,0.0
3.08285,0.0
2.536316666666667,0.0
2.3427333333333333,0.0
1.8826333333333332,0.0
2.0623666666666667,0.0
1.963566666666667,0.0
