use,car
2.0969333333333333,0.0
2.2575333333333334,0.0
2.04175,0.0
1.89645,0.0
1.8958,0.0
1.8361833333333333,0.0
1.9118166666666667,0.0
1.8266166666666668,0.0
2.9368,0.0
2.594316666666667,0.0
1.947633333333333,0.0
1.5556166666666669,0.0
1.49255,0.0
2.9841333333333333,0.0
2.621516666666667,0.0
2.56045,0.0
4.385833333333332,0.0
5.304733333333333,0.0
5.0698333333333325,0.0
3.00915,0.0
3.6335833333333327,0.0
2.041666666666667,0.0
1.5407833333333332,0.0
1.4542666666666668,0.0
