use,car
1.6065166666666668,0.0
1.5528166666666667,0.0
1.5517666666666667,0.0
1.5097666666666667,0.0
1.5514166666666669,0.0
1.5180333333333331,0.0
1.46135,0.0
1.9539166666666667,0.0
2.5404166666666668,0.0
2.8109333333333333,0.0
3.06085,0.0
2.798983333333333,0.0
2.708616666666667,0.0
3.36045,0.0
2.709766666666667,0.0
2.684816666666667,0.0
2.7405833333333334,0.0
4.133583333333333,0.0
3.073666666666667,0.0
2.783933333333333,0.0
2.6918333333333333,0.0
3.2444333333333333,0.0
3.0246,0.0
3.12,0.0
