use,car
1.509966666666667,0.0
1.6223666666666667,0.0
1.5514333333333332,0.0
1.6054,0.0
1.593616666666667,0.0
1.5261166666666668,0.0
1.4449,0.0
1.8366333333333331,0.0
2.444116666666667,0.0
2.4792,0.0
2.3102,0.0
1.5141666666666669,0.0
1.6305,0.0
2.04305,0.0
1.4065833333333333,0.0
1.4453333333333331,0.0
1.4637,0.0
1.4659166666666668,0.0
1.51255,0.0
1.4166666666666667,0.0
1.4730166666666669,0.0
1.4073833333333332,0.0
1.43125,0.0
1.4146,0.0
