use,car
1.40135,0.0
1.46815,0.0
1.5970333333333333,0.0
1.4968666666666668,0.0
1.4555833333333332,0.0
1.4132,0.0
1.4387833333333333,0.0
1.3436,0.0
1.3582333333333332,0.0
1.4505833333333331,0.0
1.4297666666666669,0.0
1.3936833333333332,0.0
1.3407,0.0
1.4028666666666667,0.0
1.4066333333333332,0.0
1.4309166666666668,0.0
1.3862,0.0
1.3703166666666668,0.0
1.4488,0.0
1.4413333333333331,0.0
1.4861,0.0
1.44755,0.0
1.4526666666666668,0.0
1.5470833333333331,0.0
