use,car
1.2981666666666667,0.0
1.2378333333333331,0.0
1.24945,0.0
0.8171,0.0
0.9010833333333332,0.0
0.95995,0.0
0.9464,0.0
0.9564833333333332,0.0
0.9332666666666664,0.0
1.33175,0.0
1.2380666666666669,0.0
1.10775,0.0
0.9222166666666666,0.0
0.7897333333333331,0.0
0.7898666666666666,0.0
0.8245166666666666,0.0
0.8569166666666665,0.0
1.00125,0.0
3.09015,0.0
2.45325,0.0
2.27205,0.0
1.592,0.0
1.3859666666666668,0.0
1.1296,0.0
