use,car
1.06935,0.0
1.103,0.0
1.0517,0.0
0.9972,0.0
1.0290833333333331,0.0
0.9074666666666666,0.0
0.9640333333333332,0.0
1.6539666666666668,0.0
1.5447666666666668,0.0
1.3261,0.0
1.0635333333333332,0.0
1.1447333333333332,0.0
1.1306666666666667,0.0
1.4193166666666668,0.0
1.8695166666666667,0.0
1.2745,0.0
1.0675,0.0
1.2759833333333332,0.0
2.075083333333333,0.0
2.249366666666667,0.0
1.7180666666666669,0.0
1.1392166666666668,0.0
1.2421666666666669,0.0
1.0096166666666664,0.0
