use,car
0.9750166666666664,0.0
1.0209833333333331,0.0
1.00935,0.0
0.94325,0.0
0.9348,0.0
0.9876666666666664,0.0
1.1147166666666668,0.0
1.3893666666666669,0.0
1.7423,0.0
1.2399166666666668,0.0
1.20465,0.0
1.0759833333333333,0.0
1.0093166666666664,0.0
0.96335,0.0
0.89085,0.0
0.8507,0.0
1.43525,0.0
4.341916666666666,0.0
2.0739,0.0
1.16365,0.0
0.9820166666666664,0.0
0.9189666666666666,0.0
1.165166666666667,0.0
1.3224166666666668,0.0
