use,car
0.9912833333333332,0.0
0.9069,0.0
0.0,0.0
0.9628666666666664,0.0
0.9027666666666666,0.0
0.9335333333333332,0.0
0.9452166666666664,0.0
0.96635,0.0
1.30355,0.0
1.67645,0.0
1.7470333333333332,0.0
2.3553333333333333,0.0
2.8381,0.0
1.45725,0.0
1.3785666666666667,0.0
1.3025666666666669,0.0
1.2726,0.0
2.0557166666666666,0.0
1.625916666666667,0.0
1.406283333333333,0.0
1.45585,0.0
1.5110333333333332,0.0
1.4243666666666668,0.0
1.1534,0.0
