use,car
0.8469166666666667,0.0
0.8521166666666666,0.0
0.8785666666666666,0.0
0.8832333333333331,0.0
0.9631166666666664,0.0
0.8455333333333331,0.0
0.819083333333333,0.0
0.9944333333333332,0.0
1.484883333333333,0.0
1.2759833333333332,0.0
1.2108666666666668,0.0
1.5743,0.0
1.6257666666666668,0.0
0.98995,0.0
1.1247,0.0
1.1182833333333333,0.0
0.8961,0.0
1.0673833333333331,0.0
1.22485,0.0
1.32415,0.0
1.7204666666666668,0.0
1.7827166666666667,0.0
1.3655,0.0
1.1517666666666668,0.0
