use,car
1.0692666666666668,0.0
1.0593666666666668,0.0
0.9476,0.0
1.0594,0.0
0.9836666666666664,0.0
1.00345,0.0
0.9674833333333333,0.0
0.9278,0.0
1.411166666666667,0.0
1.6192666666666669,0.0
2.1379333333333332,0.0
1.9026,0.0
1.6871,0.0
5.799583333333333,0.0
6.13685,0.0
6.1664666666666665,0.0
4.042583333333333,0.0
2.240666666666667,0.0
1.87325,0.0
1.3184333333333331,0.0
1.5638833333333333,0.0
3.540966666666667,0.0
2.5512333333333332,0.0
1.855983333333333,0.0
