use,car
0.99255,0.0
1.0149666666666664,0.0
0.9862666666666664,0.0
1.0479333333333332,0.0
0.9649833333333332,0.0
0.8434666666666666,0.0
0.9352166666666664,0.0
1.3538,0.0
1.4472666666666667,0.0
1.3019,0.0
0.9448333333333332,0.0
1.0060833333333332,0.0
0.9894,0.0
2.361816666666667,0.0
0.9749333333333332,0.0
1.0400166666666668,0.0
1.1219,0.0
1.04415,0.0
1.0209166666666667,0.0
1.0807833333333332,0.0
1.6408333333333331,0.0
1.3575166666666667,0.0
0.9618,0.0
0.91185,0.0
