use,car
0.9079,0.0
0.9225833333333332,0.0
0.9391166666666664,0.0
0.9130333333333333,0.0
0.91245,0.0
0.8326833333333331,0.0
0.9468666666666664,0.0
1.1234333333333333,0.0
1.3839666666666668,0.0
1.4510166666666668,0.0
1.9433,0.0
3.590616666666667,0.0
2.43875,0.0
2.0229833333333334,0.0
1.4527,0.0
0.97655,0.0
0.7840166666666666,0.0
0.8567833333333331,0.0
0.8323333333333331,0.0
0.8043,0.0
0.8484333333333332,0.0
0.78445,0.0
0.8739,0.0
0.9285666666666664,0.0
