use,car
0.91405,0.0
0.82885,0.0
0.8161833333333331,0.0
0.92065,0.0
1.04265,0.0
1.0219166666666668,0.0
1.0047333333333333,0.0
0.9503166666666664,0.0
0.9321,0.0
0.8173,0.0
1.1865666666666668,0.0
1.3896833333333332,0.0
1.551316666666667,0.0
1.1183,0.0
0.7739333333333331,0.0
0.8123166666666666,0.0
0.7850333333333331,0.0
0.8640166666666667,0.0
0.8318333333333331,0.0
0.7307166666666665,0.0
0.8036333333333331,0.0
0.8338666666666666,0.0
0.8487666666666666,0.0
1.0285666666666669,0.0
