use,car
0.3135333333333333,0.0
0.3198333333333333,0.0
0.3332333333333333,0.0
0.3098666666666666,0.0
0.3093833333333333,0.0
0.3752,0.0
0.4964166666666666,0.0
0.4342333333333333,0.0
0.4225333333333333,0.0
0.42361666666666653,0.0
0.4293833333333333,0.0
0.4432,0.0
0.5840333333333332,0.0
0.44575,0.0
0.43111666666666654,0.0
0.43606666666666655,0.0
0.6721666666666666,0.0
0.4524666666666666,0.0
0.6195,0.0
0.6948333333333332,0.0
0.5596,0.0
0.77395,0.0
0.3600833333333333,0.0
0.3376166666666666,0.0
