use,car
0.42861666666666653,0.0
0.4448333333333333,0.0
0.41901666666666654,0.0
0.43675,0.0
0.4079,0.0
0.40711666666666657,0.0
0.81405,0.0
0.6949,0.0
0.8146,0.0
1.6260333333333332,0.0
0.6974166666666666,0.0
0.92225,0.0
0.8581333333333331,0.0
0.7065166666666666,0.0
0.7132333333333332,0.0
1.0203833333333332,0.0
1.0509833333333332,0.0
0.9705,0.0
1.3000833333333333,0.0
1.8657833333333331,0.0
0.7081666666666666,0.0
1.29475,0.0
0.2965,0.0
0.3081333333333333,0.0
