use,car
0.2467333333333333,0.0
0.5018,0.0
0.47615,0.0
0.5018666666666666,0.0
0.95285,0.0
0.8935833333333331,0.0
1.23125,0.0
0.6971666666666666,0.0
0.9510166666666664,0.0
1.574566666666667,0.0
1.6982333333333333,0.0
1.6938166666666667,0.0
1.8537333333333332,0.0
1.8217833333333333,0.0
2.1944,0.0
1.8409,0.0
2.5998666666666668,0.0
2.179416666666667,0.0
2.29015,0.0
1.3731166666666668,0.0
0.9377166666666664,0.0
1.1923666666666668,0.0
0.58485,0.0
0.2550166666666666,0.0
