use,car
0.2762166666666666,0.0
0.2645333333333333,0.0
0.2520333333333333,0.0
0.2642166666666666,0.0
0.26255,0.0
0.56275,0.0
0.769,0.0
0.4691833333333332,0.0
0.4912166666666666,0.0
1.19455,0.0
1.2912,0.0
1.2061,0.0
1.493,0.0
1.2048,0.0
1.72475,0.0
1.5712833333333331,0.0
2.079283333333333,0.0
2.049933333333333,0.0
1.4715833333333332,0.0
1.166383333333333,0.0
0.8539666666666667,0.0
1.2942833333333332,0.0
0.50105,0.0
0.2654333333333333,0.0
