use,car
0.2542666666666666,0.0
0.2523833333333333,0.0
0.2361,0.0
0.3698833333333333,0.0
1.183266666666667,0.0
0.62475,0.0
0.5946,0.0
0.3238,0.0
0.5732,0.0
0.8139833333333331,0.0
1.1297166666666667,0.0
1.1712833333333332,0.0
1.6433,0.0
1.4935333333333332,0.0
1.4559666666666669,0.0
1.8514,0.0
1.8407666666666669,0.0
2.0816,0.0
2.173233333333333,0.6116
5.0008833333333325,3.2306166666666667
4.00265,2.238166666666667
1.4696,0.2468166666666666
1.62205,0.0
0.7414666666666666,0.0
