use,car
0.3799,0.0
0.26,0.0
0.2442166666666666,0.0
0.2444666666666666,0.0
0.8286166666666666,0.0
0.4886666666666666,0.0
0.4741666666666666,0.0
0.2402166666666666,0.0
0.5345833333333332,0.0
0.7917166666666666,0.0
0.9569666666666664,0.0
1.4276166666666668,0.0
1.61555,0.0
1.52795,0.0
1.90785,0.0
2.169916666666667,0.0
3.897183333333333,0.0
5.183316666666666,0.0
3.2119833333333334,0.0
2.3252333333333333,0.0
1.3501166666666669,0.0
1.33785,0.0
1.2006166666666669,0.0
0.2396666666666666,0.0
