use,car
0.7851,0.0
0.8883,0.0
0.7476833333333331,0.0
0.49055,0.0
1.3971,0.0
1.1121666666666667,0.0
0.97735,0.0
1.12155,0.0
1.1598833333333332,0.19966666666666666
4.104016666666666,2.96795
4.031433333333333,0.7461
3.3756833333333334,0.1183
5.1577166666666665,0.0
3.247316666666667,0.0
2.807933333333333,0.0
2.7084333333333332,0.0
3.1293333333333333,0.0
2.9470666666666667,0.0
2.7725166666666667,0.0
2.4980333333333333,0.0
2.4784,0.0
2.0378,0.0
1.6650666666666667,0.0
0.33405,0.0
