use,car
0.7490166666666666,0.0
0.53275,0.0
0.7326166666666665,0.0
0.7569833333333331,0.0
1.19685,0.0
1.5195333333333332,0.0
1.262133333333333,0.0
1.178483333333333,0.0
1.2548833333333331,0.0
1.4589166666666669,0.0
1.6786,0.0
1.9337333333333333,0.0
2.55285,0.0
2.415433333333333,0.0
2.679,0.0
2.879783333333333,0.0
3.149966666666667,0.0
2.907716666666667,0.0
2.6775,0.0
2.545666666666667,0.0
2.148966666666667,0.0
2.11015,0.0
1.70785,0.0
0.2766166666666666,0.0
