use,car
0.2535,0.0
0.52045,0.0
0.4825833333333332,0.0
0.5140833333333332,0.0
1.1998,0.0
1.3003,0.0
1.1649166666666668,0.0
1.1826,0.0
1.0296166666666668,0.0
0.7007166666666667,0.0
1.4079166666666667,0.0
1.7628833333333331,0.0
2.009133333333333,0.0
2.14525,0.0
2.488033333333333,0.0
2.61605,0.0
4.337766666666666,1.9976666666666667
2.1424833333333333,0.2214
2.064433333333333,0.0
1.5207666666666668,0.0
1.3424166666666668,0.0
1.2685333333333333,0.0
0.7082,0.0
0.24835,0.0
