use,car
0.31485,0.0
0.52055,0.0
0.46415,0.0
0.4272166666666665,0.0
0.43401666666666655,0.0
0.8002166666666666,0.0
1.1816666666666669,0.0
0.97575,0.0
0.9698333333333332,0.0
0.6592166666666666,0.0
0.4749,0.0
0.4787,0.0
0.4803333333333332,0.0
0.4783,0.0
0.4782333333333332,0.0
0.4851333333333332,0.0
0.5553666666666666,0.0
0.6156833333333332,0.0
0.5747166666666667,0.0
0.7377,0.0
0.6444333333333332,0.0
0.28365,0.0
0.24175,0.0
0.3473,0.0
