use,car
0.9045166666666666,0.0
1.0401,0.0
1.199733333333333,0.0
0.6446333333333332,0.0
1.4785166666666667,0.0
1.387066666666667,0.0
1.4694,0.0
1.1588166666666668,0.0
0.8380166666666666,0.0
1.2482,0.0
1.2504666666666668,0.0
1.6133166666666667,0.0
2.2171,0.0
2.125383333333333,0.0
2.357533333333333,0.0
3.04085,0.0
3.0646666666666667,0.0
3.10465,0.0
3.3206333333333333,0.0
2.911483333333333,0.0
2.282166666666667,0.0
2.1106333333333334,0.0
1.9513666666666667,0.0
0.9163333333333332,0.0
