use,car
0.21906666666666666,0.0
0.21651666666666666,0.0
0.21416666666666664,0.0
0.21341666666666664,0.0
0.1992,0.0
0.7274833333333331,0.0
0.65025,0.0
0.6461666666666666,0.0
0.76285,0.0
0.37801666666666656,0.0
0.3350666666666666,0.0
0.3201333333333333,0.0
0.3134333333333333,0.0
0.3048666666666666,0.0
0.31595,0.0
0.37855,0.0
0.33625,0.0
2.389,1.8498666666666668
3.8418333333333328,3.38935
3.3451833333333334,2.9119
0.4647666666666666,0.0
0.41685,0.0
0.2587166666666666,0.0
0.3184666666666666,0.0
