use,car
0.5699833333333332,0.0
0.7687666666666666,0.0
0.76415,0.0
0.72185,0.0
0.9365166666666664,0.0
0.5196166666666666,0.0
0.8010833333333331,0.0
1.00465,0.0
1.0986,0.0
0.8403166666666666,0.0
1.5995,0.0
1.90535,0.0
2.179466666666667,0.0
2.5612666666666666,0.0
3.3484833333333333,0.0
3.552716666666667,0.0
3.986583333333333,0.9973166666666664
2.7771,0.0
2.6164666666666667,0.0
2.015416666666667,0.0
1.9033,0.0
1.27235,0.0
1.2837833333333333,0.0
0.8671333333333331,0.0
