use,car
0.8196666666666667,0.0
0.80015,0.0
0.7765,0.0
0.7820666666666666,0.0
0.9263666666666664,0.0
0.7604833333333331,0.0
1.2734166666666669,0.0
1.1062,0.0
1.2900833333333332,0.0
1.9568333333333332,0.0
1.8769833333333332,0.0
2.583333333333333,0.0
2.4142,0.0
2.9158833333333334,0.0
3.7684,0.0
3.054583333333333,0.0
3.1868333333333334,0.0
2.891433333333333,0.0
2.43085,0.0
2.1706,0.0
1.8468,0.0
1.731666666666667,0.0
1.1201166666666669,0.0
0.8325666666666666,0.0
