use,car
0.95325,0.0
0.8453166666666666,0.0
0.596,0.0
0.8058166666666666,0.0
0.8417666666666666,0.0
0.5152833333333332,0.0
1.33645,0.0
1.04935,0.0
2.3287166666666668,0.0
1.3919166666666667,0.0
1.2185833333333331,0.0
1.5217833333333333,0.0
1.9947833333333331,0.0
1.9534333333333331,0.0
3.80765,0.0
2.20465,0.0
2.3082166666666666,0.0
4.3697833333333325,0.0
2.147666666666667,0.0
1.7213,0.0
1.2399,0.0
0.9081666666666666,0.0
0.7017166666666667,0.0
0.52555,0.0
