use,car
0.2700166666666666,0.0
0.26385,0.0
0.2871833333333333,0.0
0.2587333333333333,0.0
0.59085,0.0
0.47825,0.0
0.7766166666666666,0.0
0.8718666666666666,0.0
0.6881833333333331,0.0
0.4858833333333332,0.0
0.5129833333333332,0.0
0.4939166666666666,0.0
0.4927833333333332,0.0
0.52245,0.0
0.45485,0.0
1.8166666666666669,0.0
1.67545,0.0
1.0057333333333331,0.0
0.9122833333333332,0.0
0.7092666666666666,0.0
0.4161,0.0
0.3502333333333333,0.0
0.2756166666666666,0.0
0.2561333333333333,0.0
