use,car
0.3363,0.0
0.3835333333333333,0.0
0.3848666666666665,0.0
0.3995333333333333,0.0
0.4413333333333333,0.0
0.6715,0.0
0.63435,0.0
0.6998,0.0
0.8407166666666666,0.0
0.9735333333333333,0.0
0.2685333333333333,0.0
0.2693166666666666,0.0
0.2718666666666666,0.0
0.2722166666666666,0.0
0.27045,0.0
0.2685,0.0
0.33525,0.0
0.4167333333333333,0.0
0.74625,0.0
0.770733333333333,0.0
0.6645666666666666,0.0
0.2637666666666666,0.0
0.21048333333333327,0.0
0.3071833333333333,0.0
