use,car
0.3856333333333333,0.0
0.3417666666666666,0.0
0.3537333333333333,0.0
0.3253666666666666,0.0
0.3102333333333333,0.0
0.3172,0.0
0.3010666666666666,0.0
0.3004833333333333,0.0
0.3522,0.0
0.3552333333333333,0.0
0.37051666666666655,0.0
0.2573,0.0
0.21916666666666665,0.0
0.2307333333333333,0.0
0.21433333333333326,0.0
0.2301,0.0
0.4739166666666666,0.0
0.5617666666666666,0.0
1.0634666666666668,0.0
1.9978333333333331,0.0
1.63585,0.0
2.0297666666666667,0.0
3.9761166666666665,0.0
1.60595,0.0
