use,car
0.21785,0.0
0.2083333333333333,0.0
0.222,0.0
0.20741666666666664,0.0
0.22383333333333327,0.0
0.52705,0.0
0.6757333333333332,0.0
0.7553333333333331,0.0
0.5591333333333331,0.0
0.6492,0.0
0.86815,0.0
0.7498166666666666,0.0
0.7405666666666666,0.0
1.2090166666666669,0.0
1.1231166666666668,0.0
0.7134,0.0
0.6832166666666666,0.0
0.7549833333333331,0.0
0.745533333333333,0.0
0.7602833333333331,0.0
0.6194666666666666,0.0
0.5863,0.0
0.4363833333333333,0.0
0.27365,0.0
