use,car
0.21766666666666665,0.0
0.20571666666666666,0.0
0.22376666666666664,0.0
0.2310333333333333,0.0
0.8712333333333331,0.0
0.6322833333333332,0.0
0.68525,0.0
0.68235,0.0
0.56515,0.0
0.6611,0.0
0.6142,0.0
0.5077166666666666,0.0
0.5840166666666666,0.0
0.6481,0.0
0.52905,0.0
0.8806833333333332,0.0
0.9323,0.0
0.9939333333333332,0.0
0.8940666666666666,0.0
0.7153833333333331,0.0
0.61425,0.0
0.9862666666666664,0.0
0.7751333333333331,0.0
0.21865,0.0
