use,car
0.21541666666666665,0.0
0.21461666666666665,0.0
0.2161333333333333,0.0
0.21496666666666664,0.0
0.21375,0.0
0.42046666666666654,0.0
0.5289333333333333,0.0
0.4824,0.0
0.2988833333333333,0.0
0.39106666666666656,0.0
0.3119,0.0
0.2485666666666666,0.0
0.2358666666666666,0.0
0.2343833333333333,0.0
0.232,0.0
0.62875,0.0
2.268533333333333,0.0
2.036716666666667,0.0
0.8053833333333331,0.0
1.8440666666666667,0.0
1.3738333333333332,0.0
0.288,0.0
0.2709833333333333,0.0
0.2632166666666666,0.0
