use,car
0.2875,0.0
0.2841666666666666,0.0
0.2797,0.0
0.3512,0.0
0.3961833333333333,0.0
0.3997333333333333,0.0
0.5389333333333332,0.0
0.5217,0.0
2.8049,0.0
0.6454,0.0
2.5278,1.18515
1.009,0.0
0.49525,0.0
0.44441666666666657,0.0
0.7616166666666666,0.0
0.8663,0.0
1.0241833333333332,0.0
1.9311333333333331,0.3753166666666666
4.624483333333333,3.38765
2.934533333333333,1.83255
0.7763,0.0
1.2502333333333333,0.0
0.5173,0.0
0.24125,0.0
