use,car
0.4022333333333333,0.0
0.2545166666666666,0.0
0.2470666666666666,0.0
0.2513166666666666,0.0
0.36155,0.0
0.3773166666666665,0.0
0.5499,0.0
0.4757833333333332,0.0
0.4237833333333333,0.0
0.2890666666666666,0.0
0.3331666666666666,0.0
0.37685,0.0
0.38371666666666654,0.0
0.3731333333333333,0.0
0.37665,0.0
0.3849333333333333,0.0
0.3919,0.0
0.40081666666666654,0.0
0.38055,0.0
0.4246666666666665,0.0
0.43855,0.0
0.431,0.0
0.4185333333333333,0.0
0.4238,0.0
