use,car
0.3243333333333333,0.0
0.3168,0.0
0.3260833333333333,0.0
0.2999666666666666,0.0
0.3097666666666666,0.0
0.3090666666666666,0.0
0.3189166666666666,0.0
0.5717666666666666,0.0
0.3149166666666666,0.0
1.0110833333333331,0.0
0.0,0.0
0.0,0.0
0.0,0.0
0.0,0.0
0.0,0.0
0.0,0.0
0.0,0.0
0.5920333333333332,0.0
0.9613333333333332,0.0
1.0286666666666668,0.0
4.34665,3.016316666666667
4.355433333333333,3.2820666666666667
2.743383333333333,2.1962333333333333
0.3883833333333333,0.0
