use,car
0.3042333333333333,0.0
0.3197,0.0
0.3105166666666666,0.0
0.3067666666666666,0.0
0.3165666666666666,0.0
0.2961166666666666,0.0
0.4626,0.0
0.6075166666666666,0.0
0.0,0.0
0.0,0.0
0.0,0.0
0.0,0.0
0.0,0.0
0.0,0.0
0.0,0.0
0.0,0.0
0.0,0.0
0.4764833333333332,0.0
3.5848,2.6462166666666667
3.618016666666666,2.31975
4.7848,3.146866666666667
1.0135,0.2533666666666666
1.0589,0.0
0.5858333333333332,0.0
