use,car
0.9264666666666664,0.0
0.9063833333333332,0.0
0.8722166666666666,0.0
0.8654666666666666,0.0
0.8773166666666666,0.0
0.8763333333333331,0.0
0.8598666666666666,0.0
0.7290833333333332,0.0
0.0,0.0
0.0,0.0
0.0,0.0
0.0,0.0
0.0,0.0
0.0,0.0
0.0,0.0
0.0,0.0
0.0,0.0
0.0,0.0
0.9598666666666664,0.0
2.6020833333333333,1.2054833333333332
2.1420166666666667,0.06813333333333332
1.53975,0.0
1.8177166666666669,0.0
1.3004166666666668,0.0
