use,car
1.2158666666666669,0.0
1.0360166666666668,0.0
0.9536666666666664,0.0
0.9901666666666664,0.0
0.9882166666666664,0.0
0.9726666666666663,0.0
1.5956833333333331,0.0
1.1357,0.007116666666666665
0.0,0.0
0.0,0.0
0.0,0.0
0.0,0.0
0.0,0.0
0.0,0.0
0.0,0.0
0.0,0.0
0.0,0.0
0.0,0.0
2.383966666666667,1.6395166666666667
4.8360666666666665,3.282966666666667
4.98435,3.2817833333333333
4.734616666666667,3.257083333333333
1.4513,0.22606666666666664
1.1699666666666668,0.0
