use,car
0.9985333333333332,0.0019
0.9475333333333332,0.00245
0.7754,0.00255
0.8419833333333331,0.00235
0.9715166666666664,0.00205
0.77755,0.00225
1.6730666666666667,0.0003
1.4209666666666667,0.00225
1.0314666666666668,0.0002
0.0,0.0
0.0,0.0
0.0,0.0
0.0,0.0
0.0,0.0
0.0,0.0
0.0,0.0
0.0,0.0
2.164416666666667,1.42345
4.442566666666666,3.2778666666666667
3.5094,1.0816333333333332
1.3540666666666668,0.0
1.0969666666666669,0.0
1.20805,0.0
0.8395,0.0
