use,car
1.1236,0.0
1.2486166666666667,0.0
1.0632666666666668,0.0
1.0378666666666667,0.0
1.0328166666666667,0.0
1.0318166666666668,0.0
0.8902166666666665,0.0
1.0446166666666667,0.0
0.0,0.0
0.0,0.0
0.0,0.0
0.0,0.0
0.0,0.0
0.0,0.0
0.0,0.0
0.0,0.0
0.0,0.0
0.20141666666666666,0.0
1.7856166666666669,0.0
2.088416666666667,0.0
3.78095,1.9865166666666667
2.7073666666666667,0.51765
1.4614666666666667,0.0
1.25835,0.0
