use,car
1.2119166666666668,0.0
1.1913166666666668,0.0
1.16055,0.0
1.0284666666666669,0.0
1.0099333333333331,0.0
1.0348,0.0
1.4063666666666668,0.0
1.2124333333333333,0.0
0.00935,0.0
0.0,0.0
0.0,0.0
0.0,0.0
0.0,0.0
0.0,0.0
0.0,0.0
0.01115,0.0
0.8641666666666666,0.0
1.0090666666666663,0.6778333333333332
3.951583333333333,3.2776
3.8708666666666662,2.3234833333333333
1.6734166666666668,0.0
1.29695,0.0
1.21165,0.0
1.1011,0.0
