use,car
1.4059833333333331,0.0
1.5076166666666668,0.0
1.2742666666666669,0.0
1.1530166666666668,0.0
1.1571333333333331,0.0
1.1938,0.0
1.27465,0.0
3.28105,0.0
1.9313166666666668,0.0
0.0,0.0
0.0,0.0
0.0,0.0
0.0,0.0
0.0,0.0
0.0,0.0
0.0,0.0
0.0,0.0
0.0,0.0
1.1680333333333333,0.0
2.4709,0.0
3.047,0.0
3.104166666666667,0.0
1.9442166666666667,0.0
1.6316666666666668,0.0
