use,car
1.2703666666666669,0.0
1.51715,0.0
1.1562666666666668,0.0
1.2689833333333331,0.0
1.23295,0.0
1.1967166666666669,0.0
2.09865,0.0
1.6220166666666669,0.0
1.31085,0.0
0.6136666666666666,0.0
0.2772333333333333,0.0
0.0,0.0
0.0,0.0
0.0,0.0
0.0,0.0
0.44721666666666654,0.0
0.053,0.0
0.15946666666666665,0.0
1.9668666666666668,0.0
2.192966666666667,0.0
2.240266666666667,0.0
1.9682333333333333,0.0
1.6648833333333333,0.0
1.3590666666666669,0.0
