use,car
1.3238333333333332,0.00015
1.23245,0.0
1.1729833333333333,0.0
1.1225166666666668,0.0
1.1497166666666667,0.0
0.9663333333333332,0.0
1.166383333333333,0.0
1.0480666666666667,0.0
0.6531666666666666,0.0
0.7593,0.0
0.0,0.0
0.0,0.0
0.0,0.0
0.0,0.0
0.7376166666666665,0.0018
1.0407333333333333,0.0
1.0132666666666663,0.0
1.8633833333333332,0.88085
1.6718,0.114
1.4481833333333332,0.0
1.6299,0.0
1.2750333333333332,0.0
1.32565,0.0
1.1596166666666667,0.0
