use,car
1.5965166666666668,0.0
1.446,0.0
1.3744333333333332,0.0
1.4616833333333332,0.0
1.2548,0.0
1.2385333333333333,0.0
1.6071333333333333,0.0
2.1479,0.0
0.8501666666666666,0.0
0.0,0.0
0.0,0.0
0.0,0.0
0.0,0.0
0.0,0.0
0.0,0.0
0.0,0.0
0.22835,0.0
0.4672666666666666,0.0
4.534316666666666,2.578266666666667
5.58175,3.2817
5.536283333333333,3.050733333333333
2.7626166666666667,0.0035666666666666663
2.22865,0.0
1.7775333333333332,0.0
