use,car
4.143833333333332,2.4579166666666667
1.6457,0.0
1.704,0.0
1.53985,0.0
1.5346166666666667,0.0
1.4285,0.0
1.4931333333333332,0.0
1.2231833333333333,0.0
0.73295,0.0
0.1915,0.0
0.0,0.0
0.0,0.0
0.0,0.0
0.0,0.0
0.0,0.0
0.0,0.0
0.3041333333333333,0.0
2.073866666666667,1.474716666666667
4.9616333333333325,3.280816666666667
5.754983333333333,3.2845666666666666
3.7955666666666663,1.3021166666666668
2.242916666666667,0.0
1.7175833333333332,0.0
1.6821333333333333,0.0
