use,car
0.4944666666666666,0.00025
0.4435,0.00015
0.41366666666666657,0.0003
0.4991333333333332,0.0003
0.4812333333333332,0.00025
0.4399,0.0003
0.4855166666666666,0.0005
0.8621,0.00095
0.8382666666666666,0.0001
0.7135833333333332,0.0
0.4492833333333333,0.0
0.0,0.0
0.0,0.0
0.0,0.0
0.0,0.0
0.0,0.0
0.3417833333333333,0.0
0.60965,0.0
3.502866666666667,2.41085
5.46685,3.235316666666667
4.453266666666666,3.239716666666667
3.146116666666667,2.2901
0.5543,0.0
0.51365,0.0
