use,car
2.1472333333333333,0.0
1.9512,0.0
1.8122333333333331,0.0
1.4863166666666667,0.0
1.846933333333333,0.0
1.6003,0.0
1.5772,0.0
2.1108,0.0
2.44605,0.5286
2.002416666666667,0.2629666666666666
2.6915,0.0
2.312266666666667,0.0
0.1658,0.0
1.1557666666666668,0.0
0.9652333333333332,0.0
0.0,0.0
2.22265,0.0
2.9791833333333333,1.95855
4.1124,1.4584166666666667
4.17045,0.0
4.551283333333333,0.0
4.683983333333333,0.0
2.988433333333333,0.0
2.0574,0.0
