use,car
1.2653,0.003
1.3233833333333331,0.003
1.55565,0.2981
1.41695,0.0029
1.2384,0.00295
1.178316666666667,0.003
1.1832,0.003
1.11725,0.003
0.45115,0.0017
0.0,0.0
0.0,0.0
0.0,0.0
0.0,0.0
0.0,0.0
0.0,0.0
0.0,0.0
0.0,0.0
0.01425,0.0
1.4048833333333333,0.0
2.059466666666667,0.0
1.8427666666666669,0.0
1.7765833333333332,0.0
1.7039333333333333,0.21176666666666666
1.60775,0.12495
