use,car
1.80535,0.0
1.78065,0.21503333333333327
1.4252166666666668,0.0
1.40495,0.0
1.344833333333333,0.0
1.3097333333333332,0.0
2.136966666666667,0.0
1.267283333333333,0.0
0.3604166666666666,0.0
0.0,0.0
0.0,0.0
0.0,0.0
0.0,0.0
0.0,0.0
0.0,0.0
0.33115,0.0
0.09393333333333333,0.0
0.030216666666666663,0.0
1.9270166666666668,0.0
3.2523833333333334,0.0
4.080416666666666,0.0
2.80905,0.0
1.8408833333333332,0.0
1.7722166666666668,0.0
