use,car
2.3320333333333334,0.00085
2.239816666666667,0.00095
2.1778833333333334,0.00065
1.68505,0.0
1.7619833333333332,0.0
1.52825,0.0
1.674,0.0
1.3152666666666668,0.0
0.82345,0.0
0.0,0.0
0.0,0.0
0.0,0.0
0.0,0.0
0.0,0.0
0.0,0.0
0.0,0.0
0.0805,0.0
3.7290666666666663,1.287
6.7167666666666666,3.278016666666667
4.543716666666667,1.9155333333333333
2.2195,0.0
2.1931833333333333,0.3214666666666666
1.8547,0.012416666666666666
1.6208833333333332,0.0
