use,car
1.5193,5e-05
2.5159833333333332,0.0
2.0790333333333333,0.0
1.7598666666666667,0.0
1.704516666666667,0.0
1.5904166666666668,0.0
1.5477833333333333,0.0
1.5787666666666669,0.0
0.6998166666666666,0.0
0.0,0.0
0.0,0.0
0.0,0.0
0.0,0.0
0.0,0.0
0.0,0.0
0.0,0.0
0.9583833333333333,0.0
1.037116666666667,5e-05
1.8405333333333331,0.0
2.67365,0.0
3.01265,0.0
5.2703,2.055566666666667
6.084783333333333,3.2791
5.682216666666666,3.283583333333333
