use,car
1.4351833333333333,0.0
1.4407666666666668,0.0
1.3427666666666669,0.0
1.1740833333333331,0.0
1.20755,0.0
1.0439166666666668,0.0
1.2938,0.0
1.3946833333333333,0.0
0.2260833333333333,0.0
0.0,0.0
0.0,0.0
0.0,0.0
0.0,0.0
0.0,0.0
0.0,0.0
0.0,0.0
0.7653166666666666,0.0
0.38126666666666653,0.0
1.6628666666666667,0.0
2.3453,0.0
2.4994666666666667,0.0
2.123016666666667,0.0
2.0042166666666668,0.0
1.6888833333333333,0.0
