use,car
2.345466666666667,0.2915333333333333
1.4498166666666668,0.00295
1.9772166666666668,0.2025
1.6903166666666667,0.003
1.4412333333333331,0.003
1.31155,0.003
1.6305833333333333,0.003
1.1992166666666668,0.003
0.47675,0.0032
0.0,0.0
0.0,0.0
0.0,0.0
0.0,0.0
0.0,0.0
0.0,0.0
0.0,0.0
0.0,0.0
1.6400666666666668,0.0
2.53935,0.0006
3.7778833333333326,0.7019166666666666
5.297083333333333,2.05655
3.281766666666667,0.0
2.744816666666667,0.0
3.2154166666666666,0.38771666666666654
