use,car
1.8262833333333333,0.0
2.089183333333333,0.3524666666666666
1.7540333333333331,0.0
1.38255,0.0
1.6170166666666668,0.0
1.437,0.0
1.5370833333333331,0.0
1.505016666666667,0.0
0.20996666666666666,0.0
0.0,0.0
0.0,0.0
0.0,0.0
0.0,0.0
0.0,0.0
0.0,0.0
0.11445,0.0
1.1060833333333333,0.0
2.3477,1.2055333333333331
5.215733333333333,3.282166666666667
4.39245,1.6001
3.918516666666666,0.0
5.281233333333333,0.36323333333333324
3.6903,0.0
2.184133333333333,0.0
