use,car
2.11955,0.0
1.932416666666667,0.0
1.8492666666666668,0.0
1.7094666666666667,0.0
1.7068333333333332,0.0
1.7497166666666668,0.0
1.4248333333333332,0.0
1.8691833333333332,0.0
0.5644166666666666,0.0
0.0,0.0
0.0,0.0
0.0,0.0
0.0,0.0
0.0,0.0
0.0,0.0
0.3806,0.0
0.58845,0.0
4.7442166666666665,2.84955
4.6007333333333325,1.5348166666666667
4.2443,0.0
4.0892,0.3094
2.9904,0.0
2.555283333333333,0.0
2.2882833333333332,0.0
