use,car
1.5046333333333333,0.0
1.3081666666666667,0.0
1.3803333333333332,0.0
1.4386,0.0
1.3026833333333332,0.0
1.2341666666666669,0.0
1.7543166666666667,0.0
1.733866666666667,0.3681
1.1508166666666668,0.0
0.19448333333333329,0.0
0.0,0.0
0.0,0.0
0.0,0.0
1.052533333333333,0.0
0.5962,0.0
1.8514166666666667,0.0
0.97235,0.0657
5.064533333333332,3.2771166666666667
5.594616666666666,3.27835
3.7713666666666663,1.5318833333333333
2.1481166666666667,0.0
2.3747,0.0
2.2032,0.0
1.4744166666666667,0.0
