use,car
0.8528166666666666,0.0
0.9122,0.0
0.8818833333333331,0.0
0.9673833333333332,0.0
0.7067,0.0
0.9263833333333332,0.0
0.7468833333333331,0.0
0.5168,0.0
0.0,0.0
0.0,0.0
0.0,0.0
0.0,0.0
0.0,0.0
0.0,0.0
0.0,0.0
0.0,0.0
0.0,0.0
0.0,0.0
0.93,0.0
1.4559166666666667,0.0
1.3925333333333332,0.0
1.2336833333333332,0.0
1.5719833333333333,0.0
1.6295833333333332,0.0
