use,car
1.8137333333333332,0.0
1.4835666666666667,0.0
1.4086333333333332,0.0
1.3215333333333332,0.0
1.306,0.0
1.56705,0.41101666666666653
1.2417,0.0
1.8115,0.0
0.88055,0.0
0.0,0.0
0.0,0.0
0.0,0.0
0.0,0.0
0.0,0.0
0.0,0.0
0.0,0.0
0.0,0.0
0.0,0.0
2.842483333333333,1.5379666666666667
5.158966666666666,3.2849833333333334
5.84265,3.2804333333333333
5.839983333333333,3.286716666666667
3.2624166666666667,1.09865
1.9005166666666669,0.00085
