use,car
1.0929833333333332,0.0
0.9647166666666664,0.0
1.45,0.2500166666666666
1.0813666666666668,0.0795
1.0046666666666664,0.0
0.9801166666666664,0.0
0.9243,0.0
1.26415,0.0
0.2704333333333333,0.0
0.0,0.0
0.0,0.0
0.0,0.0
0.0,0.0
0.0,0.0
0.0,0.0
0.0,0.0
0.0,0.0
1.2129,1.5483166666666668
4.2164166666666665,3.28265
4.8688666666666665,3.28245
5.276,3.2855
2.735933333333333,0.76475
1.3049666666666668,0.00205
1.4120333333333333,0.00205
