use,car
0.43311666666666654,0.0
0.4444333333333333,0.0
0.4603333333333333,0.0
0.3997333333333333,0.0
0.4582,0.0
0.4514833333333333,0.0
0.4453833333333333,0.0
0.4259333333333333,0.0
0.6043833333333332,5e-05
0.0,0.0
0.0,0.0
0.0,0.0
0.0,0.0
0.0,0.0
0.0,0.0
0.0,0.0
0.0,0.0
0.0,0.0
0.7548833333333331,0.0
0.6336166666666666,0.0
1.69,1.0263666666666669
4.523133333333333,3.282516666666667
1.8416833333333331,1.0525833333333332
1.1856833333333332,0.0
