use,car
1.3846166666666668,0.0
1.2582833333333332,0.0
1.1770833333333333,0.0
1.2855,0.0
1.1922333333333333,0.0
1.4727833333333331,0.21856666666666666
1.51625,0.00035
1.9154,0.0004
2.8058,0.0
3.62975,0.0
2.108016666666667,0.0
1.0681666666666667,0.0
0.0,0.0
0.0,0.0
0.0,0.0
0.0,0.0
1.2884833333333332,0.0
3.2495,0.66795
4.87945,3.2306166666666667
5.388583333333333,3.226916666666667
5.58575,3.2300666666666666
2.98765,1.3600666666666668
1.0694,0.00095
1.1174666666666668,0.0
