use,car
1.2860666666666667,0.0
1.372966666666667,0.0
1.3045833333333332,0.0
1.3435833333333331,0.0
1.1757666666666668,0.0
1.18195,0.0
1.304533333333333,0.0
1.20355,0.0
1.2978333333333332,0.0
1.8902333333333332,0.0
1.29705,0.0
0.0,0.0
0.0,0.0
0.0,0.0
0.0,0.0
0.0,0.0
0.0,0.0
0.15911666666666666,0.0
2.98415,1.5343166666666668
5.549333333333333,3.2759666666666667
4.22935,2.811533333333333
1.8052166666666667,0.15055
1.1973166666666668,0.0
1.1443333333333332,0.0
