use,car
0.7187,0.0
0.8965166666666666,0.0
0.7524666666666666,0.0
0.74355,0.0
0.7422,0.0
0.8531166666666666,0.0
0.8135166666666666,0.0
0.6694833333333332,0.0
0.0,0.0
0.0,0.0
0.0,0.0
0.0,0.0
0.0,0.0
0.0,0.0
0.0,0.0
0.0,0.0
0.0,0.0
1.6043666666666667,0.7119666666666666
1.337,0.007433333333333333
1.299483333333333,0.0
1.0410333333333333,0.0
0.8989333333333331,0.0
0.7473166666666666,0.0
0.6888,0.0
