use,car
0.6686833333333332,0.0
0.6673,0.0
0.66225,0.0
0.8363,0.0
0.70255,0.0
0.6584,0.0
0.6839,0.0
0.3193333333333333,0.0
0.0,0.0
0.0,0.0
0.0,0.0
0.0,0.0
0.0,0.0
0.0,0.0
0.0,0.0
0.0,0.0
0.51545,0.0
2.05495,0.0
2.6694166666666668,0.0
1.5323833333333332,0.0
1.1100166666666669,0.0
0.9588166666666664,0.0
1.8926,0.0
1.08365,0.0
