use,car
0.63215,0.0
0.64935,0.0
0.6446,0.0
0.6374166666666666,0.0
0.6490666666666666,0.0
0.64555,0.0
1.0213,0.0
2.4511166666666666,0.0
1.423366666666667,0.0
0.0,0.0
0.0,0.0
0.0,0.0
0.0,0.0
0.0,0.0
0.0,0.0
0.0,0.0
1.18095,0.0
3.6251833333333328,0.9426
5.570166666666666,3.277066666666667
5.254483333333333,3.2789
2.6741333333333333,0.3699833333333333
3.39215,0.0
2.089366666666667,0.0
0.9353166666666664,0.0
