use,car
0.6914,0.0
0.6892166666666666,0.0
0.6859,0.0
0.6711,0.0
0.68055,5e-05
0.681,0.0
0.72255,0.0
1.1351,0.0
0.44795,0.0
0.3168833333333333,0.0
0.0,0.0
0.0,0.0
0.0,0.0
0.0,0.0
0.0,0.0
0.0,0.0
0.14085,0.0
3.47375,0.0
5.6386666666666665,1.9774666666666667
5.5740333333333325,3.2805666666666666
2.902966666666667,0.7122166666666666
0.9895333333333332,0.0
0.7904166666666665,0.0
0.7422833333333331,0.0
