use,car
1.1230833333333332,0.0003
0.7004666666666666,0.0005
0.6833166666666666,0.00095
0.6776,0.0006
0.67265,0.00045
0.6663666666666666,0.00015
0.6592833333333332,0.0
0.4536833333333333,5e-05
0.0,0.0
0.0,0.0
0.0,0.0
0.0,0.0
0.0,0.0
0.0,0.0
0.0,0.0
0.0,0.0
2.55645,0.00145
2.925533333333333,0.0009
2.11295,0.0
1.7654,0.0
1.572633333333333,0.0
1.4495,0.0
1.4046333333333332,0.0
1.4285,0.0
