use,car
0.7708666666666666,0.0
0.7801666666666666,0.0
0.7885666666666666,0.0
0.7835833333333331,0.0
0.7729333333333331,0.0
0.9444333333333332,0.0
0.8255,0.0
1.6334166666666667,0.0
1.1303166666666669,0.0
0.0,0.0
0.0,0.0
0.0,0.0
0.0,0.0
0.0,0.0
0.0,0.0
0.0,0.0
0.19411666666666666,0.0
2.797366666666667,1.4280166666666667
1.24585,0.09993333333333332
1.7037666666666669,0.0
1.36275,0.0
1.4531333333333332,0.0
0.8456,0.0
0.6566333333333332,0.0
