use,car
1.6109666666666669,0.0
1.5956833333333331,0.0
1.299316666666667,0.0
0.6351166666666666,0.0
0.7788666666666666,0.0
0.7150166666666666,0.0
0.6718166666666666,0.0
0.56465,0.0
0.0,0.0
0.0,0.0
0.0,0.0
0.0,0.0
0.0,0.0
0.0,0.0
0.0,0.0
0.28405,0.0
0.2391166666666666,0.0
1.2068333333333332,0.0
1.1994333333333331,0.0
1.1773166666666668,0.0
5.4879,2.8054333333333332
5.388133333333333,3.282983333333333
4.501016666666667,3.18635
0.8269,0.10138333333333333
