use,car
0.7216333333333332,0.0
0.712,0.0
0.6972833333333333,0.0
0.7217333333333332,0.0
0.71195,0.0
0.6990666666666666,0.0
1.1598666666666668,0.0
1.45315,0.0
0.4993666666666666,0.0
0.05865,0.0
0.0,0.0
0.0,0.0
0.0,0.0
0.0,0.0
0.0,0.0
0.0,0.0
0.7472833333333331,0.0
1.5302166666666668,0.0
1.8219666666666667,0.0
1.5946333333333331,0.0
3.516016666666667,1.9597166666666668
4.8476,3.2843166666666668
4.290083333333333,3.2779333333333334
3.51075,2.6783
