use,car
0.7710166666666666,0.0
0.7549,0.0
0.76085,0.0
0.7500166666666666,0.0
0.7566666666666666,0.0
0.94995,0.0
1.446516666666667,0.0
1.6049,0.0
1.31615,0.0
0.34455,0.0
0.0,0.0
0.0,0.0
0.0,0.0
0.0,0.0
0.0,0.0
0.0,0.0
0.4502833333333333,0.0
1.40345,0.0
1.7882166666666668,0.015316666666666666
1.9556333333333331,0.0
1.9987666666666668,0.0
1.2950166666666667,0.0
0.7849666666666666,0.0
0.68075,0.0
