use,car
0.8048,0.0
0.8039166666666666,0.0
0.8157333333333331,0.0
0.80035,0.0
0.7811666666666666,0.0
0.790883333333333,0.0
0.8336666666666666,0.0
1.01885,0.0
0.6954,0.0
0.0,0.0
0.0,0.0
0.0,0.0
0.0,0.0
0.0,0.0
0.0,0.0
0.0,0.0
0.0,0.0
0.5339166666666666,0.0
0.6026833333333332,0.0
0.765633333333333,0.0
0.67095,0.0
0.6239166666666666,0.0
0.6099166666666666,0.0
0.6008666666666665,0.0
