use,car
0.5961166666666666,0.0
0.5911333333333332,0.0
0.59195,0.0
0.5922,0.0
0.5887,0.0
0.5918333333333332,0.0
0.5852666666666666,0.0
0.4868833333333332,0.0
0.0,0.0
0.0,0.0
0.0,0.0
0.0,0.0
0.0,0.0
0.0,0.0
0.0,0.0
0.0,0.0
0.0,0.0
0.5810333333333332,0.0
0.5827166666666665,0.0
0.5944833333333333,0.0
0.5851,0.0
0.5926833333333332,0.0
0.5883,0.0
0.5927,0.0
