use,car
0.7570166666666666,0.0
0.7099833333333332,0.0
0.70465,0.0
0.6967333333333332,0.0
0.6943666666666666,0.0
0.6958333333333332,0.0
0.6717333333333332,0.0
0.6898333333333332,0.0
0.6623,0.0
0.5391833333333332,0.0
0.9002666666666665,0.0
0.0,0.0
0.0,0.0
0.0,0.0
0.3209833333333333,0.0
0.20475,0.0
0.7500166666666666,0.0
1.2123833333333331,0.0
1.8160333333333332,0.0
1.6980166666666667,0.0
1.2671333333333332,0.0
0.9505333333333332,0.0
0.91725,0.0
0.9192333333333332,0.0
