use,car
1.3238833333333333,0.0
1.0510833333333331,0.0
0.8758333333333331,0.0
0.8804833333333331,0.0
0.7492166666666666,0.0
0.8750666666666665,0.0
0.9691833333333332,0.0
0.9718,0.0
0.4925333333333332,0.0
0.0,0.0
0.0,0.0
0.0,0.0
0.0,0.0
0.0,0.0
0.0,0.0
0.0,0.0
0.0,0.0
0.2804666666666666,0.0
0.9835666666666664,0.0
0.9191666666666666,0.0
4.3255833333333324,2.7110833333333333
4.042533333333333,3.281683333333333
3.7536166666666664,3.2833
3.008183333333333,2.4931666666666668
