use,car
0.38205,0.0
0.37171666666666653,0.0
0.3601166666666666,0.0
0.3554,0.0
0.3510333333333333,0.0
0.3584666666666666,0.0
0.6747833333333332,0.0
0.6745,0.0
0.0,0.0
0.0,0.0
0.0,0.0
0.0,0.0
0.0,0.0
0.0,0.0
0.0,0.0
0.0,0.0
0.0,0.0
1.008233333333333,1.6645
4.772783333333333,3.279516666666667
4.724483333333333,3.27275
1.0654,0.50075
0.67635,0.0
0.5398333333333332,0.0
0.4892666666666666,0.0
