use,car
0.5453166666666666,0.0
0.3640666666666666,0.0
0.37685,0.0
0.3550166666666666,0.0
0.3011,0.0
0.4873333333333332,0.0
0.4847833333333332,0.0
0.2930666666666666,0.0
0.0,0.0
0.0,0.0
0.0,0.0
0.0,0.0
0.0,0.0
0.0,0.0
0.0,0.0
5.041,0.0
0.98925,0.0
1.1246333333333332,0.0
1.6259333333333332,0.0
1.71745,0.0
1.0033,0.0
0.9645833333333332,0.0
0.9608666666666664,0.0
0.5344666666666666,0.0
