use,car
0.3671,0.0
0.36941666666666656,0.0
0.38156666666666655,0.0
0.38265,0.0
0.3475166666666666,0.0
0.3412166666666666,0.0
0.4765333333333332,0.0
0.70605,0.0
0.4986833333333332,0.0
0.7158666666666667,0.0
0.4763333333333332,0.0
0.19706666666666664,0.0
0.0,0.0
0.39981666666666654,0.0
0.0,0.0
0.0,0.0
0.0,0.0
0.0,0.0
0.3188833333333333,0.0
3.700033333333333,2.0635833333333333
5.219716666666667,3.2836833333333333
4.3718,3.2814
4.01115,3.1022
0.7316666666666665,0.2500666666666666
