use,car
0.7965166666666667,0.0
0.5740166666666666,0.0
0.5592333333333332,0.0
0.4401333333333333,0.0
0.6138,0.0
0.4295833333333333,0.0
1.0549833333333332,0.0
1.1365,0.0
0.3209666666666666,0.0
0.04893333333333332,0.0
0.0,0.0
0.0,0.0
0.0,0.0
0.0,0.0
0.0,0.0
0.0,0.0
0.0,0.0
0.0,0.0
3.4169666666666667,2.70775
5.290166666666666,3.2815
4.869,3.282833333333333
3.78735,2.8403666666666667
1.23975,0.19236666666666666
0.6888333333333332,0.00035
