use,car
0.6396833333333332,0.0
0.5123833333333332,0.0
0.5644,0.0
0.5363,0.0
0.5359833333333331,0.0
0.6271166666666665,0.0
0.7974,0.0
0.8960333333333331,0.0
0.5160833333333332,0.0
0.1343,0.0
0.37651666666666656,0.0
0.0,0.0
0.0,0.0
0.0,0.0
0.0,0.0
0.0,0.0
0.0,0.0
1.1735666666666669,0.0
4.386466666666666,2.4442833333333334
5.7857666666666665,3.2800333333333334
4.586183333333333,3.014966666666667
0.737,0.03181666666666666
0.6890833333333332,0.0
0.5106,0.0
