use,car
1.0252333333333332,0.0
0.9454666666666665,0.0
0.9032833333333332,0.0
0.91645,0.0
0.794933333333333,0.0
0.9213333333333332,0.0
0.9038666666666666,0.0
1.5518166666666668,0.0
0.9308833333333332,0.0
0.22646666666666665,0.0
0.0,0.0
0.0,0.0
0.0,0.0
0.0,0.0
0.0,0.0
0.0,0.0
0.0,0.0
0.0,0.0
1.2094333333333331,0.0
1.4783333333333333,0.0
1.6968166666666669,0.0
1.6017833333333331,0.0
1.1405333333333332,0.0
0.8202166666666666,0.0
