use,car
0.5799,0.0
0.6096333333333332,0.0
0.45005,0.0
0.4710666666666666,0.0
0.4357333333333333,0.0
0.4503666666666666,0.0
0.8586333333333331,0.0
0.7951833333333331,0.0
0.0,0.0
0.0,0.0
0.0,0.0
0.0,0.0
0.0,0.0
0.0,0.0
0.0,0.0
0.0,0.0
0.0,0.0
0.0,0.0
0.0,0.0
1.67085,0.4868166666666666
5.34265,3.2906166666666667
4.569166666666667,3.2785333333333333
4.1737,3.28735
2.397816666666667,1.6005666666666667
