use,car
0.7469666666666666,0.0
0.8021833333333331,0.0
0.626,0.0
0.5913833333333331,0.0
0.77285,0.0
0.7570333333333331,0.0
0.62185,0.0
1.3134333333333332,0.0
0.9315166666666664,0.0
1.1280333333333332,0.0
0.5531166666666666,0.0
0.93735,0.0
0.9461666666666664,0.0
0.0,0.0
0.0,0.0
0.0,0.0
0.0,0.0
0.05858333333333333,0.0
2.8338,2.334633333333333
4.771716666666666,3.276483333333333
1.9859833333333332,0.7266833333333332
0.9540166666666664,0.0
0.9076333333333332,0.0
1.3732,0.0
