use,car
0.4025833333333333,0.0
0.3739333333333333,0.0
0.3765833333333333,0.0
0.4272833333333333,0.0
0.36725,0.0
0.3655666666666666,0.0
0.40295,0.0
0.38735,0.0
1.1151,0.0008166666666666666
4.263016666666666,0.0
2.9204166666666667,0.0015666666666666665
2.9606833333333333,0.00025
2.7609,0.00035
3.1517833333333334,0.5929666666666666
5.31745,1.9249
2.0521,0.0
2.3812,0.0
1.675,0.0
1.8151333333333333,0.0004333333333333333
3.65565,0.0
1.5616,0.0
1.5388333333333333,0.0
1.4239833333333332,0.0
0.4241,0.0
