use,car
0.3515833333333333,0.0
0.3844,0.0
0.3364666666666666,0.0
0.32475,0.0
0.3793833333333333,0.0
0.3280333333333333,0.0
0.3239166666666666,0.0
0.369,0.0
0.32265,0.0
0.3325833333333333,0.0
0.3448166666666666,0.0
0.31255,0.0
0.3609,0.0
0.3285666666666666,0.0
0.3250333333333333,0.0
0.36858333333333326,0.0
0.3220666666666666,0.0
0.3484166666666666,0.0
0.3458833333333333,0.0
0.2994666666666666,0.0
0.5693166666666666,0.0
0.5382166666666666,0.0
0.5534166666666666,0.0
0.40525,0.0
