use,car
0.3937,0.0
0.3743833333333333,0.0
0.3431,0.0
0.3693,0.0
0.3235666666666666,0.0
0.3512333333333333,0.0
0.3243,0.0
0.3120333333333333,0.0
0.36465,0.0
0.3232,0.0
0.35115,0.0
0.3401166666666666,0.0
0.3230166666666666,0.0
0.3677,0.0
0.3247833333333333,0.0
0.3428166666666666,0.0
0.31985,0.0
0.3194333333333333,0.0
0.36418333333333325,0.0
0.33045,0.0
0.559,0.0
0.5524666666666666,0.0
0.5460333333333331,0.0
0.39526666666666654,0.0
