use,car
0.3634333333333333,0.0
0.3985833333333333,0.0
0.3432333333333333,0.0
0.3693,0.0
0.3228166666666666,0.0
0.3167166666666666,0.0
0.3566166666666666,0.0
0.3202333333333333,0.0
0.3443333333333333,0.0
0.3433333333333333,0.0
0.32245,0.0
0.3671166666666666,0.0
0.3299166666666666,0.0
0.3315166666666666,0.0
0.3486333333333333,0.0
0.3104666666666666,0.0
0.35525,0.0
0.3624166666666666,0.0
0.32665,0.0
0.3525833333333333,0.0
0.53565,0.0
0.5851166666666666,0.0
0.5551166666666666,0.0
0.33485,0.0
