use,car
0.9822833333333332,0.0
1.11725,0.0
0.4047333333333333,0.0
0.91615,0.0
1.03785,0.0
0.37325,0.0
0.46205,0.0
1.0968833333333332,0.0005
1.368083333333333,0.0
2.5049,0.0
2.15775,0.0
1.5058166666666668,0.0
2.7422833333333334,0.0008333333333333333
3.157716666666667,0.0
3.5103666666666666,0.0
3.8553,0.0
3.9105666666666665,0.0
3.9733333333333327,0.0
3.7315,0.0
4.3982,0.0
3.126666666666667,0.0
3.69085,0.0
3.856216666666666,0.0
2.86535,0.0
