use,car
1.8964333333333332,0.0
2.0244,0.0
1.13385,0.0
0.8371666666666666,0.0
1.43425,0.0
1.2751,0.0
0.8375833333333331,0.0
0.609,0.0
1.3752833333333332,0.0001
1.8272166666666667,0.0
2.005916666666667,0.0
2.1744833333333333,0.0009666666666666666
3.041,0.0
4.159366666666666,0.0
5.227716666666667,0.0
5.965866666666666,0.0
4.1391,0.0
3.67155,0.0
6.902883333333333,1.4526666666666668
12.312616666666665,4.398116666666667
3.431966666666667,0.0
2.484166666666667,0.0
4.299166666666666,0.0
2.57985,0.0
