use,car
0.6386666666666666,0.0
0.9896,0.0
0.43325,0.0
0.41531666666666656,0.0
0.4166666666666666,0.0
0.41381666666666655,0.0
0.4212,0.0
0.41865,0.0
0.4140833333333333,0.0
0.9236833333333332,0.0005833333333333333
3.1186833333333333,0.00015
3.7294166666666664,0.0
2.693216666666667,0.0
3.32175,0.0
5.0877,0.0
2.010066666666667,0.0
0.92285,0.0
1.964883333333333,0.0
5.812483333333333,1.9174666666666669
5.536016666666667,1.7603833333333332
2.80235,0.0
2.5181,0.0
2.1325,0.0
1.2013666666666667,0.0
