use,car
0.44346666666666656,0.0
0.43675,0.0
0.43005,0.0
0.4094333333333333,0.0
0.4072,0.0
0.4014,0.0
1.4201166666666667,0.0009166666666666666
0.9817833333333332,0.0
0.6023666666666666,0.0
0.8114166666666666,0.0
0.3914833333333333,0.0
2.9684,1.367033333333333
0.7036,0.0
0.809,0.0
0.95415,0.0
0.4787,0.0
1.0466166666666668,0.0
1.3583,0.0001
1.2316,0.0
0.68865,0.0
3.69835,1.3531666666666669
2.1240666666666668,0.0
1.5267833333333332,0.0
0.4598833333333333,0.0
