use,car
0.9144166666666667,0.0
0.4178833333333333,0.0
0.4013833333333333,0.0
0.8184,0.0
0.3902,0.0
0.3956333333333333,0.0
0.7857,0.0005833333333333333
2.15985,0.0
1.4720333333333333,0.0
1.94935,0.0
1.9950333333333332,0.0
2.4820333333333333,0.0
1.5035166666666668,0.0
1.57795,0.0
2.116,0.0
2.2901333333333334,0.0
2.17665,0.0
2.2123833333333334,0.0
2.0831,0.0
1.6330166666666668,0.0
2.44595,0.0
2.441116666666667,0.0
1.81785,0.0
0.5079333333333332,0.0
