use,car
2.9834,0.0013333333333333333
2.0933333333333333,0.0
2.34665,0.0
2.371183333333333,0.0
1.6390166666666668,0.0
2.336316666666667,0.0
2.493033333333333,0.0006333333333333333
2.7903,0.0
3.2004,0.0011
2.73705,0.0
2.650316666666667,0.0
2.411566666666667,0.0
3.4448833333333333,0.0
4.101533333333332,0.0
4.101916666666666,6.666666666666666e-05
5.6198,0.0
4.337133333333333,0.0
4.47735,0.0
3.4551,0.0
3.32465,0.0
3.6135166666666665,0.0
2.9705166666666667,0.0
3.06735,0.0
2.9692166666666666,0.0
