use,car
1.5647666666666669,0.0
1.5101,0.0
1.526333333333333,0.0
1.418483333333333,0.0
1.5812333333333333,0.0
1.6103666666666667,0.0
1.52595,0.0
1.7495,0.00055
1.8309166666666667,0.0
1.9994666666666667,6.666666666666666e-05
0.0,0.0
0.0,0.0
0.0,0.0
0.0,0.0
0.0,0.0
0.0,0.0
0.0,0.0
0.0,0.0
0.0,0.0
0.0,0.0
0.0,0.0
0.0,0.0
0.0,0.0
0.0,0.0
