use,car
1.1630666666666667,0.0
0.9617833333333332,0.0
0.54035,0.0
0.2435166666666666,0.0
0.3246166666666666,0.0
0.5031833333333332,0.0
0.37265,0.0
0.37661666666666654,0.0
0.3994333333333333,0.0
0.4006,0.0
0.6699833333333332,0.0
0.6970833333333332,0.0
1.0198166666666668,0.0
1.1384333333333332,0.0
1.2349666666666668,0.0
2.524766666666667,0.0
4.082366666666666,0.0
2.5298166666666666,0.0
2.9307333333333334,0.0
3.8759,0.0
3.56485,0.0
2.6869666666666667,0.0
2.10895,0.0
1.6464666666666667,0.0
