use,car
0.7662666666666667,0.0
0.6863166666666666,0.0
0.7384666666666666,0.0
0.64685,0.0
0.7271166666666665,0.0
0.7436166666666666,0.0
0.78195,0.0
1.1056666666666668,0.0
0.7484833333333331,0.0
0.6409666666666666,0.0
0.6947333333333332,0.0
0.72605,0.0
0.8340166666666666,0.0
0.8083333333333331,0.0
0.7126,0.0
0.9698166666666664,0.0
0.8782333333333331,0.0
0.7527166666666666,0.0
0.78025,0.0
0.8505833333333331,0.0
0.97505,0.0
2.14995,0.0005333333333333333
2.9699666666666666,0.0
1.028,0.0
