use,car
1.456,0.0
1.3024166666666668,0.0
1.26975,0.0
1.3572166666666667,0.3017333333333333
4.94455,3.7065833333333327
4.300383333333333,2.9452333333333334
1.11465,0.0
1.1938166666666667,5e-05
0.7044166666666666,0.0
0.74895,0.0
0.68915,0.0
0.8764333333333331,0.0
1.2442666666666669,0.0
1.6175333333333333,0.0
1.9021,0.0
2.4558,0.0
2.6843,0.0
2.636083333333333,0.0
2.5103833333333334,0.0
2.2310833333333333,0.0
1.8597,0.0005333333333333333
1.6215,0.0
1.4420833333333332,0.0
1.2892,0.0
