use,car
1.0367,0.0
0.9946833333333333,0.0
0.8556,0.0
0.8020833333333331,0.0
0.8766,0.0
0.8076833333333331,0.0
1.1032333333333333,0.0
1.1599666666666668,0.0
0.9607,0.0
0.7510166666666666,0.0
0.76245,0.0
0.7662333333333331,0.0
1.1258833333333331,0.0
1.28195,0.0
1.36615,0.0
2.6809333333333334,0.0
3.075066666666667,0.0
3.9446,0.0
3.3459,0.0
3.293366666666667,0.0
2.6391666666666667,0.0
3.875933333333333,0.0
1.9998833333333332,0.0
1.4564666666666668,0.0
