use,car
1.20785,0.0
1.2272,0.0
1.17145,0.0
1.13175,0.0
1.2036,0.0
1.2019833333333332,0.0
1.0179333333333331,0.0
1.0494,0.0
0.8827,0.0
1.1028666666666669,0.0
1.1445166666666668,0.0
2.098933333333333,0.0
2.113083333333333,0.0
2.4819166666666668,0.0
2.995683333333333,0.0
2.9541166666666667,0.0
3.2041666666666666,0.0
2.956716666666667,0.0
2.898216666666667,0.0
5.312316666666667,0.0
4.730266666666666,0.0
2.5755166666666667,0.0
1.944583333333333,0.0
1.4204,0.0
