use,car
1.2794666666666668,0.0
1.1016333333333332,0.0
1.1923,0.0
1.1861666666666668,0.0
1.0144833333333332,0.0
1.0877,0.0
1.2658,0.0
1.40355,0.0
1.1388166666666668,0.0
2.767916666666667,0.0
1.730883333333333,0.0
3.564,0.0
2.44615,0.0
1.9510833333333333,0.0
2.2177,0.0
3.058866666666667,0.0
2.8057166666666666,0.0
3.0105,0.0
2.805066666666667,0.0
2.97355,0.0
2.713966666666667,0.0
2.157083333333333,0.0005333333333333333
1.6358166666666667,0.0
1.2340666666666669,0.0
