use,car
1.1483166666666669,0.0
1.1390833333333332,0.0
1.04775,0.0
0.9904833333333332,0.0
0.9708333333333332,0.0
1.0168,0.0
0.9527666666666664,0.0
0.8766333333333332,0.0
0.7945833333333331,0.0
0.74665,0.0
0.8985833333333331,0.0
0.90155,0.0
0.9783166666666664,0.0
1.04685,0.0
1.2483666666666668,0.0
1.23635,0.0
1.89715,0.0
2.6174,0.0
3.7150666666666665,0.0
1.7772166666666669,0.0
1.8499333333333332,0.0
1.9259666666666668,0.0
2.56335,0.0
0.81635,0.0
