use,car
0.72185,0.0
0.79915,0.0
0.764,0.0
0.7346666666666665,0.0
0.7949666666666666,0.0
0.9092666666666666,0.0
0.9493333333333333,0.0
1.1351833333333332,0.0
0.97415,0.0
1.3827,0.0
1.0169666666666668,0.0
0.7991166666666666,0.0
1.0397,0.0
1.0715333333333332,0.0
0.9628333333333332,0.0
0.9273666666666665,0.0
1.6649,0.0
1.8021666666666667,0.0
1.7397166666666668,0.0
1.4943,0.0
1.18645,0.0
1.5164666666666669,0.0
1.36845,0.0
0.7900833333333331,0.0
