use,car
0.7357833333333332,0.0
0.7001,0.0
0.66895,0.0
0.6683,0.18125
4.400916666666666,3.7040833333333327
1.7434,0.90145
0.8679833333333331,0.0
1.1030333333333333,0.0
0.6366666666666666,0.0
0.7399666666666666,0.0
0.8094166666666666,0.0
0.7439166666666666,0.0
0.6967666666666666,0.0
0.7291333333333332,0.0
0.6779833333333332,0.0
0.7619,0.0
0.91905,0.0
0.7947166666666666,0.0
0.703,0.0
1.3969833333333332,0.0
3.313066666666667,0.0
1.3644166666666668,0.0
1.065583333333333,0.0
0.7053166666666666,0.0
