use,car
0.7861666666666666,0.0
0.7839833333333331,0.0
0.7767166666666666,0.0
0.7027833333333332,0.0
0.7856333333333331,0.0
0.6968833333333332,0.0
0.7830333333333331,0.0
0.6982833333333331,0.0
0.7791,0.0
0.697,0.0
0.7929,0.0
0.7176833333333332,0.0
0.9332833333333332,0.0
0.8406666666666666,0.0
0.8420666666666666,0.0
0.7775,0.0
0.7917,0.0
0.8024333333333331,0.0
0.7398833333333331,0.0
0.7289166666666665,0.0
0.7616166666666666,0.0
0.7515666666666666,0.0
0.7249666666666665,0.0
0.7334333333333332,0.0
