use,car
0.83015,0.0
0.8789333333333331,0.0
0.7971166666666666,0.0
2.6091333333333333,2.1908333333333334
4.44065,3.703783333333333
1.37465,0.2949833333333333
1.0268833333333331,0.0
1.0125,0.0
1.1531833333333332,0.0
1.0669833333333332,0.0
0.87355,0.0
0.7180833333333332,0.0
0.78635,0.0
0.7117333333333332,0.0
0.8012833333333331,0.0
0.7003833333333332,0.0
0.7625666666666666,0.0
1.0642333333333331,0.0
0.7915333333333331,0.0
0.79935,0.0
0.7791,0.0
0.77875,0.0
0.9341666666666664,0.0
0.8349,0.0
