use,car
0.826,0.0
0.7633833333333331,0.0
0.78645,0.0
0.81345,0.0
0.7600666666666666,0.0
0.7980666666666666,0.0
0.7970333333333331,0.0
0.747483333333333,0.0
0.8089,0.0
0.8643833333333331,0.0
0.828133333333333,0.0
0.8549833333333331,0.0
1.096933333333333,0.0
0.8899166666666666,0.0
0.8039166666666666,0.0
0.8814833333333331,0.0
0.8035666666666667,0.0
0.83935,0.0
0.8314,0.0
0.7756333333333331,0.0
0.8364666666666666,0.0
0.75425,0.0
0.8349833333333331,0.0
0.9578166666666664,0.0
