use,car
0.95765,0.0
0.9090833333333332,0.0
1.00315,0.0
0.9026833333333332,0.3476166666666666
4.690966666666666,3.70365
2.64645,1.4228333333333332
1.1288333333333331,0.0
1.152283333333333,0.0
0.9422666666666664,0.0
1.0832,0.0
0.7578333333333331,0.0
0.7934333333333331,0.0
0.8885166666666666,0.0
0.833233333333333,0.0
0.8231,0.0
0.8130666666666666,0.0
0.7650166666666666,0.0
1.0991,0.0
1.6677166666666667,0.0
2.355166666666667,0.0
1.4307666666666667,0.0
1.5266666666666668,0.0
1.12445,0.0
0.9418,0.0
