use,car
0.8424333333333331,0.0
0.8776333333333332,0.0
1.01895,0.35055
4.586766666666667,3.707966666666666
4.594033333333333,3.7094
2.041866666666667,0.8003166666666666
0.8580166666666666,0.0
0.85215,0.0
1.2869,0.0
2.41385,0.0
3.0759166666666666,0.0
1.0454,0.0
0.9764,0.0
1.0205,0.0
1.1087833333333332,0.0
2.87565,0.0
1.13955,0.0
1.16255,0.0
1.1628,0.0
1.4112833333333332,0.0
3.8995833333333327,0.0
2.151883333333333,0.0
1.5396333333333332,0.0
0.9779166666666664,0.0005333333333333333
