use,car
0.93625,0.0
0.7603,0.0
0.8422166666666666,0.0
0.8718666666666666,0.0
0.8085666666666665,0.0
1.838733333333333,1.035483333333333
0.7411,0.0
0.8336,0.0
0.8846666666666666,0.0
1.2688833333333331,0.0
1.21835,0.0
0.9391333333333332,0.0
1.0355,0.0
0.9179333333333332,0.0
1.1117833333333331,0.0
1.1738666666666668,0.0
1.2414666666666667,0.0
1.2332666666666667,0.0
1.347616666666667,0.0
1.4884833333333332,0.0
1.7450166666666669,0.0
1.7762,0.0
1.2565166666666667,0.0
0.8691166666666666,0.0
