use,car
0.8067166666666666,0.0
0.8093833333333331,0.0
0.7948,0.0
0.78375,0.0
2.7311,2.03585
2.108633333333333,1.0688333333333333
0.9663666666666664,0.0
1.06585,0.0
0.7842833333333331,0.0
0.66495,0.0
0.6960333333333332,0.0
0.7107166666666666,0.0
0.6233,0.0
0.7063166666666666,0.0
0.6656666666666666,0.0
0.7214,0.0
0.6796833333333332,0.0
0.83585,0.0
1.176583333333333,0.0
1.0827166666666668,0.0
2.92545,0.0005333333333333333
2.216733333333333,0.0
1.1933833333333332,0.0
0.7767666666666666,0.0
