use,car
0.7893166666666666,0.0
0.7639833333333331,0.0
0.6882,0.0
0.7532333333333331,0.20305
4.4086333333333325,3.70245
2.4286833333333333,1.33665
1.103716666666667,0.0
1.418,5e-05
1.22005,0.0
0.8140166666666666,0.0
0.6842666666666666,0.0
0.7385833333333331,0.0
0.8119833333333331,0.0
0.729,0.0
0.6764333333333332,0.0
0.7272,0.0
0.9190166666666666,0.0
1.7489,0.0
2.7165833333333333,0.0
2.1046666666666667,0.0
1.63285,0.0
1.30785,0.0
1.2100333333333333,0.0
0.86605,0.0
