use,car
0.5904666666666666,0.0
0.6174166666666666,0.0
0.6133833333333332,0.0
0.5389333333333332,0.0
0.42945,0.0
0.5816833333333332,0.0
0.28715,0.0
0.6180333333333332,0.0
0.5794,0.0
1.2762,0.0
1.1289833333333332,0.0
0.5555833333333332,0.0006
0.51845,0.0006
0.7674,0.0005
0.61105,0.00035
0.4714833333333332,0.0
0.4140833333333333,0.0
0.3527333333333333,0.0
0.3391666666666666,0.0
0.3809833333333333,0.0
0.5565333333333332,0.0
0.5866666666666666,0.0
0.42426666666666657,0.0
0.4545333333333333,0.0
