use,car
0.5542166666666666,0.0
0.6122666666666666,0.0
0.6656833333333332,0.0
0.4724833333333332,0.0
0.7052,0.0
0.2595666666666666,0.0
0.8582,0.0
0.7679833333333331,0.0
0.80325,0.0
0.68225,0.0
0.41375,0.0
0.6528833333333331,0.0
0.66955,0.0
0.40945,0.0
0.9363833333333332,0.0
0.3145666666666666,0.0
1.16195,0.0
1.2573333333333332,0.0
2.4925,0.0
0.8045166666666665,0.0
1.8916333333333333,0.0
0.97245,0.0
0.6798166666666666,0.0
0.2784333333333333,0.0
