use,car
1.0222666666666669,0.0
0.4884,0.0
0.6767666666666666,0.0
0.4569333333333333,0.0
0.5240833333333332,0.0
0.5230666666666666,0.0
0.36363333333333325,0.0
0.6611333333333332,0.0
0.4067,0.0
1.165,0.0
0.65665,0.0
0.689,0.0
0.2349,0.0
0.873,0.0
2.010533333333333,0.0
1.347716666666667,0.0
0.57475,0.0
0.4032,0.0
0.54995,0.0
0.4535333333333333,0.0
2.126533333333333,0.0
1.0256833333333333,0.0
0.9498666666666664,0.0
0.9423666666666664,0.0
