use,car
0.2951,0.0
0.2921666666666666,0.0
0.27035,0.0
0.2733333333333333,0.0
0.2903166666666666,0.0
0.2739,0.0
0.8083333333333331,0.0
0.77535,0.0
0.8037,0.0
0.8699166666666666,0.0
1.9352166666666668,0.0004
2.37675,0.001
1.6302,0.0
1.4904,0.0
0.8808,0.0
0.6364666666666666,0.0
1.1333,0.0
0.8183,0.0
0.62225,0.0
0.57545,0.0
0.3993833333333333,0.0
0.3536166666666666,0.0
0.74195,0.0
0.62135,0.0
