use,car
0.8504833333333331,0.0
0.8522166666666666,0.0
0.7275,0.0
0.50625,0.0
0.4386833333333333,0.0
0.5710333333333332,0.0
0.4506666666666666,0.0
0.4729,0.0
0.6302666666666666,0.0
0.6331666666666667,0.0
0.9202333333333332,0.0
2.4631,0.0
0.9245666666666664,0.0
1.3006833333333332,0.0
2.1340166666666667,0.0
1.6476,0.0
1.9642,0.0
1.1605666666666667,0.0
2.319316666666667,0.0
0.8297833333333331,0.0
1.9539,0.0
1.0483833333333332,0.0
0.8088,0.0
0.7722333333333331,0.0
