use,car
1.66455,0.0003
1.3153833333333331,0.0
1.9323833333333331,0.0
0.9077666666666666,0.0
0.6061166666666666,0.0
0.5447166666666666,0.0
0.81685,0.0
0.9558166666666664,0.0
0.5060666666666666,0.0
1.213733333333333,0.0
1.47825,0.0
1.37395,0.0
1.5447,0.0
0.8748833333333331,0.0
1.5169333333333332,0.0
1.5555166666666669,0.0
1.3026666666666669,0.0
2.16365,0.0
2.1808,0.0
2.28615,0.0
1.8932,0.0
1.10095,0.0
1.0955666666666668,0.0
1.0297,0.0
