use,car
1.14845,0.0
1.03025,0.0
1.2952833333333331,0.0
1.0094166666666664,0.0
0.6980333333333332,0.0
0.7002,0.0
0.8551666666666666,0.0
0.8752,0.0
0.82235,0.0
0.8486833333333331,0.0
1.240033333333333,0.0
1.9573,0.0
1.5857,0.0
1.4353,0.0
2.738516666666667,0.0
2.0677166666666666,0.0
2.93975,0.0
3.196883333333333,0.0
3.0163333333333333,0.0
2.3305,0.0
1.8157,0.0
1.4149333333333332,0.0
1.9696,0.0
0.9762333333333332,0.0
