use,car
0.9434666666666665,0.0
0.9786,0.0
0.7162833333333332,0.0
0.8036666666666666,0.0
0.91775,0.0
0.71535,0.0
0.63735,0.0
1.6888333333333332,0.0
1.1199,0.0
1.35665,0.0
1.17,0.0
0.9847833333333332,0.0
1.03955,0.0
1.3221833333333333,0.0
1.798366666666667,0.0
1.47165,0.0
1.7597666666666667,0.0
2.9100333333333332,0.0001333333333333333
2.5618166666666666,0.0003833333333333333
1.9578833333333332,0.0
2.7251833333333333,0.0
1.4145666666666667,0.0
1.2125833333333331,0.0
5.05295,4.01755
