use,car
0.5763166666666666,0.0
0.8167833333333331,0.0
0.6120166666666667,5e-05
0.3735,0.0003
0.7122,5e-05
0.3132333333333333,5e-05
0.6532666666666666,0.0001
0.39171666666666655,0.0008
1.1710833333333333,0.0
1.2021333333333333,0.0
1.0423,0.0003
1.8140166666666668,5e-05
1.39485,0.0
1.2580833333333332,0.00015
1.3904666666666667,0.0
2.07455,0.0
2.03125,0.0
2.0482,0.0
1.524233333333333,0.0
1.1279666666666668,0.0
0.9558666666666664,0.0
0.97495,0.0
1.3063,0.0
0.8369666666666666,0.0
