use,car
0.5039166666666666,0.0
0.50925,0.0
0.47645,0.0
0.4402,0.0
0.3724333333333333,0.0
0.3431,0.0
0.44815,0.0
0.7106666666666666,0.0
0.6242666666666666,0.0
0.5246333333333332,0.0
0.7473333333333331,0.0
0.5353666666666665,0.0
0.5579833333333332,0.0
0.58225,0.0
0.5076833333333332,0.0
0.760683333333333,0.0
0.93965,0.0
0.9378,0.0
1.0848,0.0
1.3756666666666668,0.0
0.76945,0.0
1.069,0.0
1.0071,0.0
0.673,0.0
