use,car
8.16315,7.028233333333333
8.13715,7.033366666666667
7.6558,7.02555
7.586916666666665,7.0536
2.198916666666667,1.4809666666666668
0.6401,0.0
0.5352,0.0
0.9888833333333332,0.0
0.6311333333333332,0.0
0.6050333333333332,0.0
0.7750333333333331,0.0
0.7273333333333332,0.0
0.6825833333333332,0.0
1.21895,0.0
1.07235,0.0
1.18245,0.0
1.67295,0.0
2.7847833333333334,0.0
2.7344833333333334,0.0
1.4295833333333332,0.0
1.297,0.0
1.37245,0.0
0.8201,0.0
0.776783333333333,0.0
