use,car
1.1334833333333332,0.0
1.1765,0.0
1.01755,0.0
0.6710833333333333,0.0
0.6439166666666666,0.0
0.55965,0.0
0.49425,0.0
0.8467,0.0
1.3309833333333332,0.0
1.6809666666666667,5e-05
1.772233333333333,0.0
1.1205166666666668,0.0
0.8358,0.0
0.8145333333333331,0.0
1.500133333333333,0.0
1.41065,6.666666666666666e-05
1.7171666666666667,0.0
1.9125833333333333,0.0
1.6427333333333332,0.0
2.0248166666666667,0.0
1.5118166666666668,0.0
1.3872666666666669,0.0
1.3167,0.0
1.2991166666666667,0.0
