use,car
0.38196666666666657,0.0
0.4944333333333332,0.0
0.5410333333333333,0.0
0.4926666666666666,0.0
0.47395,0.0
0.3555833333333333,0.0
0.5135,0.0
1.1896,0.0
0.7006166666666666,0.0
0.5721666666666666,0.0
0.6929166666666666,0.0
0.8644166666666666,0.0
0.99075,0.0
0.4953666666666666,0.0
0.94735,0.0
0.5970333333333332,0.0
1.5728,0.0
1.8378666666666668,0.0
1.5407666666666668,0.0
1.0425166666666668,0.0
1.2085,0.0
0.7147166666666666,0.0
0.7115666666666666,0.0
0.8240333333333331,0.0
