use,car
0.3046,0.0
1.6405833333333333,0.00015
0.8133166666666666,0.0
1.37285,0.0
0.7772833333333331,0.0
1.3378333333333332,0.0
1.4712333333333332,0.0
0.98445,0.0
1.5436666666666667,5e-05
1.4465666666666668,0.0
1.3978833333333331,0.0
0.5296666666666666,0.00125
0.5716833333333332,0.00205
1.0918333333333332,0.0003
0.5694666666666666,0.00195
0.4588333333333333,0.00025
0.2351,0.0
0.26245,0.0
0.4869333333333332,0.0
0.5582833333333332,0.0
1.8739,0.0
1.16465,0.0
1.1680666666666668,0.0
1.0748,0.0
