use,car
1.141066666666667,0.0
0.8103833333333331,0.0
0.56835,0.0
0.59725,0.0
0.6535,0.0
0.6267333333333333,0.0
0.3865333333333333,0.0
0.4409,0.0
1.281283333333333,6.666666666666666e-05
0.5976166666666666,0.0
0.2726666666666666,0.0
0.2465166666666666,0.0
0.4612666666666666,0.0
0.7082166666666666,0.0
0.8224833333333331,0.0
1.8405166666666668,0.0
1.8975,0.0
0.9479,0.0
0.8957833333333332,0.0
1.6425666666666667,0.0
0.7628166666666666,0.0
0.7582,0.0
1.1040833333333333,0.0
0.83875,0.0
