use,car
0.8162333333333331,0.0
0.4174,0.0
0.6065833333333333,0.0
0.6568166666666666,0.0
0.2299833333333333,0.0
0.6063166666666666,0.0
0.3359666666666666,0.0
1.3565,0.0
1.4754833333333333,0.0
1.3434833333333331,0.0
1.37465,0.0
1.9490333333333332,0.0
1.3383833333333333,0.0
1.5670833333333332,0.0
1.4534,0.0
0.4249,0.0
0.73715,0.0
1.2194166666666668,0.0
1.22705,0.0
1.0760833333333333,0.0
0.3985333333333333,0.0
1.1569666666666667,0.0
0.44711666666666655,0.0
0.4196833333333333,0.0
