use,car
0.4283333333333333,0.0
0.26275,0.0
0.2390333333333333,0.0
0.2759,0.0
0.27665,0.0
0.247,0.0
0.3041666666666666,0.0
0.5999,0.0
0.5471,0.0
0.7401333333333331,0.0
0.5963,0.0
0.5252666666666665,0.0
0.4019333333333333,0.0
0.5498333333333332,0.0
0.5108,0.0
0.7348166666666665,0.0
0.6063,0.0
0.7343833333333332,0.0
0.7227833333333332,0.0
1.0447833333333332,0.0
1.3947,0.0
0.63175,0.0
0.2622,0.0
0.2578333333333333,0.0
