use,car
0.3398,0.0
0.27195,0.0
0.3445,0.0
0.2713666666666666,0.0
0.2422666666666666,0.0
0.2456666666666666,0.0
0.3049333333333333,0.0
0.36568333333333325,0.0
0.3934333333333333,0.0
0.34325,0.0
0.3072333333333333,0.0
0.4219833333333333,0.0
0.29125,0.0
0.3430833333333333,0.0
0.6633,0.0
0.7740166666666666,0.0
0.7288166666666664,0.0
0.82785,0.0
0.8234,0.0
2.587766666666667,0.0001333333333333333
0.97765,0.0
0.7984666666666665,0.0
0.7593,0.0
0.6151833333333332,0.0
