use,car
0.2436666666666666,0.0
0.2415,0.0
0.2750333333333333,0.0
0.2742166666666666,0.0
0.2393,0.0
0.2396,0.0
0.3057333333333333,0.0
0.5234,0.0
0.4607333333333333,0.0
0.3407,0.0
0.42831666666666657,0.0
0.43745,0.0
0.2354833333333333,0.0
0.4997333333333332,0.0
0.39871666666666655,0.0
0.23505,0.0
0.36573333333333324,0.0
1.991866666666667,0.0
1.0509166666666667,0.0
0.7480833333333331,0.0
0.6321166666666665,0.0
0.4105333333333333,0.0
0.3657666666666666,0.0
0.3968,0.0
