use,car
1.38725,0.0
0.7076333333333332,0.0
1.56075,0.0
0.80105,0.0
1.1577333333333333,0.0
1.3751,0.0
0.82805,0.0
1.4062666666666668,0.0
2.5111833333333333,0.0018
1.650383333333333,5e-05
0.8696666666666666,0.0
1.32095,0.0
0.5793166666666666,0.0
0.8855166666666666,0.0
0.40591666666666654,0.0
1.2599,5e-05
0.41685,0.0
0.5967833333333332,0.0
0.5796666666666666,0.0
1.3709333333333331,0.0
0.7637,0.0
1.5430666666666668,0.0
1.0911333333333333,0.0
1.2384166666666667,0.0
