use,car
0.4414833333333333,0.0
0.502,0.0
0.3687,0.0
0.4054833333333333,0.0
0.3914833333333333,0.0
0.34915,0.0
0.29215,0.0
0.40426666666666655,0.0
0.52565,5e-05
0.8161166666666666,0.0
0.43571666666666653,0.0
0.61035,0.0
0.5069833333333332,0.0
0.5361,0.0
0.6243,0.0
0.6750333333333332,0.0
0.7114166666666666,0.0
1.0798333333333332,0.0
2.413333333333333,0.0002
1.03965,0.0
1.02985,0.0
0.7047833333333332,0.0
0.4882166666666666,0.0
0.5243166666666667,0.0
