use,car
0.2713666666666666,0.0
0.5061666666666667,0.0
0.41905,0.0
0.5793,0.0
0.283,0.0
0.2994333333333333,0.0
0.6096,0.0
0.9732666666666664,0.0
0.6206333333333331,0.0
0.5316333333333332,0.0
0.6196333333333331,0.0
0.36663333333333326,0.0
0.8243833333333331,0.0002
0.42655,0.0018
0.2939666666666666,0.0009
0.3049333333333333,0.0
0.28835,0.0
0.27835,0.0
0.4681333333333332,0.0
0.50315,0.0
0.5175333333333332,0.0
0.4497333333333333,0.0
0.41196666666666654,0.0
0.3035833333333333,0.0
