use,car
0.2958833333333333,0.0
0.24615,0.0
0.2769833333333333,0.0
0.2923833333333333,0.0
0.2528666666666666,0.0
0.2616833333333333,0.0
0.3255833333333333,0.0
0.7723833333333331,0.0002
0.4493833333333333,0.0
0.2739666666666666,0.0
1.1060333333333332,0.0
0.46735,0.0
0.25645,0.0017
0.3702333333333333,0.0009
0.8306333333333331,0.0
0.9517666666666664,0.0
0.7642,0.0
0.5292166666666666,0.0
0.4563333333333333,0.0
0.6142666666666666,0.0
0.5205333333333332,0.0
0.3392666666666666,0.0
0.27775,0.0
0.28,0.0
