use,car
0.3085,0.0
0.31895,0.0
0.0,0.0
0.3162,0.0
0.3203,0.0
0.4358833333333333,0.0
0.3046333333333333,0.0
0.2825333333333333,0.0
0.34225,0.0
0.43241666666666656,0.0
0.40985,0.0
0.4892,0.0
0.4902666666666666,0.0
1.6172333333333333,0.0003333333333333333
4.3117,0.0032333333333333333
1.1385666666666667,0.0
1.5340666666666667,0.0
0.9004,0.0
1.5732166666666667,0.0
0.4770333333333332,0.0
0.7323666666666665,0.0
0.9647333333333332,0.0
0.9510166666666664,0.0
0.6023166666666666,0.0
