use,car
0.9119333333333332,0.0
0.9002,0.0
0.85695,0.0
0.3112333333333333,0.0
0.3275666666666666,0.0
0.3311333333333333,0.0
0.3560333333333333,0.0
0.5986333333333332,0.0
0.37856666666666655,0.0
0.50255,0.0
1.0053333333333332,0.0
0.70865,0.0
0.79895,0.0
0.7283666666666665,0.0
1.0227,0.0
1.502,0.0
1.030166666666667,0.0
0.5323833333333332,0.0
0.5670833333333332,0.0
0.4864166666666666,0.0
0.880583333333333,0.0
0.6939,0.0
0.51815,0.0
0.3314666666666666,0.0
