use,car
0.4122833333333333,0.0
0.3048666666666666,0.0
0.2541833333333333,0.0
0.2455833333333333,0.0
0.2626,0.0
0.4498,0.0
0.66575,0.0
0.6799333333333332,0.0
0.56825,0.0
1.4115333333333333,0.0
0.4648166666666666,0.0
0.5334833333333332,0.0
0.4831166666666666,0.0
0.43911666666666654,0.0
0.4895666666666666,0.0
0.4743833333333332,0.0
0.5701,0.0
1.0728166666666668,0.0
1.03665,0.0
1.0438833333333333,0.0
0.9706166666666664,0.0
0.7005833333333332,0.0
0.3165833333333333,0.0
0.2924666666666666,0.0
