use,car
0.2666333333333333,0.0
0.2657666666666666,0.0
0.2662833333333333,0.0
0.2710166666666666,0.0
0.2802666666666666,0.0
0.4899666666666666,0.0
0.6822666666666666,0.0
0.6553666666666667,0.0
0.6361666666666665,0.0
0.5671666666666666,0.0
0.5656166666666665,0.0
0.7599666666666666,0.0
0.5122833333333332,0.0
0.65615,0.0
0.60095,0.0
0.5179666666666666,0.0
0.4772333333333332,0.0
0.48285,0.0
0.414,0.0
0.4110833333333333,0.0
0.4598166666666666,0.0
0.6549,0.0
0.44045,0.0
0.30405,0.0
