use,car
0.2411333333333333,0.0
0.2408333333333333,0.0
0.242,0.0
0.2437833333333333,0.0
0.5628833333333332,0.0
0.3195,0.0
0.5639666666666666,0.0
0.5060666666666666,0.0
0.7191,0.0
1.8077833333333333,0.0
2.062533333333333,0.0
1.5778,0.0
1.5109666666666668,0.0
1.76475,0.0
1.91525,0.0
1.8309666666666669,0.0
2.608833333333333,0.0
2.4843,0.0
1.6955333333333331,0.0
1.311,0.0
1.1350833333333332,0.0
0.6233666666666666,0.0
0.5020333333333332,0.0
0.2776333333333333,0.0
