use,car
0.2451166666666666,0.0
0.4778666666666666,0.0
0.22525,0.0
0.4949666666666666,0.0
0.9022333333333332,0.0
0.9722,0.0
0.9302833333333332,0.0
0.8692,0.0
0.5584666666666666,0.0
0.8022166666666666,0.0
1.1620666666666668,0.0
1.3057833333333333,0.0
1.4644333333333333,0.0
1.3811166666666668,0.0
2.08135,0.0
2.191183333333333,0.0
2.377133333333333,0.0
2.3128333333333333,0.0
2.421733333333333,0.0
2.445883333333333,0.0
2.09385,0.0
1.39225,0.0
2.2074,0.0
0.2564833333333333,0.0
