use,car
0.2343166666666666,0.0
0.4909666666666666,0.0
0.50045,0.0
0.4812,0.0
1.0684166666666668,0.0
1.2461166666666668,0.0
1.40485,0.0
0.9501,0.0
1.0023,0.0
0.9679,0.0
1.5183833333333332,0.0
1.5204,0.0
2.02665,0.0
1.8990333333333331,0.0
2.2529,0.0
2.5366666666666666,0.0
2.6292166666666668,0.0
3.22665,0.0
2.8282166666666666,0.0
2.3924166666666666,0.0
2.0077,0.0
1.6182833333333333,0.0
1.4916833333333333,0.0
0.2483833333333333,0.0
