use,car
0.74455,0.0
0.8593166666666666,0.0
0.8325833333333331,0.0
0.8080166666666666,0.0
1.23475,0.0
1.17435,0.0
1.17805,0.0
0.7162,0.0
0.97405,0.0
1.1738666666666668,0.0
1.3317666666666668,0.0
1.975933333333333,0.0
1.9405,0.0004
2.4208833333333333,0.0001
2.589516666666667,0.0
2.98235,0.0
3.1407166666666666,0.0
3.001516666666667,0.0
2.94555,0.0
3.058066666666667,0.0
2.426766666666667,0.0
1.97655,0.0
1.7474166666666668,0.0
0.2774,0.0
