use,car
0.5534833333333332,0.0
0.7786333333333331,0.0
0.9956666666666664,0.0
0.8277666666666667,0.0
1.25075,0.0
1.641066666666667,0.0
1.2177833333333332,0.0
1.3438333333333332,0.0
1.2494666666666667,0.0
1.7354833333333333,0.0
1.7091,0.0
2.415316666666667,0.0
2.10765,0.0
2.6445333333333334,0.0
3.0466333333333333,0.0
2.8221333333333334,0.0
3.416,0.0
3.3971666666666667,0.0
2.898233333333333,0.0
2.7003166666666667,0.0
2.2536,0.0
1.9993166666666669,0.0
1.5422,0.0
0.26295,0.0
