use,car
1.1979,0.0
1.1556333333333333,0.0
1.1107333333333331,0.0
1.0004166666666665,0.0
1.3764333333333332,0.0
1.0039833333333332,0.0
0.7627166666666666,0.0
1.4165833333333333,0.0
1.22885,0.0
1.9946,0.0
2.3675,0.0
3.0269,0.0
2.7311,0.0
2.9150666666666667,0.0
2.853133333333333,0.0
3.227066666666667,0.0
3.2398,0.0
3.3395333333333332,0.0
2.989066666666667,0.0
2.760683333333333,0.0
2.4261833333333334,0.0
2.324383333333333,0.0
1.8303333333333331,0.0
1.1132166666666667,0.0
