use,car
0.7437666666666666,0.0
0.5130333333333332,0.0
0.4943833333333332,0.0
0.27965,0.0
0.47975,0.0
0.5382,0.0
0.47785,0.0
0.84085,0.0
1.045383333333333,0.0
1.1725833333333333,0.0
1.0051666666666663,0.0
1.6253666666666668,0.0
1.627133333333333,0.0
1.7977,0.0
2.334683333333333,0.0
2.301683333333333,0.0
2.36185,0.0
2.6344,0.0
2.194316666666667,0.0
2.3193,0.0
2.0984,0.0
1.5453,0.0
1.01045,0.0
0.64785,0.0
