use,car
0.2723666666666666,0.0
0.2859666666666666,0.0
0.26425,0.0
0.37415,0.0
0.36548333333333327,0.0
0.5779166666666666,0.0
0.6219666666666666,0.0
0.6973,0.0
0.6149166666666666,0.0
0.85135,0.0
1.485766666666667,0.0
0.6247333333333333,0.0
0.5798666666666666,0.0
0.6046,0.0
0.6662,0.0
0.5589,0.0
0.6899333333333332,0.0
0.6746666666666666,0.0
0.486,0.0
0.44451666666666656,0.0
0.4779166666666666,0.0
0.3056,0.0
0.2701,0.0
0.2474333333333333,0.0
