use,car
0.5175666666666666,0.0
0.4877,0.0
0.4884166666666666,0.0
0.5198166666666666,0.0
0.4893,0.0
0.4873333333333332,0.0
0.5105833333333332,0.0
0.4910333333333332,0.0
0.4865333333333332,0.0
0.4965333333333332,0.0
0.5019666666666666,0.0
0.5366166666666666,0.0
0.5296333333333332,0.0
0.4451333333333333,0.0
0.42046666666666654,0.0
0.5302,0.0
0.4015,0.0
0.53265,0.0
0.3636666666666666,0.0
0.5079833333333332,0.0
0.6156666666666666,0.0
0.2537333333333333,0.0
0.2102,0.0
0.20351666666666665,0.0
