use,car
0.2034,0.0
0.20223333333333327,0.0
0.2774666666666666,0.0
0.28655,0.0
0.6606833333333332,0.0
0.6387,0.0
0.6918333333333332,0.0
0.8445833333333331,0.0
0.8082,0.0
0.7904333333333331,0.0
0.5921333333333332,0.0
0.6358,0.0
0.4526333333333333,0.0
0.4132,0.0
0.36575,0.0
0.3225666666666666,0.0
0.42715,0.0
0.583,0.0
0.4725166666666666,0.0
0.5757833333333332,0.0
0.52665,0.0
1.0362333333333331,0.0
0.3581666666666666,0.0
0.2314333333333333,0.0
