use,car
0.3833333333333333,0.0
0.23435,0.0
0.22425,0.0
0.2422166666666666,0.0
0.57155,0.0
0.5511833333333332,0.0
0.9542666666666664,0.0
0.7675,0.0
0.5262166666666666,0.0
0.3161166666666666,0.0
0.5650833333333332,0.0
0.8612666666666666,0.0
3.119,1.9533166666666668
4.414516666666667,2.86585
3.0616,1.30145
2.143133333333333,0.311
2.0295,0.09155
1.7599833333333332,0.0
1.5874833333333331,0.0
1.2683,0.0
1.3776,0.0
0.6407,0.0
0.5293166666666665,0.0
0.24195,0.0
