use,car
0.2534,0.0
0.2591166666666666,0.0
0.2641833333333333,0.0
0.26305,0.0
0.6646833333333332,0.0
0.7930666666666666,0.0
1.0429333333333333,0.0
0.63875,0.0
0.55265,0.0
0.53075,0.0
0.46065,0.0
0.43966666666666654,0.0
0.3487166666666666,0.0
0.3082333333333333,0.0
0.31035,0.0
0.3100333333333333,0.0
0.3839166666666666,0.0
0.4403,0.0
0.5255666666666666,0.0
0.39955,0.0
0.38235,0.0
0.2741833333333333,0.0
0.26455,0.0
0.4169833333333333,0.0
