use,car
0.4414,0.0
0.4197833333333333,0.0
0.5251333333333332,0.0
0.4679333333333332,0.0
0.4436,0.0
0.4339,0.0
0.42115,0.0
0.43101666666666655,0.0
0.41896666666666654,0.0
0.4322833333333333,0.0
0.63515,0.0
0.4955,0.0
0.5041833333333332,0.0
0.5056,0.0
0.4912333333333332,0.0
0.4891,0.0
0.4853,0.0
0.5002666666666666,0.0
0.48505,0.0
0.4212333333333333,0.0
0.4133833333333333,0.0
0.4357,0.0
0.4237166666666666,0.0
0.41426666666666656,0.0
