use,car
0.2819166666666666,0.0
0.2779666666666666,0.0
0.278,0.0
0.2788,0.0
0.27655,0.0
0.4391,0.0
0.5224166666666666,0.0
0.5146833333333332,0.0
0.5773833333333332,0.0
0.54665,0.0
0.7483666666666666,0.0
0.5443333333333332,0.0
0.4591166666666666,0.0
0.6,0.0
0.52795,0.0
0.9990333333333332,0.0
1.5584333333333331,0.0
2.0153,0.0
1.6072333333333333,0.0
1.8378333333333332,0.0
1.4963333333333333,0.0
1.1304333333333332,0.0
1.1213166666666667,0.0
0.6844,0.0
