use,car
0.0,0.0
6.97865,6.08485
5.2256,4.644083333333333
0.0,0.0
0.5161666666666666,0.0001
0.0,0.0
0.5286166666666666,5e-05
0.0,0.0
0.5509166666666666,0.00015
0.7413,0.0001
0.0,0.0
0.91795,0.0
0.0,0.0
1.4492833333333333,0.0
1.5149,0.0
0.0,0.0
1.7560833333333332,0.0
1.8997666666666668,0.0
2.100616666666667,5e-05
2.2133833333333333,0.00135
2.2206333333333332,0.00165
2.2104833333333334,0.0001
8.22935,6.122483333333332
5.444166666666667,4.257416666666666
