use,car
0.19016666666666665,0.0
0.237,0.0
0.18445,0.0
0.21125,0.0
0.18641666666666665,0.0
0.22273333333333328,0.0
0.71105,0.0001333333333333333
0.19306666666666664,0.0
0.21436666666666665,0.0
0.18796666666666664,0.0
0.20418333333333327,0.0
0.1690833333333333,0.0
0.2008,0.0
0.18941666666666665,0.0
0.1994,0.0
0.16625,0.0
0.19688333333333327,0.0
0.23036666666666664,0.0
0.23255,0.0
0.19776666666666665,0.0
0.37615,0.0
0.5013666666666666,0.0002
4.679,4.34585
0.2503166666666666,0.0
