use,car
0.38226666666666653,0.0
0.2563166666666666,0.0
0.2884,0.0
0.42685,0.00075
0.2600666666666666,0.0
0.2678833333333333,0.0
0.47925,0.0
0.4597,0.0
0.2852,0.0
0.23935,0.0
0.2445166666666666,0.0
0.2687333333333333,0.0
0.2432833333333333,0.0
0.2674833333333333,0.0
0.2415,0.0
0.2507333333333333,0.0
0.2382666666666666,0.0
0.5881166666666666,0.0008666666666666666
0.8769,0.0
0.7268166666666666,0.0
0.5992,0.0
0.5698833333333332,0.0
6.491233333333333,6.1149
5.494633333333333,5.13905
