use,car
10.02875,9.436166666666665
1.91315,1.2340666666666669
1.1461666666666668,0.0
0.2564333333333333,0.0
0.2606666666666666,0.0
0.24735,0.0
0.2763,0.0
0.2938833333333333,0.0
0.29255,0.0
0.46,5e-05
0.2462166666666666,0.0
0.3859833333333333,0.0
0.8301666666666666,0.0
4.317133333333333,0.00015
2.913733333333333,0.0
3.2302666666666666,0.00015
1.3985666666666667,0.0
2.54065,0.0
0.0,0.0
0.0,0.0
0.0,0.0
0.0,0.0
0.0,0.0
0.0,0.0
