use,car
0.23465,0.0
0.22473333333333328,0.0
0.22996666666666665,0.0
0.2724166666666666,0.0
0.2938,0.0
0.28125,0.0
0.5721833333333332,0.0
0.9152333333333332,0.0001666666666666667
0.85145,0.0
0.8525833333333331,0.0
0.8527666666666666,0.0
0.84175,0.0
0.8391666666666666,0.0
0.8379,0.0
0.7496,0.0
0.7593666666666666,0.0
1.1435333333333333,0.0
0.9044666666666666,0.0
1.0426,0.0
0.46255,0.0
0.7900166666666666,0.0
0.52205,0.0
6.54555,6.084716666666666
6.4024,6.118
