use,car
0.2820666666666666,0.0
0.2403666666666666,0.0
0.22253333333333328,0.0
0.25095,0.0
0.21781666666666666,0.0
0.25275,0.0
0.5774,0.0
0.3216,0.0
0.19505,0.0
0.22273333333333328,0.0
0.1964,0.0
0.22981666666666664,0.0
0.20045,0.0
0.22936666666666666,0.0
0.20478333333333326,0.0
0.2302,0.0
0.52265,0.00115
0.61715,0.0
2.54355,0.0
3.0984833333333333,0.0
3.351583333333333,0.0007
0.6765,0.0
6.621183333333333,6.0769
6.6872,6.1338
