use,car
0.2534166666666666,0.0
0.20113333333333328,0.0
0.22346666666666665,0.0
0.23105,0.0
0.20615,0.0
0.2626,0.0
0.2013,0.0
0.22106666666666666,0.0
0.2304833333333333,0.0
0.19421666666666665,0.0
0.2288333333333333,0.0
0.19378333333333328,0.0
0.21616666666666665,0.0
0.2306,0.0
0.20116666666666666,0.0
0.21695,0.0
0.19278333333333328,0.0
0.20926666666666666,0.0
0.2492666666666666,0.0
0.19883333333333328,0.0
0.21635,0.0
0.20176666666666665,0.0
0.22125,0.0
0.2407,0.0
