use,car
10.32635,9.990633333333331
0.3193833333333333,0.0
0.34665,0.0
0.41665,0.0012
0.40161666666666657,0.0003166666666666667
0.8457,0.4722666666666666
8.52985,7.88325
1.06545,0.6963166666666666
0.3844166666666666,0.0
0.3719,0.0
0.3466666666666666,0.0
0.3785333333333333,0.0
0.37135,0.0
0.3837833333333333,0.0
0.4189,0.0
0.3312833333333333,0.0
1.3636333333333333,0.0
1.1984833333333331,0.0
1.19765,0.0
1.00375,0.0
0.6167,0.0
0.37045,0.0
0.6189666666666666,0.0
0.3873333333333333,0.0
