use,car
0.8225166666666666,0.0
1.0056166666666664,0.0
0.4664833333333332,0.0
0.3933,0.0
0.7519833333333331,0.0
0.6658333333333332,0.0
0.6580166666666666,0.0
0.6097333333333332,0.0
0.8059666666666666,0.0
0.866,0.0007666666666666666
1.2513333333333332,0.0
1.4062666666666668,0.0
1.40125,0.0
2.3825833333333333,0.0
2.7636833333333333,0.00025
3.0034,0.0
2.7950833333333334,0.0
2.7587,0.0
2.4594666666666667,0.0
2.17455,0.0
1.708683333333333,0.0
1.6393166666666668,0.0
0.9491,0.0
2.118916666666667,0.0
