use,car
0.8283,0.0
0.9389166666666664,0.0
0.3579166666666666,0.0
0.84495,0.0
1.5725833333333332,0.0
1.4945666666666668,0.0
1.9474833333333332,0.00018333333333333334
1.258133333333333,0.0
0.4824333333333332,0.0006
0.4118333333333333,0.0
0.38061666666666655,0.0
0.4481833333333333,0.0
1.03545,0.0
1.2159333333333333,0.0
1.344666666666667,0.0
1.5508333333333333,0.0
1.5272,0.0
1.4204666666666668,0.0
1.4097833333333332,0.0
3.3962,0.0
4.017583333333333,0.0
3.395766666666667,0.0
2.5471,0.0
2.04025,0.0
