use,car
0.40365,0.0
0.3367333333333333,0.0
0.3968333333333333,0.0001
0.3464,0.0
0.3581333333333333,0.0
0.3615,0.0
0.45495,0.0001666666666666667
0.4320833333333333,0.0
0.7087,0.0002
0.4781166666666666,0.0
0.4542333333333333,0.0
0.4009666666666665,0.0
0.47625,0.0
0.3848833333333333,0.0
0.3181,0.0
0.4882333333333332,0.0009333333333333332
0.43435,0.0004
0.3919,0.0
0.5109,0.0001333333333333333
0.8835666666666666,0.0001
1.0273333333333332,0.0
1.0081,0.0
0.8183166666666666,0.0
0.4605333333333333,0.0
