use,car
0.4104833333333333,0.0
0.36415,0.0
0.38845,0.0
0.3862833333333333,0.0
0.3684333333333332,0.0
0.40525,0.0
0.35015,0.0
0.41325,0.0
0.38356666666666656,0.0
0.3923333333333333,0.0
0.3877833333333333,0.0
0.4126333333333333,0.0
0.8256,0.0
2.022333333333333,0.0
2.03555,0.0
2.66195,0.0
2.115883333333333,0.0
1.79825,0.0
1.70005,0.0
0.9794666666666664,0.0
0.9209,0.0
0.7420333333333331,0.0
0.5577666666666666,0.0
0.44426666666666653,0.0
