use,car
0.50695,0.0
0.5127333333333332,0.0
0.5303166666666665,0.0
0.4931333333333332,0.0
0.5521833333333332,0.0
0.4903833333333332,0.0
0.5487166666666666,0.0
0.4925,0.0
0.52265,0.0
0.5156333333333332,0.0
0.5094666666666666,0.0
0.54275,0.0
0.77245,0.0
0.9457333333333332,0.0
1.17215,0.0
1.9215166666666668,0.0
7.316716666666665,0.0
7.0611,0.0
6.6767666666666665,0.0
5.533916666666666,0.0
4.33665,0.0
3.3514833333333334,0.0
2.5606666666666666,0.0
3.00915,0.0
