use,car
0.5206,0.0
0.4838333333333332,0.0
0.4712666666666666,0.0
0.4962,0.0
0.4500833333333333,0.0
0.4969,0.0
0.4828,0.0
0.5748,0.0
0.6387166666666666,0.00018333333333333334
0.77325,0.0015166666666666666
0.7484833333333331,0.0
0.7008666666666666,0.0
0.4424,0.0
0.9886166666666664,0.0002
0.9713,0.0
0.8386333333333331,0.0
1.169,0.00275
0.9066166666666666,0.0018
0.6265,0.00055
0.3802333333333333,0.0
0.3852333333333333,0.0
0.37215,0.0001
0.4178833333333333,0.0
0.5546333333333332,0.0
