use,car
12.301783333333331,11.957033333333332
3.064966666666667,2.720566666666667
0.3190833333333333,0.0
0.3794,0.0
0.3656166666666666,0.0
0.4411,0.0012166666666666667
0.4184,0.0001
0.6709833333333332,0.0
0.5506166666666666,0.0001333333333333333
0.4012,0.0
0.6387333333333332,0.0
1.01045,0.00015
1.0168166666666667,0.0
0.9695,0.0
0.94725,0.0
0.83185,0.0
0.60345,0.0
0.81575,0.0
0.4281,0.0
0.84395,0.0001
1.26165,0.0
0.8297333333333331,0.0
0.7834,0.0001
0.6399666666666666,0.0
