use,car
0.65385,0.0
0.2903,0.0
0.2831,0.0
0.2744333333333333,0.0
0.2718166666666666,0.0
0.3013166666666666,0.0
0.2785166666666666,0.0
0.3863333333333333,0.0
0.4911833333333332,0.0
0.5285666666666666,0.0019166666666666663
2.0043,1.39215
0.3602333333333333,0.0
0.3788833333333333,0.0
0.6336166666666666,0.0
0.8579666666666667,0.0
1.7784,1.1572
0.50005,0.0
0.46005,0.0
0.4621,0.0
0.3384666666666666,0.0
0.3312666666666666,0.0
0.39186666666666653,0.0
0.3672,0.0
0.25805,0.0
