use,car
0.2896333333333333,0.0
0.285,0.0
0.2844666666666666,0.0
0.2963333333333333,0.0
0.3145666666666666,0.0
0.2929166666666666,0.0
0.27585,0.0
0.43216666666666653,0.0
0.44326666666666653,0.0
0.22951666666666665,0.0
0.2381833333333333,0.0
0.22495,0.0
0.23775,0.0
0.21518333333333328,0.0
0.21688333333333326,0.0
0.21356666666666665,0.0
0.2312666666666666,0.0
0.6734833333333332,0.3877
3.73405,3.37015
3.3025333333333333,2.861133333333333
0.551,0.0
0.5152,0.0
0.3972333333333333,0.0
0.3737,0.0
