use,car
1.77115,0.0
0.7326333333333332,0.0
0.3605666666666666,0.0
1.3673833333333332,0.0
2.104566666666667,0.0
0.3304666666666666,0.0
0.3459,0.0
1.75415,0.0
1.22725,0.0
1.739766666666667,0.0
0.6125666666666666,0.0
0.2926,0.0
0.2682666666666666,0.0
0.3807,0.0
0.3228,0.0
0.2928333333333333,0.0
0.27385,0.0
2.3851166666666668,0.0
3.309616666666667,0.0
3.56135,0.2494
2.87125,0.0
4.058716666666666,1.0278166666666668
0.9484833333333332,0.0
0.44306666666666655,0.0
