use,car
2.53035,0.0
0.3996333333333333,0.0
0.41886666666666655,0.0
0.41255,0.0
0.39611666666666656,0.0
0.38616666666666655,0.0
0.3920333333333333,0.0
0.40495,0.0
0.397,0.0
0.3966833333333333,0.0
0.5277833333333332,0.0
0.64005,0.0
0.4036333333333333,0.0
0.3929166666666665,0.0
2.532116666666667,0.0
1.601716666666667,0.0
0.4018,0.0
3.399583333333333,0.0
3.0876,0.0
1.3479166666666669,0.0
1.3931333333333331,0.0
0.4573333333333333,0.0
2.698733333333333,0.0
0.6168833333333332,0.0
