use,car
0.7490166666666666,0.0
1.7916,0.0
0.9817,0.0
0.8645833333333331,0.0
0.3082166666666666,0.0
0.9672,0.0
0.6600833333333332,0.0
0.2829666666666666,0.0
0.9234166666666664,0.0
0.6450166666666666,0.0
0.40605,0.0
0.2621833333333333,0.0
0.25665,0.0
0.2707666666666666,0.0
0.2855333333333333,0.0
0.2696,0.0
0.2809333333333333,0.0
0.40005,0.0
0.2690666666666666,0.0
0.2865333333333333,0.0
0.2761666666666666,0.0
0.2806666666666666,0.0
0.2798166666666666,0.0
1.3086833333333332,0.0
