use,car
0.9485166666666665,0.0
1.7398166666666668,0.0
1.3361666666666667,0.0
0.2786833333333333,0.0
0.29405,0.0
0.35285,0.0
1.2962166666666668,0.0
0.2763333333333333,0.0
0.2609833333333333,0.0
0.2722666666666666,0.0
0.25695,0.0
0.2822833333333333,0.0
0.2667,0.0
0.2734833333333333,0.0
0.2528833333333333,0.0
0.2416666666666666,0.0
0.2542166666666666,0.0
0.2541166666666666,0.0
0.26605,0.0
0.28405,0.0
0.4803333333333332,0.0
1.0040333333333331,0.0
0.7176166666666666,0.0
0.7198333333333332,0.0
