use,car
1.2957333333333332,0.0
1.82705,0.0
1.4872,0.0
0.32615,0.0
1.2101166666666667,0.0
0.2762333333333333,0.0
0.2693,0.0
0.2829,0.0
0.2954833333333333,0.0
0.2705666666666666,0.0
0.2760666666666666,0.0
0.2888,0.0
0.2831333333333333,0.0
0.2586666666666666,0.0
0.2596333333333333,0.0
0.2790333333333333,0.0
0.2891666666666666,0.0
0.3117,0.0
0.2812833333333333,0.0
0.2856,0.0
0.3087833333333333,0.0
0.4278,0.0
0.4047333333333333,0.0
0.37586666666666657,0.0
