use,car
0.3418,0.0
1.4002166666666669,0.0
1.778066666666667,0.0
0.5487666666666666,0.0
0.41405,0.0
0.39185,0.0
0.4279833333333333,0.0
1.1409333333333331,0.0
1.2840666666666667,0.0
0.71505,0.0
0.78965,0.0
0.8681833333333331,0.0
1.0257,0.0
2.3230166666666667,0.0
2.0923,0.0
1.7014333333333331,0.0
4.36735,2.989583333333333
4.784233333333333,3.3718166666666667
6.628816666666666,3.3657
4.071516666666667,0.53765
3.21495,0.0
2.852733333333333,0.0
1.40385,0.0
1.102933333333333,0.0
