use,car
0.3070666666666666,0.0
0.2959333333333333,0.0
0.2968833333333333,0.0
0.29615,0.0
0.296,0.0
0.3097666666666666,0.0
0.283,0.0
0.3977833333333333,0.0
0.3473333333333333,0.0
0.3830833333333333,0.0
0.2504166666666666,0.0
1.5628,0.8716166666666666
0.7199833333333332,0.0
0.7546666666666666,0.0
0.2994666666666666,0.0
0.3168,0.0
0.4007,0.0
4.47275,3.2925833333333334
1.364933333333333,0.7743
0.757633333333333,0.12755
0.66195,0.0
0.5325,0.0
0.37135,0.0
0.2934666666666666,0.0
