use,car
0.2715333333333333,0.0
0.3030666666666666,0.0
0.26925,0.0
0.2741,0.0
0.3021833333333333,0.0
0.2678666666666666,0.0
0.2693333333333333,0.0
0.37186666666666657,0.0
0.44345,0.0
0.5727166666666667,0.0
0.44645,0.0
0.4868,0.0
0.28305,0.0
0.2715833333333333,0.0
0.6937666666666666,0.0
0.24075,0.0
0.24225,0.0
3.490266666666667,3.062183333333333
4.285483333333333,3.367566666666667
2.138316666666667,0.8485
0.7166833333333332,0.0
0.64015,0.0
0.6007,0.0
0.4200833333333333,0.0
