use,car
0.2595,0.0
0.2498666666666666,0.0
0.2417166666666666,0.0
0.2421333333333333,0.0
0.22925,0.0
0.2386666666666666,0.0
0.23006666666666664,0.0
0.39176666666666654,0.0
0.47145,0.0
0.9009,0.0
0.5451333333333332,0.0
0.4656333333333332,0.0
0.3480333333333333,0.0
0.231,0.0
0.2516333333333333,0.0
0.2500333333333333,0.0
0.2778,0.0
0.23835,0.0
0.2627,0.0
0.2939166666666666,0.0
0.2594,0.0
0.3784833333333333,0.0
0.5179833333333332,0.0
0.3883666666666665,0.0
