use,car
0.2528833333333333,0.0
0.255,0.0
0.3088666666666666,0.0
0.2989666666666666,0.0
0.23635,0.0
0.2516166666666666,0.0
0.22075,0.0
0.22776666666666665,0.0
0.20326666666666665,0.0
0.21193333333333328,0.0
0.2277833333333333,0.0
0.20881666666666665,0.0
0.21136666666666665,0.0
0.2017,0.0
0.21035,0.0
0.2013,0.0
0.2366333333333333,0.0
0.2855166666666666,0.0
1.8772333333333333,1.5106666666666668
0.3670166666666666,0.0
0.5306,0.0
0.34,0.0
0.39031666666666653,0.0
0.428,0.0
