use,car
0.3073,0.0
0.2772833333333333,0.0
0.30455,0.0
0.2881,0.0
0.2727333333333333,0.0
0.28905,0.0
0.3025333333333333,0.0
0.38866666666666655,0.0
0.54355,0.0
0.43846666666666656,0.0
0.5360666666666666,0.0
0.6085166666666666,0.0
0.6157166666666666,0.0
0.58095,0.0
0.4991,0.0
0.3892,0.0
0.5016666666666666,0.0
0.5162666666666667,0.0
0.4603666666666666,0.0
0.37851666666666656,0.0
3.7772333333333328,3.327516666666667
3.7496666666666663,3.3738
3.6876166666666665,3.367
1.4254,1.0852833333333332
