use,car
0.3316833333333333,0.0
0.27415,0.0
0.2796333333333333,0.0
0.305,0.0
0.2735166666666666,0.0
0.2845666666666666,0.0
0.2725666666666666,0.0
0.2624833333333333,0.0
0.65225,0.0
0.9464,0.0
0.5514,0.0
0.5499,0.0
0.53415,0.0
1.0044833333333332,0.0
1.3342,0.0
0.83815,0.0
0.8959,0.0
0.7038166666666666,0.0
0.7262833333333332,0.0
0.6550166666666666,0.0
0.512,0.0
0.40535,0.0
0.4021,0.0
0.3304333333333333,0.0
