use,car
0.2629,0.0
0.22445,0.0
0.22745,0.0
0.8428,0.0
0.2005,0.0
0.2581833333333333,0.0
0.60735,0.0
0.3496666666666666,0.0
0.44631666666666653,0.0
1.114933333333333,0.0
1.8435333333333332,0.0
1.0097166666666664,0.0
1.1094,0.0
1.0609333333333333,0.0
3.0039,0.0
1.0651666666666668,0.0
0.9991166666666664,0.0
1.1312,0.0
1.4730666666666667,0.0
1.6133,0.0
1.8117666666666667,0.0
0.9828333333333332,0.0
0.9582166666666664,0.0
0.8961,0.0
