use,car
0.4373333333333333,0.0
0.8589833333333331,0.0
0.2503166666666666,0.0
0.19861666666666666,0.0
0.6546666666666666,0.0
0.2634666666666666,0.0
0.7246166666666665,0.0
0.3516666666666666,0.0
0.2754333333333333,0.0
0.7710333333333331,0.0
0.2266333333333333,0.0
0.4438833333333333,0.0
2.26745,0.0
1.00805,0.0
0.7204166666666666,0.0
1.150116666666667,0.0
0.9847,0.0
1.0154,0.0
2.5883833333333333,0.0
2.4481333333333333,0.0
1.71685,0.0
0.9763666666666664,0.0
0.6354666666666666,0.0
0.61265,0.0
