use,car
1.390016666666667,0.0
0.28545,0.0
0.7674666666666666,0.0
1.0302333333333331,0.0
0.2752666666666666,0.0
0.2342,0.0
1.4166833333333333,0.0
0.97135,0.0
1.6918833333333332,0.0
2.01395,0.0
1.5506833333333332,0.0
1.510133333333333,0.0
2.9507166666666667,0.0
2.6811833333333333,0.0
2.316183333333333,0.0
1.8822666666666668,0.0
4.66505,0.0
2.62475,0.0
1.413166666666667,0.0
2.377483333333333,0.0
0.9637333333333332,0.0
1.5824333333333331,0.0
0.43436666666666657,0.0
1.3352833333333332,0.0
