use,car
0.2285833333333333,0.0
0.19291666666666665,0.0
0.2483,0.0
0.20043333333333327,0.0
0.1964833333333333,0.0
0.2332833333333333,0.0
0.5299,0.0
0.5841,0.0
0.8082666666666666,0.0
0.6681833333333332,0.0
0.2421333333333333,0.0
0.28095,0.0
0.6283833333333332,0.0
0.2892833333333333,0.0
0.3368833333333333,0.0
0.2372333333333333,0.0
0.6345666666666666,0.0
0.5337833333333332,0.0
0.6067333333333332,0.0
0.7354666666666665,0.0
0.50695,0.0
0.3044,0.0
0.19998333333333326,0.0
0.3860833333333333,0.0
