use,car
2.095416666666667,0.0
2.5658166666666666,0.0
1.5798,0.0
1.774333333333333,0.0
1.6263,0.0
1.1157666666666668,0.0
0.649,0.0
1.488716666666667,0.0
0.8673333333333331,0.0
0.36128333333333323,0.0
0.4711833333333332,0.0
0.5470833333333333,0.0
0.5104,0.0
2.7699833333333332,0.0
3.4203333333333332,0.0
3.016433333333333,0.0
2.55875,0.0
3.026616666666667,0.0
1.9959166666666668,0.0
2.8822666666666668,0.0
1.05755,0.0
2.1992833333333333,0.0
1.12765,0.0
1.0972666666666668,0.0
