use,car
0.8516333333333331,0.0
0.7607333333333332,0.0
1.198,0.0
0.2479166666666666,0.0
0.19583333333333328,0.0
0.19578333333333328,0.0
0.9564833333333332,0.0
1.0986833333333332,0.0
1.6693,0.0
2.275183333333333,0.0
1.02715,0.0
0.7621,0.0
1.1232,0.0
1.6649666666666667,0.0
1.098933333333333,0.0
2.64875,0.0
2.4797333333333333,0.0
1.3339166666666669,0.0
1.9560666666666668,0.0
1.47835,0.0
2.67,0.0
1.17135,0.0
1.63415,0.0
1.3625666666666667,0.0
