use,car
0.9974833333333332,0.0
1.14925,0.0
1.0183666666666669,0.0
1.2525,0.0
1.0043,0.0
1.2029666666666667,0.0
0.2792,0.0
1.6837333333333333,0.0
1.1602666666666668,0.0
1.826633333333333,0.0
1.4915166666666668,0.0
0.39405,0.0
0.41385,0.0
1.3916833333333332,0.0
3.050816666666667,0.0
2.424666666666667,0.0
0.31845,0.0
0.5739833333333332,0.0
2.93255,0.0
2.8425166666666666,0.0
2.765283333333333,0.0
1.5782166666666668,0.0
2.112083333333333,0.0
0.7240666666666665,0.0
