use,car
0.51755,0.0
1.53065,0.0
0.1653833333333333,0.0
0.3072,0.0
1.4500333333333333,0.0
0.2693166666666666,0.0
0.3102333333333333,0.0
0.3001833333333333,0.0
0.2789333333333333,0.0
0.2830833333333333,0.0
0.2917833333333333,0.0
0.30755,0.0
0.3379833333333333,0.0
0.3552333333333333,0.0
0.3832,0.0
0.47695,0.0
0.3625666666666666,0.0
0.29065,0.0
0.27465,0.0
0.3113,0.0
0.2994666666666666,0.0
0.2751,0.0
0.27365,0.0
0.2891166666666666,0.0
