use,car
0.2922,0.0
0.3105333333333333,0.0
0.28025,0.0
0.277,0.0
0.2749,0.0
0.31185,0.0
0.2956666666666666,0.0
0.2761333333333333,0.0
0.2717,0.0
0.2965833333333333,0.0
0.31335,0.0
0.2923666666666666,0.0
0.2800833333333333,0.0
0.2782833333333333,0.0
0.3123166666666666,0.0
0.2888833333333333,0.0
0.27315,0.0
0.2669166666666666,0.0
0.2986333333333333,0.0
0.2986166666666666,0.0
0.26955,0.0
0.26755,0.0
0.2927166666666666,0.0
0.3065833333333333,0.0
