use,car
0.2728833333333333,0.0
0.2724333333333333,0.0
0.2858666666666666,0.0
0.30775,0.0
0.2816666666666666,0.0
0.2733166666666666,0.0
0.27045,0.0
0.2976166666666666,0.0
0.3004666666666666,0.0
0.2713,0.0
0.2718166666666666,0.0
0.2920833333333333,0.0
0.3134666666666666,0.0
0.28295,0.0
0.279,0.0
0.4673666666666666,0.0
1.1075833333333331,0.0
0.27725,0.0
0.2688833333333333,0.0
0.26855,0.0
0.2985,0.0
0.2943166666666666,0.0
0.2693833333333333,0.0
0.2662833333333333,0.0
