use,car
0.22856666666666664,0.0
0.2438,0.0
0.22431666666666664,0.0
0.20116666666666666,0.0
0.20455,0.0
0.2354,0.0
0.2967666666666666,0.0
0.5794166666666666,0.0
0.8015,0.0
0.6280333333333332,0.0
0.40255,0.0
0.3413166666666666,0.0
0.3767333333333333,0.0
0.32185,0.0
0.32355,0.0
0.3507,0.0
0.3225,0.0
0.7882833333333331,0.0
1.3150666666666668,0.0
0.9089,0.0
0.6459166666666666,0.0
0.5984333333333332,0.0
0.9923333333333332,0.0
1.5119166666666668,0.0
