use,car
0.39761666666666656,0.0
0.6862166666666666,0.0
0.25805,0.0
1.0748,0.0
0.21311666666666665,0.0
0.265,0.0
0.20058333333333328,0.0
0.58775,0.0
1.5245833333333332,0.0
3.523333333333333,0.0
2.213,0.0
0.9036333333333332,0.0
0.3347166666666666,0.0
0.4063833333333333,0.0
0.3408333333333333,0.0
0.3493666666666666,0.0
0.3315666666666666,0.0
2.015966666666667,0.0
2.195133333333333,0.0
1.94495,0.0
2.4908333333333332,0.0
0.7907333333333331,0.0
0.7644,0.0
0.3240166666666666,0.0
