use,car
0.2577833333333333,0.0
0.8541833333333331,0.0
0.61315,0.0
0.1694833333333333,0.0
0.2593166666666666,0.0
0.18576666666666666,0.0
0.2468833333333333,0.0
1.492983333333333,0.0
0.6578333333333332,0.0
2.1768,0.0
1.2096833333333332,0.0
0.20273333333333327,0.0
0.2908,0.0
0.3565666666666666,0.0
0.3791833333333333,0.0
0.27895,0.0
0.1855,0.0
0.2434166666666666,0.0
1.7353666666666667,0.0
0.68615,0.0
1.1149166666666668,0.0
1.50285,0.0
3.4840833333333334,0.0
0.3293,0.0
