use,car
0.40976666666666656,0.0
0.2477666666666666,0.0
1.4131,0.0
0.5767166666666667,0.0
0.27875,0.0
0.16606666666666664,0.0
0.2633333333333333,0.0
0.5611666666666666,0.0
1.275116666666667,0.0
0.3446166666666666,0.0
0.2797,0.0
0.2372333333333333,0.0
3.4768833333333333,2.719883333333333
4.6431,3.3443
5.241366666666666,2.618266666666667
1.5334,0.0
1.4228166666666668,0.0
1.5631166666666667,0.0
0.8115833333333331,0.0
1.2836833333333333,0.0
2.17905,0.0
1.38835,0.0
0.77705,0.0
0.7204,0.0
