use,car
0.5392166666666666,0.0
0.3594833333333333,0.0
0.21315,0.0
0.3625666666666666,0.0
0.37335,0.0
0.2710166666666666,0.0
0.37265,0.0
0.19883333333333328,0.0
0.5308166666666666,0.0
0.5255833333333332,0.0
0.9923,0.0
0.9246666666666664,0.0
1.3553833333333332,0.0
0.9434833333333332,0.0
0.8097333333333331,0.0
0.7758666666666666,0.0
0.8440166666666666,0.0
1.6921333333333333,0.2326333333333333
1.9195,0.0
2.710633333333333,0.0
2.64365,0.0
2.0090166666666667,0.0
0.8777,0.0
1.3993833333333332,0.0
