use,car
0.44715,0.0
0.2537833333333333,0.0
0.2422,0.0
0.2362166666666666,0.0
0.29855,0.0
0.5761,0.0
0.4778166666666666,0.0
0.2336666666666666,0.0
0.3420666666666666,0.0
0.4774333333333332,0.0
0.4649833333333332,0.0
0.6377833333333331,0.0
0.8773333333333331,0.0
0.6513166666666667,0.0
0.4201333333333333,0.0
0.40221666666666656,0.0
0.8682166666666666,0.0
0.75295,0.0
0.6096,0.0
0.6548833333333332,0.0
0.7320833333333332,0.0
0.7255833333333332,0.0
0.5207,0.0
0.40121666666666655,0.0
