use,car
0.19145,0.0
0.2564666666666666,0.0
0.17946666666666666,0.0
0.2404333333333333,0.0
0.2161,0.0
0.2015333333333333,0.0
0.24905,0.0
0.1701833333333333,0.0
0.2575,0.0
0.22318333333333326,0.0
0.26095,0.0
0.2835333333333333,0.0
0.2657666666666666,0.0
0.3379,0.0
0.24455,0.0
0.2984,0.0
0.2398,0.0
0.22236666666666666,0.0
0.2573833333333333,0.0
0.65665,0.0
1.51175,0.0
0.19273333333333328,0.0
0.2419833333333333,0.0
0.2156333333333333,0.0
