use,car
0.2529666666666666,0.0
0.1773833333333333,0.0
0.2768,0.0
0.2726333333333333,0.0
0.43115,0.0
0.25585,0.0
0.20508333333333328,0.0
0.21583333333333327,0.0
0.2457,0.0
0.18908333333333327,0.0
0.27375,0.0
0.246,0.0
0.2629333333333333,0.0
0.2759,0.0
0.21326666666666666,0.0
0.2699,0.0
0.18426666666666663,0.0
0.2412,0.0
0.21695,0.0
0.2041,0.0
0.2544166666666666,0.0
0.2734166666666666,0.0
0.39225,0.0
0.4173333333333333,0.0
