use,car
0.23855,0.0
0.18481666666666666,0.0
0.20416666666666666,0.0
0.20531666666666665,0.0
0.19671666666666665,0.0
0.17765,0.0
0.17796666666666666,0.0
0.18811666666666665,0.0
0.6046,0.0
0.42215,0.0021666666666666666
0.2406833333333333,0.0
0.20788333333333328,0.0
0.9631166666666664,0.7369
3.7136333333333327,3.209483333333333
0.58245,0.0
0.7469166666666666,0.0
0.8939833333333331,0.0
0.7463,0.0
3.1503666666666668,0.0
0.8642,0.0
0.3597,0.0
0.3393333333333333,0.0
0.3328,0.0
0.2987333333333333,0.0
