use,car
0.20656666666666665,0.0
0.20531666666666665,0.0
0.20106666666666664,0.0
0.19861666666666666,0.0
0.19825,0.0
0.2177,0.0
0.19956666666666664,0.0
0.18855,0.0
0.3331166666666666,0.0
0.44145,0.0
0.3262666666666666,0.0
0.2661,0.0
0.3198166666666666,0.0
0.31285,0.0
0.44896666666666657,0.0
0.23046666666666665,0.0
0.3324666666666666,0.0
0.3345,0.0
0.3497333333333333,0.0
1.1605833333333333,0.0
1.2522333333333333,0.0
0.6453333333333332,0.0
0.2748333333333333,0.0
0.3246833333333333,0.0
