use,car
0.4932333333333332,0.0
0.3018,0.0
0.2516,0.0
0.2616833333333333,0.0
0.3023,0.0
0.2353166666666666,0.0
0.2330166666666666,0.0
0.31125,0.0
0.7180166666666666,0.0
1.0317666666666667,0.0
0.838283333333333,0.0
0.6799,0.0
1.9974666666666667,0.0
1.5375666666666667,0.0
1.5025666666666668,0.0
1.7498,0.0
0.9408,0.0
0.7586833333333332,0.0
1.0722333333333331,0.0
1.07075,0.0
0.6199833333333332,0.0
0.4654666666666666,0.0
0.531,0.0
0.37065,0.0
