use,car
1.3997666666666668,0.0017
0.86695,0.0
0.7888166666666666,0.0017166666666666667
0.60915,0.0
3.2202,2.7009166666666666
1.1545,0.72255
0.5950833333333332,0.0
0.7262,0.0
0.5964666666666666,0.0
0.50075,0.0
0.5480666666666666,0.0
0.5692333333333331,0.0
0.5194333333333332,0.0
0.54,0.0
0.5578166666666666,0.0
0.7021,0.0
1.0661833333333333,0.0
1.1807,0.0
1.5208,0.00965
2.13885,0.0037166666666666663
1.7198,0.0018166666666666663
2.0486,0.0
2.59865,0.0
1.5818166666666669,0.0017
