use,car
2.526133333333333,0.0
2.26185,0.0
2.3242833333333333,0.0
1.39785,0.0
2.076083333333333,0.0
1.4989,0.0
1.8598,0.0
1.07275,0.0
0.6255666666666666,0.0
0.5181166666666666,0.0
0.5491333333333333,0.0
1.29295,0.0
1.2487666666666668,0.0
1.28145,0.0
2.5594,0.0
4.206983333333333,0.0
3.6299,0.0
3.6059833333333327,0.0
3.2270333333333334,0.010366666666666666
4.11975,0.0036166666666666665
3.9436,0.00185
3.6966666666666663,0.0
3.554066666666667,0.0
3.2228166666666667,0.0017
