use,car
2.07195,0.0016166666666666666
1.7064166666666667,0.0016833333333333331
1.44675,0.0
1.51005,0.0
3.58295,1.7997833333333333
1.85135,0.6998666666666666
1.6391666666666669,0.0
0.7042,0.0
0.7830833333333331,0.0002
0.59275,0.0
0.6761666666666666,0.0
0.66585,0.0
1.0956,0.0
1.90835,0.0
1.3399,0.0
2.2887166666666667,0.0
0.662,0.0
0.5516833333333332,0.0
3.4987,0.0020166666666666666
3.9141666666666666,0.0074
3.6359666666666666,0.00535
3.62255,0.0
2.912783333333333,0.0
2.8870666666666667,0.00165
