use,car
3.5675,0.0
2.979483333333333,0.0
3.3645,6.666666666666666e-05
2.180483333333333,0.0
1.2485666666666668,0.0
1.1648,0.0
1.4972666666666667,0.0
1.1614,0.0
0.766,0.0
0.78,0.0
0.7722833333333331,0.0
0.7908,0.0
0.8930166666666666,0.0
1.2337,0.0
1.8009166666666667,0.0
2.0012,0.00095
2.86175,0.0
2.125183333333333,0.0
1.3098666666666667,0.0
1.7379,0.0
2.4226666666666667,0.0
2.405133333333333,0.0
1.4376666666666669,0.0
2.9057666666666666,0.0
