use,car
1.7212833333333333,0.0
0.9149166666666666,0.0
0.8695,0.0
0.53315,0.0
0.6398,0.0
0.42376666666666657,0.0
0.4459,0.0
0.7777666666666666,0.0
0.8050833333333332,0.0
0.74505,0.0
1.34075,0.0
0.89385,0.0
0.873533333333333,8.333333333333332e-05
0.8554833333333332,0.0
0.9063,0.0001
1.1564,0.0
4.237616666666667,0.0001666666666666667
2.666783333333333,0.0
1.0036666666666665,0.0
0.8309166666666666,0.0
0.43775,0.0
1.2703,0.0036166666666666665
1.5708,0.0074
1.2946666666666669,0.0035333333333333328
