use,car
0.42031666666666656,0.0
0.3428833333333333,0.0
0.4111166666666666,0.0
0.34785,0.0
0.40055,0.0
0.3524166666666666,0.0
0.3922333333333333,0.0
0.3724,0.0
0.59835,0.0
0.7892333333333331,0.0
0.7941166666666666,0.0
0.7551,0.0
0.7433,0.0
0.8164833333333331,0.00018333333333333334
0.7501166666666667,0.0
0.7601833333333331,0.0
0.7514166666666666,0.0
0.7614666666666666,0.0
0.7422666666666666,0.0
0.8125333333333331,0.0
0.8445333333333331,0.0
0.80755,0.0
0.7665,0.0
0.6162166666666666,0.0
