use,car
6.707116666666667,0.0
5.767016666666667,0.0
5.5876,0.0
5.617583333333333,0.0
5.6712,0.0
5.6432,0.0
3.2459333333333333,0.0
1.87705,0.0
2.1430333333333333,0.0
2.737633333333333,0.0
0.5231166666666666,0.0
0.5262333333333332,0.0
0.51615,0.0
0.5059333333333332,0.0
0.4903,0.0
0.5288666666666666,0.0
0.49535,0.0
0.4926166666666666,0.0
0.6857666666666666,0.0
0.9243666666666664,0.0003333333333333333
1.0476333333333332,0.0
1.1910333333333332,0.0
4.02155,0.0
1.7555333333333332,0.0
