use,car
1.3751166666666668,0.0
0.4383333333333333,0.0
0.44115,0.0
1.25545,0.0
0.4419833333333333,0.0
0.4418833333333333,0.0
1.25625,0.0
0.8414,0.0
1.5522833333333332,0.0002
1.6381166666666669,0.0
0.8179166666666666,0.0
0.7992,0.0
1.614,0.0
0.7720166666666666,0.0
0.7665833333333331,0.0
0.7582833333333331,0.0
1.0000833333333332,0.0
2.598466666666667,0.0
2.2152,0.0003
1.926316666666667,0.0
2.5893333333333333,0.0
1.7798333333333332,0.0
2.269883333333333,0.00055
3.0694166666666667,0.0
