use,car
0.8710166666666666,0.0
0.6357,0.0
0.5975,0.0
0.59905,0.0
0.6111,0.0
0.601,0.0
0.61975,0.0
0.8224666666666666,0.00065
1.2341,0.0
2.9927333333333332,0.0002
1.4521833333333332,0.0
2.59955,0.0
1.3237,0.0
1.6241,0.0001
1.7857166666666668,0.0002
1.4566,0.0
1.4306166666666669,0.0
1.51615,5e-05
1.5183166666666668,0.0
1.4097333333333333,0.0
1.6833,0.0
2.02695,5e-05
1.44325,0.0
1.59715,5e-05
