use,car
0.4392666666666665,0.0
0.44541666666666657,0.0
0.4443166666666665,0.0
0.4425,0.0
0.4393,0.0
0.44265,0.0
0.4451333333333333,0.0
0.4496833333333333,0.0
0.4467,0.0
0.43766666666666654,0.0
0.4288,0.0
0.4385833333333333,0.0
0.43391666666666656,0.0
0.4378333333333333,0.0
0.4310333333333333,0.0
0.4366333333333333,0.0
0.4314,0.0
0.4331333333333333,0.0
0.4436,0.0
0.43575,0.0
0.43235,0.0
0.43335,0.0
0.44185,0.0
0.4416833333333333,0.0
