use,car
0.5233333333333332,0.0
0.5361,0.0
0.5364,0.0
0.53795,0.0
0.5395333333333332,0.0
0.5312666666666666,0.0
0.5757333333333332,0.0
0.5486833333333332,0.0
0.5345666666666666,0.0
0.5189666666666666,0.0
0.5250833333333332,0.0
0.5327166666666666,0.0
0.5436833333333332,0.0
0.5348833333333332,0.0
0.5358,0.0
0.5170333333333332,0.0
0.5264333333333332,0.0
0.5229,0.0
0.5348333333333332,0.0
0.5309,0.0
0.9713666666666664,0.0
2.3150666666666666,0.0017
3.0362666666666667,0.0003
1.0979666666666668,0.0
