use,car
0.22245,0.0
0.21881666666666666,0.0
0.2216833333333333,0.0
0.23011666666666666,0.0
0.22351666666666664,0.0
0.21336666666666665,0.0
0.2344833333333333,0.0
0.20911666666666665,0.0
0.21958333333333327,0.0
0.21593333333333328,0.0
0.21743333333333328,0.0
0.223,0.0
0.20825,0.0
0.22316666666666665,0.0
0.22405,0.0
1.5154,0.0
2.115966666666667,0.002
0.5652833333333332,0.0007
0.2353833333333333,0.0
0.22086666666666666,0.0
0.22951666666666665,0.0
0.2310333333333333,0.0
0.23965,0.0
0.24585,0.0
