use,car
0.2418166666666666,0.0
0.2675666666666666,0.0
0.2285833333333333,0.0
0.2631833333333333,0.0
0.2592166666666666,0.0
0.25155,0.0
0.25855,0.0
0.2645666666666666,0.0
0.2411,0.0
0.2532666666666666,0.0
0.2427,0.0
0.22566666666666665,0.0
0.21231666666666665,0.0
0.1981,0.0
0.20455,0.0
0.196,0.0
0.2718166666666666,0.0
1.2098666666666669,0.0
3.1744,0.0
4.0421,0.0
2.944716666666667,0.0
3.7536,0.0
2.92285,0.0
3.195866666666667,0.0
