use,car
0.7129333333333332,0.0
0.6901333333333332,0.0
0.6941666666666666,0.0
0.7114333333333333,0.0
0.4842666666666666,0.0
0.6906333333333332,0.0
0.90705,0.0
0.9799,0.0
0.80065,0.0
0.5573166666666666,0.0
0.5033666666666666,0.0
0.4903166666666666,0.0
0.5142333333333332,0.0
0.5122666666666666,0.0
0.53015,0.0
0.5254833333333332,0.0
0.5067833333333333,0.0
0.5050666666666666,0.0
0.70285,0.0
0.7948,0.0
0.8505833333333331,0.0
1.1607333333333332,0.0
2.87735,0.0
0.8405166666666666,0.0
