use,car
2.49755,0.0
1.0931666666666668,0.0
0.8300333333333331,0.0
0.8248,0.0
0.7146333333333332,0.0
0.7170833333333332,0.0
0.9604833333333332,0.0
0.8028,0.0
1.0206333333333333,0.0
1.0797,0.0
0.4640833333333332,0.0
0.48185,0.0
0.4925833333333332,0.0
0.4947666666666666,0.0
0.4988666666666666,0.0
0.5041333333333332,0.0
0.4871333333333332,0.0
0.7440666666666667,0.0
0.7159666666666666,0.0
0.4967666666666666,0.0
0.8757333333333331,0.0
1.10315,0.0
1.9006333333333332,0.0
1.7297833333333332,0.0
