use,car
0.39455,0.0
0.39431666666666654,0.0
0.3934833333333333,0.0
0.39315,0.0
0.39105,0.0
0.40015,0.0
0.7247333333333332,0.0
0.8041666666666666,0.0
0.7612666666666666,0.0
0.44295,0.0
0.39301666666666657,0.0
0.3928333333333333,0.0
0.4149333333333333,0.0
0.39766666666666656,0.0
0.4108,0.0
0.3979333333333333,0.0
0.3956333333333333,0.0
0.44665,0.0
0.4902333333333332,0.0
1.0943,0.0
1.0765333333333331,0.0
0.5240333333333332,0.0
0.47595,0.0
0.4126,0.0
