use,car
1.1066,0.0
1.1827833333333333,0.0
0.943,0.0
1.13245,0.0
0.9400666666666664,0.0
0.9508833333333332,0.0
1.29745,0.0
1.1791,0.0
0.8077,0.0
0.9963333333333332,0.0
1.3679333333333332,0.0
1.3315833333333331,0.0
1.3769333333333331,0.0
1.5578666666666667,0.0
1.62275,0.0
1.6671833333333332,0.0
1.7126,0.0
1.7080333333333333,0.0
1.68125,0.0
2.8693166666666667,0.0
3.243733333333333,0.0
1.6602833333333331,0.0
1.59615,0.0
1.3256666666666668,0.0
