use,car
2.3234166666666667,0.0
2.1028333333333333,0.0
2.2641,0.0
2.035416666666667,0.0
1.7533,0.0
0.6617333333333332,0.0
0.9441333333333332,0.0
0.9937,0.0
0.6711666666666666,0.0
0.5960666666666666,0.0
0.6270333333333332,0.0
1.0181666666666669,0.0
0.7881666666666666,0.0
1.1608166666666668,0.0
1.29685,0.0
1.4269833333333333,0.0
1.5894,0.0
1.5640333333333332,0.0
1.544,0.0
1.4016833333333332,0.0
1.8270666666666668,0.0
1.6011333333333333,0.0
1.32685,0.0
1.0969833333333332,0.0
