use,car
2.218933333333333,0.0
2.223133333333333,0.0
2.232466666666667,0.0
2.0394666666666668,0.0
2.049583333333333,0.0
2.110716666666667,0.0
2.436633333333333,0.0
1.871983333333333,0.0
0.5033666666666666,0.0
0.4668,0.0
0.49175,0.0
0.4949,0.0
0.5269833333333332,0.0
0.5107833333333331,0.0
0.5333333333333332,0.0
0.53685,0.0
0.5188333333333331,0.0
0.5027666666666666,0.0
0.55755,0.0
0.6245666666666666,0.0
0.9533333333333333,0.0
0.97435,0.0
1.0867833333333332,0.0
3.368466666666667,0.0
