use,car
3.7056166666666663,0.0
4.386983333333333,0.0
2.9240833333333334,0.0
1.8085166666666668,0.0
1.73605,0.0
1.3533166666666667,0.0
1.4048166666666668,0.0
1.1994,0.0
0.6638166666666666,0.0
0.9701333333333332,0.0
0.9894666666666664,0.0
0.9624666666666664,0.0
0.9686833333333332,0.0
0.9593833333333333,0.0
2.2538666666666667,0.0
3.290433333333333,0.0
3.035216666666667,0.0
3.3207166666666668,0.0
2.9368,0.0
0.7997,0.0
0.8563,0.0
1.0766666666666669,0.0
2.0944333333333334,0.0
4.454666666666666,0.0
