use,car
5.056616666666667,0.0
3.2456,0.0
2.885133333333333,0.0
2.7739833333333332,0.0
2.716266666666667,0.0
2.703066666666667,0.0
2.642383333333333,0.0
2.418166666666667,0.0
2.650333333333333,0.0
2.81165,0.0
2.3097333333333334,0.0
2.349683333333333,0.0
2.442566666666667,0.0
2.7455166666666666,0.0
3.3505,0.0
3.6063166666666664,0.0
2.808266666666667,0.0
3.4289,0.0
3.2173333333333334,0.0
2.4065,0.0
1.2232166666666668,0.0
1.1506666666666667,0.0
1.866083333333333,0.0
3.2368333333333332,0.0
