use,car
2.996433333333333,0.0
1.8222833333333333,0.0
1.6296833333333332,0.0
1.20035,0.0
1.31,0.0
1.3114,0.0
1.4600333333333333,0.0
0.9796333333333332,0.0
1.015,0.0
0.85285,0.0
0.745483333333333,0.0
0.44811666666666655,0.0
0.4798,0.0
0.4514333333333333,0.0
0.4762166666666666,0.0
0.4849166666666666,0.0
0.4837666666666666,0.0
0.4742833333333332,0.0
0.5082,0.0
0.6375666666666666,0.0
1.193733333333333,0.0
1.2236333333333331,0.0
3.1584,0.0
3.7537666666666665,0.0
