use,car
5.253983333333333,0.0
5.149,0.0
4.881083333333333,0.0
2.86165,0.0
1.580833333333333,0.0
1.35285,0.0
1.47555,0.0
1.3954666666666669,0.0
2.110066666666667,0.0
0.8947833333333332,0.0
0.8141,0.0
0.7718,0.0
0.6921333333333332,0.0
0.6669833333333332,0.0
0.98445,0.0
1.6714833333333332,0.0
1.9541833333333332,0.0
3.0231166666666667,0.0
1.6007,0.0
1.0869166666666668,0.0
1.105716666666667,0.0
2.1482,0.0
3.53385,0.0
3.453533333333333,0.0
