use,car
1.13145,0.0
1.08855,0.0
1.018,0.0
0.7484166666666666,0.0
0.7483666666666666,0.0
0.7385666666666666,0.0
0.9074333333333332,0.0
1.2039833333333332,0.0
0.6797,0.0
0.5713,0.0
0.5692666666666666,0.0
0.582,0.0
0.62795,0.0
0.7134166666666666,0.0
0.62565,0.0
0.5933166666666666,0.0
0.5768666666666666,0.0
0.5979,0.0
0.5836833333333332,0.0
2.1381,0.0
1.7539333333333331,0.0
1.43465,0.0
5.36745,0.0
3.4653666666666667,0.0
