use,car
3.237233333333333,0.0
3.317016666666667,0.0
3.10195,0.0
2.97455,0.0
3.0090833333333333,0.0
2.790916666666667,0.0
1.1072166666666667,0.0
0.8559333333333331,0.0
0.5365166666666666,0.0
0.5495333333333332,0.0
0.5342666666666666,0.0
0.4711166666666666,0.0
0.52385,0.0
0.5032333333333332,0.0
0.5178333333333331,0.0
0.5050166666666666,0.0
0.5059333333333332,0.0
1.4889166666666669,0.0
1.492916666666667,0.0
1.20645,0.0
3.0763,0.0
3.7309666666666663,0.0
5.235533333333333,0.0
5.192083333333333,0.0
