use,car
5.1520166666666665,0.0
4.7985,0.0
3.0563333333333333,0.0
3.002283333333333,0.0
3.1089,0.0
2.989666666666667,0.0
2.683333333333333,0.0
2.042316666666667,0.0
0.6623333333333332,0.0
0.6252166666666666,0.0
0.6014666666666666,0.0
0.5635166666666666,0.0
0.5939333333333332,0.0
0.5834166666666666,0.0
0.59135,0.0
0.5737833333333332,0.0
0.5779333333333332,0.0
0.5744,0.0
0.56205,0.0
0.6132333333333332,0.0
0.9222833333333332,0.0
0.68695,0.0
2.171683333333333,0.0
4.706583333333333,0.0
