use,car
5.0611,0.0
3.45855,0.0
3.1039833333333333,0.0
2.9751833333333333,0.0
2.0286166666666667,0.0
1.5472,0.0
1.341883333333333,0.0
1.2155166666666668,0.0
0.8965166666666666,0.0
0.8762833333333331,0.0
0.7530666666666666,0.0
0.67105,0.0
0.7479666666666666,0.0
2.24075,0.0
2.8952666666666667,0.0
0.6014833333333331,0.0
2.47365,0.0
3.8763,0.0
3.1626166666666666,0.0
2.1926666666666668,0.0
3.576366666666667,0.0
2.541466666666667,0.0
3.5067833333333334,0.0
3.77405,0.0
