use,car
2.508566666666667,0.0
2.666783333333333,0.0
3.8523,0.0
3.5301666666666667,0.0
1.8990333333333331,0.0
1.8654333333333333,0.0
2.003416666666667,0.0
1.9153833333333332,0.0
1.6508,0.0
1.07365,0.0
1.7028,0.0
1.8796833333333332,0.0
2.31475,0.0
2.68575,0.0
2.5935333333333332,0.0
3.0852833333333334,0.0
5.057216666666666,0.0
4.140533333333333,0.0
2.604833333333333,0.0
2.224216666666667,0.0
2.001316666666667,0.0
2.0314,0.0
5.498766666666667,0.0
5.294866666666667,0.0
