use,car
3.815816666666666,0.0
2.3745833333333333,0.0
1.7830166666666667,0.0
1.7649,0.0
1.7588,0.0
1.5744,0.0
1.207466666666667,0.0
1.1444833333333333,0.0
0.80985,0.0
0.9728,0.0
1.7271833333333333,0.0
1.3564166666666668,0.0
1.5485,0.0
1.9752833333333333,0.0
1.9120333333333333,0.0
1.8897166666666667,0.0
2.15355,0.0
2.308183333333333,0.0
2.0227,0.0
4.70145,0.0
5.19455,0.0
4.536366666666666,0.0
3.491883333333333,0.0
3.203733333333333,0.0
