use,car
1.3664166666666668,0.0
1.3211666666666668,0.0
1.1297333333333333,0.0
1.17985,0.0
1.16185,0.0
1.1373166666666668,0.0
0.8891166666666666,0.0
1.147166666666667,0.0
1.017016666666667,0.0
1.5068,0.0
1.9092166666666668,0.0
2.3333833333333334,0.0
2.66925,0.0
2.6327833333333333,0.0
2.633033333333333,0.0
2.45945,0.0
2.49655,0.0
2.638183333333333,0.0
2.7006666666666668,0.0
2.717366666666667,0.0
2.761883333333333,0.0
2.564916666666667,0.0
2.2373833333333333,0.0
1.5635666666666668,0.0
