use,car
3.7797333333333327,0.0
3.771283333333333,0.0
3.7240666666666664,0.0
2.424933333333333,0.0
1.8532166666666667,0.0
2.1712833333333332,0.0
2.1215,0.0
2.0267833333333334,0.0
1.5584333333333331,0.0
0.8647166666666666,0.0
0.8473666666666666,0.0
0.8744166666666666,0.0
0.9575166666666663,0.0
1.1579666666666668,0.0
1.4505666666666668,0.0
2.0601833333333333,0.0
3.1656166666666667,0.0
3.84965,0.0
2.2912,0.0
3.3404,0.0
3.8870166666666663,0.0
3.8492166666666665,0.0
5.0072,0.0
5.27645,0.0
