use,car
1.9079333333333333,0.0
1.5108,0.0
1.4102,0.0
1.3661166666666669,0.0
1.3148333333333333,0.0
1.3027166666666667,0.0
1.2842,0.0
1.24245,0.0
1.19,0.0
1.43345,0.0
1.8696333333333333,0.0
2.38285,0.0
2.745916666666667,0.0
2.6999666666666666,0.0
2.63375,0.0
2.56605,0.0
2.65365,0.0
2.6578,0.0
2.629083333333333,0.0
2.542133333333333,0.0
2.6160666666666668,0.0
2.4642833333333334,0.0
2.393216666666667,0.0
2.12795,0.0
