use,car
3.8239166666666664,0.0
3.7722666666666664,0.0
3.7221,0.0
3.7109666666666663,0.0
2.6517833333333334,0.0
1.6860166666666667,0.0
1.7061833333333332,0.0
1.91565,0.0
1.3805166666666668,0.0
2.1071,0.0
0.79155,0.0
0.8832,0.0
2.18915,0.0
1.9203,0.0
3.31655,0.0
2.2177,0.0
3.6146166666666666,0.0
2.558466666666667,0.0
2.1006666666666667,0.0
2.7782666666666667,0.0
3.8447166666666663,0.0
4.558016666666666,0.0
3.008833333333333,0.0
3.9326,0.0
