use,car
5.261416666666666,0.0
5.225783333333333,0.0
5.16475,0.0
5.144316666666667,0.0
4.302216666666666,0.0
3.214583333333333,0.0
2.7110333333333334,0.0
2.171116666666667,0.0
0.7837333333333331,0.0
0.4928,0.0
0.49345,0.0
0.50265,0.0
0.5467,0.0
0.5290833333333332,0.0
0.5431166666666666,0.0
0.97635,0.0
1.1515833333333332,0.0
1.3408,0.0
1.26665,0.0
1.4282166666666667,0.0
1.316366666666667,0.0
1.6664166666666669,0.0
5.632833333333333,0.0
5.315416666666667,0.0
