use,car
3.9045333333333327,0.0
3.715233333333333,0.0
3.6153333333333326,0.0
3.2292,0.0
2.123883333333333,0.0
1.76865,0.0
1.516233333333333,0.0
2.0254,0.0
1.4631333333333332,0.0
1.7002333333333333,0.0
1.8075,0.0
1.9423666666666668,0.0
2.2333833333333333,0.0
2.63355,0.0
2.66685,0.0
2.82965,0.0
2.7929666666666666,0.0
2.7625,0.0
2.8236833333333333,0.0
2.79075,0.0
2.802016666666667,0.0
2.783433333333333,0.0
4.010466666666666,0.0
3.8921666666666663,0.0
