use,car
5.130816666666666,0.0
5.3442333333333325,0.0
5.336933333333333,0.0
5.295716666666666,0.0
5.225983333333333,0.0
5.168966666666666,0.0
4.4322,0.0
3.237233333333333,0.0
3.207883333333333,0.0
2.5594333333333332,0.0
2.2667,0.0
3.819616666666666,0.0
3.8841666666666663,0.0
3.206366666666667,0.0
2.025733333333333,0.0
1.6859666666666668,0.0
1.47145,0.0
1.1598,0.0
0.8443666666666666,0.0
2.0071,0.0
1.5712333333333333,0.0
1.6078333333333332,0.0
1.5195333333333332,0.0
3.6104666666666665,0.0
