use,car
3.6024166666666666,0.0
3.5689333333333333,0.0
3.219716666666667,0.0
1.53335,0.0
1.53605,0.0
1.65695,0.0
1.5760833333333333,0.0
1.4664,0.0
1.03175,0.0
0.7457333333333331,0.0
0.5925833333333332,0.0
1.3376333333333332,0.0
2.967966666666667,0.0
2.4905166666666667,0.0
2.19195,0.0
3.2340166666666668,0.0
5.354916666666666,0.0
4.5553,0.0
2.561733333333333,0.0
2.0654166666666667,0.0
1.83315,0.0
1.7690333333333332,0.0
2.006216666666667,0.0
4.34495,0.0
