use,car
3.9425,0.0
3.87115,0.0
3.81345,0.0
3.79575,0.0
2.57855,0.0
1.9675,0.0
1.8002166666666668,0.0
1.1353833333333332,0.0
1.33535,0.0
0.72785,0.0
1.027016666666667,0.0
2.2041,0.0
3.0916,0.0
2.8072166666666667,0.0
3.013983333333333,0.0
3.2828,0.0
5.701633333333333,0.0
5.514633333333332,0.0
3.5082833333333334,0.0
2.9823,0.0
3.0011,0.0
2.8038333333333334,0.0
2.91825,0.0
3.868683333333333,0.0
