use,car
3.843283333333333,0.0
3.761983333333333,0.0
3.736933333333333,0.0
2.50165,0.0
1.67295,0.0
1.8945833333333333,0.0
1.4307833333333333,0.0
2.775866666666667,0.0
0.66645,0.0
0.5315833333333332,0.0
0.5616166666666667,0.0
0.5668666666666666,0.0
0.9362,0.0
1.2721333333333331,0.0
1.6201,0.0
3.565633333333333,0.0
1.7242333333333333,0.0
1.38425,0.0
1.3562833333333333,0.0
1.6983833333333331,0.0
1.4664333333333333,0.0
3.440783333333333,0.0
5.74385,0.0
5.78725,0.0
