use,car
3.866,0.0
3.8382166666666664,0.0
3.82415,0.0
3.492716666666667,0.0
1.84115,0.0
2.10785,0.0
1.5860166666666669,0.0
0.9427666666666664,0.0
0.5165833333333332,0.0
0.4814333333333332,0.0
0.5171333333333332,0.0
0.5101833333333332,0.0
0.5289666666666666,0.0
0.5142666666666666,0.0
1.13105,0.0
1.0517666666666667,0.0
1.4503666666666668,0.0
1.6115166666666667,0.0
1.613033333333333,0.0
3.0577,0.0
4.25195,0.0
2.9883333333333333,0.0
3.96375,0.0
3.921083333333333,0.0
