use,car
5.5287,0.0
5.4595,0.0
5.383666666666667,0.0
5.33285,0.0
5.293966666666666,0.0
4.440916666666666,0.0
1.8843,0.0
1.9315166666666668,0.0
1.99965,0.0
1.6658,0.0
2.956916666666667,0.0
2.40605,0.0
3.1587666666666667,0.0
3.12525,0.0
2.882616666666667,0.0
2.931,0.0
2.961266666666667,0.0
2.9931,0.0
2.892933333333333,0.0
2.8264,0.0
4.452366666666666,0.0
4.395716666666666,0.0
4.14535,0.0
4.0294333333333325,0.0
