use,car
3.93705,0.0
3.8868666666666662,0.0
3.8627,0.0
3.81285,0.0
3.7709833333333327,0.0
2.109916666666667,0.0
1.23875,0.0
1.17355,0.0
0.6318,0.0
0.48495,0.0
0.5218666666666666,0.0
0.5103166666666666,0.0
0.5059166666666666,0.0
0.50245,0.0
0.50065,0.0
0.5223,0.0
0.49955,0.0
0.5266666666666666,0.0
2.307,0.0
3.564233333333333,0.0
3.386566666666667,0.0
4.5417,0.0
5.260116666666667,0.0
5.182333333333333,0.0
