use,car
0.5773666666666666,0.0
0.5887333333333332,0.0
0.6249833333333332,0.0
0.6473333333333332,0.0
0.6162333333333332,0.0
0.6337,0.0
1.266,0.0
1.7467666666666668,0.0
1.8886333333333332,0.0
0.6197833333333332,0.0
0.5556833333333332,0.0
0.4865166666666666,0.0
0.50405,0.0
0.50485,0.0
0.5675833333333332,0.0
2.1386833333333333,0.0
0.6688333333333332,0.0
0.41386666666666655,0.0
0.44815,0.0
1.0587333333333333,0.0
1.1167,0.0
0.6478166666666666,0.0
0.51465,0.0
0.4986,0.0
