use,car
3.7666,0.0
2.5306,0.0
1.6741166666666667,0.0
1.8519,0.0
1.638183333333333,0.0
1.7243166666666667,0.0
1.17655,0.0
1.080833333333333,0.0
0.5987333333333332,0.0
0.5042,0.0
0.5255,0.0
0.5255666666666666,0.0
0.5355833333333332,0.0
0.5172,0.0
0.5438,0.0
0.5316833333333332,0.0
0.5246666666666666,0.0
0.50455,0.0
1.4943166666666667,0.0
5.60755,0.0
4.9584,0.0
5.493366666666667,0.0
6.206083333333333,0.0
5.330083333333333,0.0
