use,car
5.286416666666667,0.0
5.2661,0.0
5.282083333333333,0.0
5.24405,0.0
5.0251166666666665,0.0
3.2396166666666666,0.0
2.9072666666666667,0.0
2.596716666666667,0.0
1.4176666666666669,0.0
0.5703666666666666,0.0
0.5901666666666666,0.0
0.61695,0.0
0.6051166666666666,0.0
0.5968666666666665,0.0
0.9203166666666666,0.0
1.3375833333333331,0.0
2.6061666666666667,0.0
4.32405,0.0
4.328683333333333,0.0
4.501333333333333,0.0
3.059283333333333,0.0
4.102183333333333,0.0
4.112716666666667,0.0
3.9337,0.0
