use,car
5.372683333333333,0.0
5.3027,0.0
4.9183,0.0
3.2426166666666667,0.0
1.93385,0.0
1.99975,0.0
2.073033333333333,0.0
0.8995333333333331,0.0
0.7894,0.0
0.94185,0.0
3.333533333333333,0.0
2.946416666666667,0.0
2.418016666666667,0.0
2.236883333333333,0.0
3.05295,0.0
3.95125,0.0
4.7497,0.0
4.17315,0.0
4.97025,0.0
3.49655,0.0
4.78795,0.0
2.9899666666666667,0.0
4.2861,0.0
4.013866666666666,0.0
