use,car
1.52425,0.0
1.3042833333333332,0.0
1.0816,0.0
1.1071166666666667,0.0
1.1909833333333333,0.0
0.9299,0.0
1.3716833333333331,0.0
1.113716666666667,0.0
0.52345,0.0
0.4969,0.0
0.4851,0.0
0.5058833333333332,0.0
0.5281833333333332,0.0
0.51615,0.0
0.5251166666666666,0.0
0.6207166666666666,0.0
0.6105666666666666,0.0
0.49765,0.0
0.4989,0.0
1.05505,0.0
3.3091,0.0
3.484833333333333,0.0
5.724733333333333,0.0
4.5667833333333325,0.0
