use,car
1.6588833333333333,0.0
1.4184666666666668,0.0
1.40945,0.0
1.43265,0.0
1.39525,0.0
1.1983,0.0
0.96675,0.0
0.5938333333333332,0.0
0.5689833333333332,0.0
0.55485,0.0
0.5677,0.0
0.5727333333333332,0.0
0.6170833333333332,0.0
0.5998833333333332,0.0
0.7010333333333332,0.0
1.0485166666666668,0.0
0.97265,0.0
0.8638,0.0
1.86595,0.0
2.980833333333333,0.0
2.71375,0.0
3.9529833333333326,0.0
5.2032333333333325,0.0
5.104233333333333,0.0
