use,car
1.67,0.0
1.4149833333333333,0.0
1.52355,0.0
1.41735,0.0
1.3242833333333333,0.0
1.2853166666666669,0.0
1.0239166666666668,0.0
2.04655,0.0
1.5204166666666667,0.0
0.5572833333333332,0.0
0.5421166666666666,0.0
0.5629166666666666,0.0
0.9449,0.0
1.0658,0.0
0.9054666666666666,0.0
1.7839333333333331,0.0
1.4439666666666668,0.0
1.32495,0.0
1.2235,0.0
2.8996,0.0
1.6206,0.0
3.280483333333333,0.0
3.6835333333333327,0.0
3.461266666666667,0.0
