use,car
2.19435,0.0
1.851716666666667,0.0
1.8181,0.0
1.5509166666666667,0.0
1.564633333333333,0.0
1.5609333333333333,0.0
1.2849166666666667,0.0
0.9128166666666666,0.0
0.4720833333333332,0.0
0.5045833333333332,0.0
0.4890666666666666,0.0
0.4848,0.0
0.5193333333333332,0.0
0.8008166666666666,0.0
0.5320333333333332,0.0
0.787883333333333,0.0
0.77035,0.0
0.7701,0.0
2.4846666666666666,0.0
5.598983333333333,0.0
3.8256166666666664,0.0
5.0608,0.0
5.580866666666666,0.0
5.103866666666667,0.0
