use,car
2.4839333333333333,0.0
1.6868166666666669,0.0
1.7040166666666667,0.0
1.4090333333333331,0.0
1.3965333333333332,0.0
1.4326666666666668,0.0
1.4256166666666668,0.0
1.06165,0.0
0.5399166666666666,0.0
0.56055,0.0
0.5723,0.0
0.56075,0.0
0.5591833333333333,0.0
0.5507666666666666,0.0
0.5788166666666666,0.0
0.8505833333333331,0.0
0.5549,0.0
0.82225,0.0
1.5519833333333333,0.0
1.2570333333333332,0.0
1.5450833333333331,0.0
1.3100333333333332,0.0
4.884416666666667,0.0
4.962283333333333,0.0
