use,car
0.71235,0.0
0.6798166666666666,0.0
0.6964,0.0
0.7064,0.0
0.7941166666666666,0.0
1.1754833333333332,0.0
2.8401,0.0
2.884,0.0
2.54175,0.0
0.7647833333333331,0.0
0.68975,0.0
2.328816666666667,0.0
1.1132166666666667,0.0
0.61475,0.0
0.4837,0.0
0.42975,0.0
0.4289833333333333,0.0
0.4592,0.0
0.7367666666666665,0.0
1.1590833333333332,0.0
1.8227666666666669,0.0
1.07105,0.0
1.2093333333333331,0.0
1.3616833333333331,0.0
