use,car
0.6424666666666666,0.0
0.6474,0.0
0.64865,0.0
0.6884333333333332,0.0
0.6992833333333331,0.0
0.7118833333333332,0.0
1.2401166666666668,0.0
1.50495,0.0
1.6518166666666667,0.0
1.0206333333333333,0.0
0.9002833333333331,0.0
0.8404666666666666,0.0
0.8592333333333331,0.0
1.1112833333333332,0.0
0.4702166666666666,0.0
0.789833333333333,0.0
0.5181833333333332,0.0
0.9568833333333332,0.0
1.36,0.0
1.1415666666666668,0.0
1.74675,0.0
1.6193166666666667,0.0
1.849883333333333,0.0
3.02855,0.0
