use,car
0.4231666666666665,0.0
0.4625666666666666,0.0
0.4828,0.0
0.53855,0.0
0.62815,0.0
0.6894166666666666,0.0
1.2335833333333333,0.0
1.1309833333333332,0.0
1.06145,0.0
0.7465833333333332,0.0
0.64155,0.0
0.53975,0.0
0.4951666666666666,0.0
0.4771833333333332,0.0
0.47395,0.0
0.4728,0.0
0.4639333333333332,0.0
0.5078,0.0
1.903166666666667,0.0
0.7292833333333332,0.0
1.3721833333333333,0.0
1.1014666666666668,0.0
0.81435,0.0
0.6572,0.0
