use,car
0.7305,0.0
0.7141,0.0
0.73165,0.0
0.72275,0.0
0.7468833333333331,0.0
0.74435,0.0
0.6814,0.0
0.5411166666666666,0.0
0.7567,0.0
0.5246333333333332,0.0
0.6835,0.0
1.0851833333333332,0.0
1.0999666666666668,0.0
1.0643833333333332,0.0
1.0660333333333332,0.0
1.0669166666666667,0.0
1.6665833333333333,0.0
2.4577,0.0
1.2593,0.0
1.10015,0.0
1.0535666666666668,0.0
0.8031,0.0
0.8859666666666666,0.0
0.9188666666666666,0.0
