use,car
0.7664,0.0
0.7636166666666666,0.0
0.9844166666666664,0.0
0.7802666666666666,0.0
0.76575,0.0
0.7686333333333331,0.0
0.8263,0.0
0.7871,0.0
1.2172666666666667,0.0
0.7827166666666666,0.0
1.0178166666666668,0.0
1.146183333333333,0.0
1.1551833333333332,0.0
1.1056833333333331,0.0
1.11925,0.0
1.1614833333333332,0.0
0.8245,0.0
1.10625,0.0
1.3481333333333332,0.0
0.8577,0.0
1.3011666666666668,0.0
0.71995,0.0
0.6414,0.0
0.6126666666666666,0.0
