use,car
2.463966666666667,0.0
2.3993333333333333,0.0
2.3655,0.0
2.346983333333333,0.0
2.30285,0.0
2.3164333333333333,0.0
2.93485,0.0
2.878033333333333,0.0
0.8731,0.0
0.6465833333333332,0.0
0.5481666666666666,0.0
0.4824,0.0
0.44871666666666654,0.0
0.4316,0.0
0.42815,0.0
0.4237333333333333,0.0
0.4095333333333333,0.0
0.42161666666666653,0.0
0.5015166666666666,0.0
0.7061666666666666,0.0
1.3615166666666667,0.0
2.3391333333333333,0.0
2.129183333333333,0.0
2.07245,0.0
