use,car
0.5669333333333332,0.0
0.5918666666666667,0.0
0.6078833333333332,0.0
0.61635,0.0
0.6062166666666666,0.0
0.64985,0.0
1.1774833333333332,0.0
0.83855,0.0
0.7466666666666666,0.0
0.47175,0.0
0.41515,0.0
0.41681666666666656,0.0
0.7023,0.0
0.7015833333333332,0.0
0.42415,0.0
0.6932666666666666,0.0
0.6754,0.0
0.6924166666666666,0.0
0.9331166666666664,0.0
1.0179166666666668,0.0
1.217833333333333,0.0
0.760633333333333,0.0
1.0356,0.0
1.92555,0.0
