use,car
4.698083333333333,0.0
4.053916666666667,0.0
4.4922,0.0
4.11925,0.0
4.580516666666666,0.0
4.546916666666666,0.0
4.596866666666666,0.0
4.944716666666666,0.0
5.267566666666666,0.0
3.079566666666667,0.0
2.28085,0.0
2.190716666666667,0.0
2.686933333333333,0.0
2.8366,0.0
3.6583,0.0
3.3196166666666667,0.0
2.581366666666667,0.0
2.540233333333333,0.0
2.502,0.0
2.521233333333333,0.0
2.9588,0.0
3.555816666666667,0.0
4.02265,0.0
5.412016666666666,0.0
