use,car
2.0304,0.0
2.0229,0.0
2.0257666666666667,0.0
2.00045,0.0
2.0431,0.0
2.0629166666666667,0.0
2.13305,0.0
2.13745,0.0
2.4396,0.0
2.571466666666667,0.0
3.373933333333333,0.0
2.592566666666667,0.0
3.3090333333333333,0.0
3.1997,0.0
3.0469666666666666,0.0
4.814066666666666,0.0
3.582333333333333,0.0
5.5487,0.0
2.9911166666666666,0.0
2.6317,0.0
1.4286833333333333,0.0
1.1752833333333332,0.0
1.0885,0.0
0.6965,0.0
