use,car
0.8762666666666666,0.0
0.4213833333333333,0.0
0.4549833333333333,0.0
0.6286166666666666,0.0
0.4590166666666666,0.0
0.4450833333333333,0.0
1.25275,0.0
0.97115,0.0
1.0187666666666668,0.0
0.7377666666666665,0.0
0.69445,0.0
0.6781666666666666,0.0
0.4914333333333332,0.0
0.68645,0.0
0.4847,0.0
0.4845333333333332,0.0
0.4724,0.0
0.45016666666666655,0.0
0.5207833333333332,0.0
0.5896833333333332,0.0
1.15775,0.0
1.0816666666666668,0.0
0.7239166666666665,0.0
0.52,0.0
