use,car
2.693766666666667,0.0
2.6588166666666666,0.0
2.51705,0.0
2.368916666666667,0.0
2.17795,0.0
2.32365,0.0
2.2194166666666666,0.0
2.0374,0.0
0.48525,0.0
0.4866166666666666,0.0
0.55735,0.0
0.5395666666666666,0.0
0.5331,0.0
0.5410333333333333,0.0
0.5329666666666666,0.0
0.52905,0.0
0.5345,0.0
0.5222166666666666,0.0
0.5051166666666665,0.0
0.5698833333333332,0.0
0.5819833333333332,0.0
0.5703666666666666,0.0
1.819583333333333,0.0
4.25095,0.0
