use,car
0.53335,0.0
0.5306333333333332,0.0
0.51365,0.0
0.5085166666666666,0.0
0.5063,0.0
0.5197666666666666,0.0
1.0869333333333333,0.0
1.2375833333333333,0.0
0.5714666666666666,0.0
0.54775,0.0
0.5566166666666666,0.0
0.5393166666666666,0.0
0.562,0.0
0.5518333333333332,0.0
0.5597666666666666,0.0
0.5459166666666666,0.0
0.5413166666666666,0.0
0.5439833333333332,0.0
0.70915,0.0
2.442133333333333,0.0
2.491616666666667,0.0
2.6332,0.0
3.82025,0.0
2.6476,0.0
