use,car
0.9103333333333332,0.0
1.0553,0.0
0.92785,0.1094
0.78095,0.0
0.7448166666666666,0.0
0.6422166666666665,0.0
0.7842666666666666,0.0
0.8702833333333331,0.0
1.3059166666666668,0.0
1.924316666666667,0.0
0.9525333333333332,0.0
3.4692333333333334,0.0
3.8459,0.0
2.958683333333333,0.0
2.7756,0.0
2.9202166666666667,0.0
3.1614166666666668,0.0
3.161583333333333,0.0
2.76725,0.0
2.0641,0.0
1.67875,0.0029666666666666665
1.64075,0.00285
1.9577,0.00145
1.747,0.0
