use,car
1.6558333333333333,0.0
1.583,0.0014166666666666666
1.31455,0.0
0.9268166666666664,0.0014166666666666666
0.89515,0.0
2.0882666666666667,1.10255
0.7790833333333331,0.0
0.2531166666666666,0.0
0.37491666666666656,0.10925
1.2815,0.0
1.46,0.0
2.221566666666667,0.09045
5.150333333333333,0.0
2.958833333333333,0.0
3.0418,0.12225
3.1694,0.0
2.63595,0.11188333333333332
2.0362,0.0
1.9548166666666669,0.0
3.360533333333333,0.10715
4.01465,0.0
4.26335,0.09998333333333333
1.72945,0.0
1.45745,0.0
