use,car
0.2391166666666666,0.0
0.21255,0.0
0.21185,0.0
0.2394,0.0
0.2323833333333333,0.0
0.21951666666666664,0.0
0.32875,0.0915
0.2238,0.0
0.2035,0.0
0.21536666666666665,0.0
0.2285833333333333,0.0
0.8583,0.0
1.0892833333333332,0.0
1.0873833333333331,0.0
0.9593833333333333,0.0
1.2600333333333331,0.0
1.212,0.0
1.4197,0.09636666666666664
1.1167833333333332,0.0
1.0690833333333332,0.0
0.8564,0.0
1.2067,0.0
2.9236666666666666,0.0
2.2834833333333333,0.0
