use,car
0.8226833333333331,0.0
0.7513166666666666,0.0013
0.7814,0.0
0.7958166666666666,0.0
2.7232333333333334,1.9484666666666668
1.346666666666667,0.56855
0.77705,0.0
0.9528666666666664,0.0
1.2911833333333331,0.0
1.3931166666666668,0.0
1.0177166666666668,0.0
0.6899,0.0
0.69035,0.0
0.6936833333333332,0.0
0.7940666666666666,0.0
0.6894,0.0
0.68325,0.0
0.6912833333333332,0.0
0.6890166666666666,0.0
0.6845166666666666,0.0
0.6853833333333332,0.0
0.6817666666666666,0.0
0.67965,0.0
0.67575,0.0
