use,car
0.67525,0.0
0.7448333333333331,0.0
0.7210333333333332,0.0
0.7039166666666666,0.0
0.7924666666666667,0.0
0.7146833333333332,0.0
0.8810666666666666,0.0
0.7559,0.0
0.755633333333333,0.0
0.64695,0.0
0.7547166666666666,0.0
0.6939,0.0
0.6991166666666666,0.0
0.7500833333333331,0.0
0.6693833333333332,0.0
1.3668166666666668,0.0
1.6489333333333331,0.0
1.660483333333333,0.0
1.73875,0.0
1.6502,0.0
1.20045,0.0
1.2966166666666668,0.0
1.0212166666666669,0.0
0.9116166666666666,0.0
