use,car
1.3112333333333333,0.0
1.17965,0.0
0.9683166666666664,0.0
5.9453,4.68125
10.29043333333333,9.529433333333332
10.347433333333331,9.539316666666666
0.7666,0.0184
0.8429333333333331,0.0
0.952,0.0004
0.9499833333333332,0.0
0.87285,0.0
0.9254666666666664,0.0
1.0857333333333332,0.0
1.5729166666666667,0.00025
0.8046,0.0
1.7741,0.0
1.5281333333333331,0.0
2.47195,0.0016
1.9462,0.0009666666666666666
1.8983,0.0001
1.5870833333333332,0.0001
1.775,0.00035
1.7383,0.0
1.2978,0.0
