use,car
0.4828166666666666,0.0
0.55815,0.0
0.4742,0.0
0.5448333333333332,0.0
0.4827833333333332,0.0
0.5868333333333332,0.0
0.8289,0.0
0.5432,0.0
0.4204333333333333,0.0
0.40196666666666653,0.0
0.43125,0.0
0.36048333333333327,0.0
0.63225,0.0
0.37051666666666655,0.0
0.4619166666666666,0.0
0.3597833333333333,0.0
0.4671666666666666,0.0
0.398,0.0
0.7420666666666667,0.0
0.7115,0.0
1.27155,0.0
4.143633333333333,1.16635
4.65525,0.7638166666666666
0.759,0.0
