use,car
0.5812166666666666,0.0
0.5750333333333332,0.0
0.4846333333333332,0.0
0.57895,0.0
0.51385,0.0
0.6234833333333332,0.0
0.8272166666666666,0.0
0.6799166666666666,0.0
0.5018666666666666,0.0
0.43695,0.0
0.4176666666666666,0.0
0.40755,0.0
0.4793833333333332,0.0
0.43056666666666654,0.0
0.4703666666666666,0.0
0.4594,0.0
2.7860666666666667,1.8275
3.75595,1.3459333333333332
2.2808,0.0
0.9867166666666664,0.0
2.029333333333333,0.0
0.8916333333333331,0.0
0.72375,0.0
0.7161333333333332,0.0
