use,car
0.50775,0.0
0.9866833333333332,0.0
0.7642833333333331,0.0
0.5360166666666666,0.0
0.5254,0.0
0.5087333333333331,0.0
1.0754666666666668,0.0
2.409466666666667,0.0
2.8323666666666667,0.0
1.1512666666666669,0.0
0.5816166666666666,0.0
0.52565,0.0
1.2620833333333332,0.0
0.44096666666666656,0.0
0.5416,0.0
1.3460666666666667,0.0
0.6092333333333332,0.0
1.97165,0.0
0.778,0.0
3.2171833333333333,0.0
0.5399166666666666,0.0
1.0735333333333332,0.0
1.5115833333333333,0.0
0.5244166666666666,0.0
