use,car
1.2379833333333332,0.0
2.4387333333333334,0.0
1.1385,0.0
0.51715,0.0
1.1200666666666668,0.0
0.5040666666666666,0.0
0.5137666666666666,0.0
0.4695166666666666,0.0
0.62475,0.0
0.43945,0.0
0.5393,0.0
0.47705,0.0
0.48675,0.0
0.5712333333333331,0.0
0.9646166666666663,0.0
0.7281,0.0
0.7550166666666666,0.0
0.74775,0.0
2.9151,0.0
2.00395,0.0
0.5682,0.0
0.6593666666666665,0.0
3.506216666666667,0.0
1.800533333333333,0.0
