use,car
1.6068333333333331,0.0
1.5337,0.0
2.3352666666666666,0.0
1.390283333333333,0.0
1.5652666666666668,0.0
0.6695833333333332,0.0
1.1792333333333331,0.0
1.5903,0.0
0.6695,0.0
2.5749833333333334,0.0
1.6969666666666667,0.0
2.65885,0.0
0.9453,0.0
4.81125,2.721033333333333
3.30585,0.44626666666666653
4.152,0.00175
1.1759333333333333,0.0
5.3434,1.2286666666666668
2.6069666666666667,0.0
2.6357166666666667,0.0
1.5526666666666669,0.0
2.215066666666667,0.0
1.2607,0.0
0.62865,0.0
