use,car
0.52715,0.0
1.15675,0.0
0.6195,0.0
0.5754833333333332,0.0
1.619816666666667,0.0
0.7843833333333331,0.0
1.7218833333333332,0.0
2.085716666666667,0.0
1.39465,0.3499
3.56685,2.057233333333333
3.4411666666666667,0.0014333333333333331
2.878816666666667,0.00065
2.2093333333333334,0.0
3.8579666666666665,0.0
2.3576,0.0
2.77575,0.0
4.162883333333332,0.0
3.7779,0.0
2.60115,0.0
2.1082,0.0
1.909266666666667,0.0
1.59085,0.0
1.396183333333333,0.0
1.0900833333333333,0.0
