use,car
0.4746166666666666,0.0
0.4055,0.0
0.4795666666666666,0.0
0.4418166666666665,0.0
0.39555,0.0
0.5003666666666666,0.0
0.9723,0.0
0.8238666666666666,0.0
1.13235,0.0
0.4644166666666666,0.0
0.3544,0.0006
0.43105,0.0028
0.7028833333333332,0.0028
2.834783333333333,0.004333333333333333
0.4829333333333332,0.003
0.42546666666666655,0.00125
1.2999166666666668,0.0
1.4163,0.0
0.9816,0.0
3.21685,2.136566666666667
2.577033333333333,1.5144
1.3728,0.0
0.6244833333333332,0.0
0.46915,0.0
