use,car
0.0,0.0
0.0,0.0
0.0,0.0
0.0,0.0
0.0,0.0
0.0,0.0
0.0,0.0004666666666666666
0.0,0.0014333333333333331
0.0,0.0013
0.0,0.0007833333333333333
0.0,5e-05
0.0,0.00165
0.0,0.0003
0.0,0.0
0.0,0.0
0.0,0.0
0.0,0.0
0.0,0.0
0.0,0.0003333333333333333
0.0,0.0
0.0,0.0
0.0,0.0
0.0,0.0
0.0,0.0
