use,car
0.5365,0.0
0.7301166666666665,0.0
0.3854333333333333,0.0
0.8766666666666666,0.0
0.4955833333333332,0.0
1.06835,0.0
0.8237166666666667,0.0
1.02625,0.0
0.85795,0.0
0.8581166666666666,0.0
0.68195,0.0
0.827,0.0
0.8253,0.0
0.8633166666666666,0.0
0.83155,0.0
0.51945,0.0
0.7906833333333331,0.0
7.035833333333333,2.80005
6.417216666666667,3.1952833333333333
1.3027,0.0
1.3683833333333333,0.0
0.70755,0.0
0.758633333333333,0.0
0.5531666666666666,0.0
