use,car
0.4932,0.0
0.4578666666666666,0.0
0.4765833333333332,0.0
0.47235,0.0
0.5773833333333332,0.0
0.7374666666666665,0.0
1.4633333333333332,0.0
1.7143666666666668,0.0
1.5588333333333333,0.6707833333333332
0.85655,0.3212333333333333
0.46355,0.0
0.4502,0.0
0.6371833333333332,0.0
0.5059666666666666,0.0
0.7124,0.0
0.7253166666666665,0.0
1.4331666666666667,0.0
2.70665,0.0
0.44315,0.0
0.797983333333333,0.0
0.93465,0.0
0.86905,0.0
0.5678,0.0
0.5009833333333332,0.0
