use,car
0.7602,0.0
0.5980333333333332,0.0
0.5788666666666666,0.0
0.5672333333333331,0.0
0.57305,0.0
0.8507166666666666,0.0
0.85525,0.0
0.67665,0.0
0.5521333333333333,0.0
0.48725,0.0
0.42715,0.0
0.5106333333333332,0.0
0.4994833333333332,0.0
0.48025,0.0
0.5681833333333332,0.0
0.6707333333333332,0.0
0.6118666666666666,0.0
0.7179666666666666,0.0
0.80395,0.0
1.3178833333333333,0.0
3.1106,0.0
4.936166666666667,0.0
1.53885,0.0
1.1943166666666667,0.0
