use,car
0.7681,0.004
0.36383333333333323,0.0
0.36378333333333324,0.0
0.3858666666666665,0.0
0.36228333333333324,0.0
0.3599666666666666,0.0
0.3905833333333333,0.0
0.4663166666666666,0.0
2.0168833333333334,0.0
2.0184,0.0
1.905166666666667,0.0
1.61775,0.0
3.816033333333333,0.0
1.3187,0.0
2.18825,0.0
2.2786,0.0
4.545283333333333,0.0
3.6246833333333326,0.00015
2.3723,0.0
2.84925,0.0
1.8284166666666668,0.0
1.5963833333333333,0.0
0.5266,0.0
2.6586333333333334,1.1636666666666668
