use,car
0.3946,0.0
0.36448333333333327,0.0
0.3490166666666666,0.0
0.33945,0.0
0.3291166666666666,0.0
0.3788666666666666,0.0
0.3299833333333333,0.0
0.3462166666666666,0.0
0.3768333333333333,0.0
0.34135,0.0
0.3705833333333333,0.0
0.3129333333333333,0.0
0.3456166666666666,0.0
0.3548333333333333,0.0
0.3542,0.0
0.4032,0.0
1.2361,0.0
0.35785,0.0
1.2069666666666667,0.0
0.30195,0.0
0.5754833333333332,0.0
1.211733333333333,0.0
0.5860333333333332,0.0
0.3626666666666666,0.0
