use,car
0.4480333333333333,0.0
0.3971,0.0
0.7103333333333332,0.0
0.81775,0.0
0.3682166666666666,0.0
0.3786333333333333,0.0
0.40955,0.0
0.3559666666666666,0.0
0.3803833333333333,0.0
0.38091666666666657,0.0
0.3426333333333333,0.0
1.26505,0.0
0.36936666666666657,0.0
1.4001666666666668,0.0
1.58975,0.0
1.47195,0.0
1.2767833333333332,0.0
1.6764666666666668,0.0
1.6847166666666669,0.0
1.3481333333333332,0.0
1.6799666666666668,0.0
1.52175,0.0
0.8461333333333331,0.0
1.1113333333333333,0.0
