use,car
2.9488833333333333,0.0
2.1624166666666667,0.0
1.3044,0.0
1.8636166666666667,0.0
1.160116666666667,0.0
1.1182,0.0
1.0115833333333333,0.0
0.8028166666666666,0.0004333333333333333
2.178316666666667,0.0
2.3557,0.00018333333333333334
0.5931166666666666,0.0
1.4781,0.0
3.81365,0.0
4.2518666666666665,0.1125
9.79065,1.9154166666666668
4.141866666666666,0.0
5.502866666666667,0.0037666666666666664
5.3799,0.0
4.81425,0.0
4.68365,0.0
3.69255,0.0
3.95685,0.0
2.522533333333333,0.0
2.3656,0.0
