use,car
0.4257833333333333,0.0
0.42941666666666656,0.0
0.41136666666666655,0.0
0.39865,0.0
0.4035833333333333,0.0
0.4002,0.0
0.4038833333333333,0.0
0.3908,0.0
0.3860833333333333,0.0
0.39135,0.0
0.3886333333333333,0.0
0.3881333333333333,0.0
1.3078333333333332,0.0
0.7633,0.0
1.36495,0.0
0.4876666666666666,0.0
1.0158666666666665,0.0
0.3910833333333333,0.0
1.1454833333333332,0.0
0.39321666666666655,0.0
0.5387666666666666,0.0
0.6234166666666666,0.0
0.6173666666666666,0.0
0.4966666666666666,0.0
