use,car
0.4207,0.0
0.4300833333333333,0.0
0.4157,0.0
0.3945833333333333,0.0
0.39366666666666655,0.0
0.3940333333333333,0.0
0.3925333333333333,0.0
0.3913333333333333,0.0
0.3954166666666665,0.0
0.40011666666666656,0.0
0.4004666666666665,0.0
0.38461666666666655,0.0
0.38561666666666655,0.0
0.39415,0.0
0.39186666666666653,0.0
0.39366666666666655,0.0
0.39055,0.0
0.3807,0.0
0.38026666666666653,0.0
0.3884,0.0
0.5331833333333332,0.0
0.6151,0.0
0.61785,0.0
0.4962833333333332,0.0
