use,car
0.4392,0.0
0.4231,0.0
0.40491666666666654,0.0
0.3946833333333333,0.0
0.39176666666666654,0.0
0.39351666666666657,0.0
0.3929166666666665,0.0
0.3844,0.0
0.38625,0.0
0.385,0.0
0.38305,0.0
0.3865833333333333,0.0
0.3826833333333333,0.0
0.3807,0.0
0.37976666666666653,0.0
0.38575,0.0
0.38646666666666657,0.0
0.38945,0.0
0.3952333333333333,0.0
0.3937,0.0
0.5393833333333332,0.0
0.6172333333333332,0.0
0.6216,0.0
0.4988666666666666,0.0
