use,car
2.507816666666667,0.0
0.7280666666666665,0.0
0.7720333333333331,0.0
0.44951666666666656,0.0
0.9762,0.0
0.4616833333333332,0.0
0.5446166666666666,0.0
0.51555,0.0
2.121866666666667,0.0006166666666666666
2.6127833333333332,0.0
2.72715,0.0
2.4849666666666668,0.0
3.423233333333333,5e-05
3.09045,0.0
2.6279166666666667,0.0
2.229233333333333,0.0
3.89275,0.0
2.43245,0.0
3.0115833333333333,0.0
2.52915,0.0
3.783483333333333,0.0
4.12925,0.0
3.26975,0.0
0.6127166666666666,0.0
