use,car
0.4937,0.0
0.47625,0.0
0.4406,0.0
0.5214166666666666,0.0
0.5269,0.0
0.4851166666666666,0.0
0.4435833333333333,0.0
0.4147333333333333,0.0
0.6115833333333331,5e-05
3.158733333333333,5e-05
1.2064666666666668,0.0
0.4507,0.0
0.4486833333333333,0.0
0.44535,0.0
9.731516666666666,3.2098833333333334
4.451516666666667,0.5908666666666667
4.85395,0.0015833333333333333
4.0728833333333325,5e-05
2.86835,0.0
3.586933333333333,0.0
2.64855,0.0
2.9228,0.0
1.36245,0.0
0.8409333333333331,0.0
