use,car
0.41185,0.0
0.40055,0.0
0.38495,0.0
0.3845,0.0
0.38316666666666654,0.0
0.3725,0.0
0.4604,0.0
1.6342333333333332,0.0004333333333333333
1.256233333333333,0.0
1.149333333333333,0.0
1.37195,0.003483333333333333
1.4783,5e-05
0.9428166666666664,0.0
0.46925,0.0
0.8542,0.0
2.873483333333333,0.0
2.54505,0.0
4.48155,5e-05
1.9513833333333332,0.0
2.024566666666667,0.0
4.254266666666666,1.1341666666666668
1.6283833333333333,0.0
1.15395,0.0
0.4678833333333332,0.0
