use,car
1.0610166666666667,0.0
0.4186333333333333,0.0
0.3402666666666666,0.0
0.3773333333333333,0.0
0.3854166666666666,0.0
0.3924166666666665,0.0
0.3621666666666666,0.0
0.3428,0.0
0.9774166666666664,0.0
1.2457,0.00018333333333333334
2.921816666666667,0.0
1.6873166666666668,0.0
1.338,0.0
1.583,0.0015666666666666665
0.5580833333333332,0.0035333333333333328
1.3974666666666669,0.47685
10.58695,5.05415
3.91685,0.49915
3.04345,0.0
2.8596,0.0
2.218183333333333,0.0
2.499,0.0
0.6544,0.0
0.5922,0.0
