use,car
0.3856333333333333,0.0
0.3802,0.0
0.3879166666666666,0.0
0.3559166666666666,0.0
0.3559333333333333,0.0
0.39661666666666656,0.0
1.054,0.0003833333333333333
1.1204166666666668,0.0
0.38926666666666654,0.0
0.7858,0.00025
0.47085,0.0
0.3701,0.0
0.4672,0.0
1.0196166666666668,0.0
0.9402166666666664,0.0
7.077883333333332,3.594883333333333
0.39641666666666653,0.0
0.9641,0.0
1.90895,5e-05
1.3968833333333333,0.0
1.5528,0.0
1.4605666666666668,0.0
0.9475,0.0
0.5575833333333332,0.0
