use,car
0.4270833333333333,0.0
0.43991666666666657,0.0
0.4274333333333333,0.0
0.37096666666666656,0.0
0.3793,0.0
0.4258833333333333,0.0
1.2558,0.0006
1.1619,0.0
0.41796666666666654,0.0
0.4040333333333333,0.0
0.4283333333333333,0.0
0.4662333333333332,0.0
0.43015,0.0
0.5239166666666666,0.0
0.5382833333333332,0.0
1.0441333333333331,0.0
2.3691666666666666,0.0
3.7713,0.0
11.92675,4.375133333333332
6.727,2.320816666666667
2.3047833333333334,0.0
1.920383333333333,0.0
0.8637833333333331,0.0
0.4387,0.0
