use,car
0.4084833333333333,0.0
0.42655,0.0
0.4453666666666666,0.0
0.379,0.0
0.3778666666666666,0.0
0.43291666666666656,0.0
0.36255,0.0
0.36158333333333326,0.0
0.39606666666666657,0.0
1.3656,0.00045
0.7875833333333331,0.0
4.122283333333333,1.75135
1.31675,0.0001
2.4617666666666667,0.0
3.252533333333333,1.2070666666666667
0.95655,0.0
2.0578,0.0
1.2386166666666667,0.0
1.2897166666666668,0.0002
1.2811333333333332,0.0
2.7748833333333334,0.0
4.00555,0.0
2.463366666666667,0.0
1.86055,0.0
