use,car
0.509,0.0
1.0075333333333332,0.0
0.4438333333333333,0.0
0.44006666666666655,0.0
0.43896666666666656,0.0
0.4352833333333333,0.0
0.4557666666666666,0.0
0.6112333333333332,0.0
0.7439666666666666,0.0
0.5676,0.0
0.5133,0.0
0.3420666666666666,0.0
0.3494833333333333,0.0
1.39805,0.0
1.4962833333333332,0.0
2.22185,0.0
1.9147,0.0
2.335116666666667,0.0
3.1990166666666666,0.0
2.9238666666666666,0.0
1.43565,0.0
1.3268833333333332,0.0
1.3405333333333331,0.0
1.2284333333333333,0.0
