use,car
1.30435,0.0
1.1222166666666669,0.0
1.1038666666666668,0.0
0.4549666666666666,0.0
1.0854166666666667,0.0018
0.4403833333333333,0.0
2.2004,1.0851666666666668
0.6649166666666666,0.0
1.42405,0.0
1.182416666666667,0.0
1.2285,0.0
1.23085,0.0
1.3182333333333331,0.0
1.4328333333333332,0.0
1.6277166666666667,0.0
1.6175666666666668,0.0
2.1823,0.0
1.2031,0.0
1.22615,0.0
2.238433333333333,0.0
1.5105333333333333,0.0
1.31545,0.0
1.3005833333333332,0.0
1.2984666666666669,0.0
