use,car
2.316816666666667,0.0
2.471083333333333,0.0
1.7145833333333331,0.0
1.3506833333333332,0.0
1.2304166666666667,0.0
1.4381,0.0
1.5900333333333332,0.0
1.1177166666666667,0.0
1.6585166666666669,0.0
2.0082833333333334,0.0
3.435483333333333,0.0
2.9962666666666666,0.37
2.7531,0.0
2.822,0.0
3.60735,0.0
3.286916666666667,0.0
3.131016666666667,0.0
3.1304,0.0
3.010283333333333,0.0
1.59135,0.0
1.7542,0.0
2.1969,0.0
2.3670666666666667,0.0
2.8789833333333332,0.0
