use,car
1.9794666666666667,0.0
2.2259333333333333,0.0
1.3833,0.0
1.72175,0.0
1.1485,0.0
1.89785,0.0
1.3661,0.0
1.2627666666666668,0.0
1.3767166666666668,0.0
1.29395,0.0
1.2473333333333332,0.0
1.481,0.1804333333333333
0.38726666666666654,0.0
1.65245,0.0
1.5386833333333332,0.0
1.7584333333333333,0.0
2.2637,0.0
3.382283333333333,0.0
3.3501,0.0
3.5452166666666667,0.0
1.5033166666666669,0.0
3.8693666666666666,0.0
1.99885,0.0
1.7845,0.005216666666666666
