use,car
2.429816666666667,0.00495
2.650233333333333,0.0
1.73115,0.0
3.3657833333333333,1.3824333333333332
4.46285,3.3589333333333333
4.725866666666667,3.3505333333333334
3.289616666666667,1.8494
1.44865,0.0
1.5042,0.0
0.3187,0.0
0.3154166666666666,0.0
0.66085,0.0
2.3115,0.0
3.4031,0.0
2.62475,0.0
4.1708333333333325,0.0
3.542933333333333,0.0
4.306216666666667,0.0
3.458533333333333,0.0
2.8581833333333333,0.0
4.180183333333333,0.0
3.659233333333333,0.0
2.064,0.0
1.7887,0.0
