use,car
2.0906333333333333,0.0
2.024583333333333,0.0
1.6854333333333331,0.0
1.4096,0.0
1.8633,0.0
1.1717833333333332,0.0
1.1479,0.0
1.893,0.0
1.4026833333333333,0.0
1.6052666666666668,0.0
1.7164333333333333,0.0
1.4934,0.0
3.013933333333333,0.0
3.41245,0.0
2.867633333333333,0.0
3.414483333333333,0.0
2.4699666666666666,0.0
4.130633333333333,0.0
2.470133333333333,0.0
2.183316666666667,0.0
2.4210833333333333,0.0
2.130333333333333,0.0
1.9817833333333332,0.0
1.3089166666666667,0.0
