use,car
0.8077166666666666,0.0
0.5531833333333332,0.0
0.66915,0.0
0.5868833333333332,0.0
0.58415,0.0
0.73205,0.0
0.6277333333333333,0.0
0.6223166666666666,0.0
0.8510666666666666,0.0
0.40395,0.0
0.3162,0.0
0.3104,0.0
0.5132666666666666,0.0
0.8057833333333331,0.0
0.6341333333333332,0.0
0.4846,0.0
0.6296,0.0
0.4893166666666666,0.0
0.3236666666666666,0.0
0.4418333333333333,0.0
0.3249833333333333,0.0
2.786233333333333,1.8212333333333333
0.7829,0.0
0.6743,0.0
