use,car
0.5935,0.0
0.7442,0.0
0.7302833333333332,0.0
0.5062666666666666,0.0
0.4897333333333332,0.0
0.5399666666666666,0.0
0.57935,0.0
0.64375,0.0
0.4919,0.0
0.6783333333333332,0.0
0.7598333333333331,0.0
0.6872,0.0
0.6496833333333332,0.0
0.5036,0.0
0.4693166666666666,0.0
0.4508833333333333,0.0
0.3995833333333333,0.0
0.47265,0.0
0.8132666666666666,0.0
0.50955,0.0
0.5621833333333331,0.0
0.5075,0.0
0.4742833333333332,0.0
0.4785333333333332,0.0
