use,car
0.5177833333333332,0.0
0.54015,0.0
0.3971333333333333,0.0
0.3970333333333333,0.0
0.39675,0.0
0.377,0.0
0.3775333333333333,0.0
0.5789833333333332,0.0
0.53875,0.0
0.6723,0.0
0.5017833333333332,0.0
0.51055,0.0
0.5030333333333332,0.0
0.5583166666666666,0.0
0.47505,0.0
0.3176833333333333,0.0
0.32755,0.0
0.4504833333333333,0.0
0.4975666666666666,0.0
0.7516166666666666,0.0
0.9673833333333332,0.0
0.6533,0.0
0.6029833333333332,0.0
0.54015,0.0
