use,car
0.64645,0.0
0.5467833333333332,0.0
0.5218333333333331,0.0
0.5524,0.0
0.63745,0.0
0.5482166666666666,0.0
0.4797166666666666,0.0
0.8084833333333331,0.0
0.7293666666666665,0.0
0.4752166666666666,0.0
0.3068166666666666,0.0
0.3168,0.0
0.3095666666666666,0.0
0.69485,0.0
0.5136333333333332,0.0
0.5066666666666666,0.0
0.5401333333333332,0.0
0.5496833333333332,0.0
0.5890666666666666,0.0
1.2290833333333333,0.0
0.58175,0.0
0.4848333333333332,0.0
0.5624666666666666,0.0
0.6172166666666666,0.0
