use,car
2.8681666666666668,2.48695
0.5156333333333332,0.0
0.4331,0.0
0.4155833333333333,0.0
0.41395,0.0
0.42095,0.0
0.4265833333333333,0.0
0.5831,0.0
0.3449,0.0
0.6092666666666666,0.0
0.4837333333333332,0.0
0.4712166666666666,0.0
0.4624333333333332,0.0
0.6941666666666666,0.0
0.5062333333333332,0.0
0.5171,0.0
0.5089,0.0
0.3367833333333333,0.0
0.2983666666666666,0.0
0.697,0.0
0.6629666666666666,0.0
4.028883333333333,3.2484
2.636833333333333,2.0847
0.5994833333333331,0.0
