use,car
0.2831833333333333,0.0
0.28245,0.0
0.2867166666666666,0.0
0.2867833333333333,0.0
0.2766,0.0
0.2704166666666666,0.0
0.2744666666666666,0.0
0.2826833333333333,0.0
0.28185,0.0
0.28365,0.0
0.2941333333333333,0.0
0.3157333333333333,0.0
0.3343833333333333,0.0
0.3392333333333333,0.0
0.3278166666666666,0.0
0.32805,0.0
0.3327333333333333,0.0
0.32555,0.0
0.3061,0.0
0.2862,0.0
0.3016666666666666,0.0
0.31425,0.0
0.31335,0.0
0.30545,0.0
