use,car
0.22671666666666665,0.0
0.2268333333333333,0.0
0.2385666666666666,0.0
0.2557833333333333,0.0
0.2563166666666666,0.0
0.2498,0.0
0.39475,0.0
0.2694,0.0
0.2749166666666666,0.0
0.27875,0.0
0.2850833333333333,0.0
0.2935333333333333,0.0
0.3050666666666666,0.0
0.39325,0.0
0.33205,0.0
0.2819166666666666,0.0
0.2643666666666666,0.0
0.2964666666666666,0.0
0.3312166666666666,0.0
0.36298333333333327,0.0
0.2973333333333333,0.0
0.22941666666666666,0.0
0.2317166666666666,0.0
0.2329,0.0
