use,car
0.2443,0.0
0.2438166666666666,0.0
0.2452,0.0
0.25475,0.0
0.2345833333333333,0.0
0.2412833333333333,0.0
0.2527333333333333,0.0
0.40261666666666657,0.0
0.6569833333333333,0.0
0.71155,0.0
0.7754166666666666,0.0
0.3730833333333333,0.0
0.3458166666666666,0.0
0.5449833333333332,0.0
0.8819833333333331,0.0
0.3329666666666666,0.0
0.31505,0.0
1.2016,0.0
3.5835833333333333,0.0
1.75375,0.0
0.22775,0.0
0.22293333333333326,0.0
0.22251666666666664,0.0
0.2254333333333333,0.0
