use,car
0.2627,0.0
0.2569,0.0
0.2628666666666666,0.0
0.2614833333333333,0.0
0.2571333333333333,0.0
0.3726833333333333,0.0
0.2693,0.0
0.27045,0.0
0.3148166666666666,0.0
0.38256666666666655,0.0
0.5423333333333332,0.0
0.4241333333333333,0.06603333333333332
2.0241833333333332,1.4856666666666667
2.4557,0.0
0.46085,0.0
0.8296333333333331,0.0
0.8338166666666667,0.0
0.8216166666666666,0.0
0.7751,0.0
0.9205833333333332,0.0
1.3947,0.0
0.8008833333333331,0.0
0.7787666666666666,0.0
0.44596666666666657,0.0
