use,car
0.4352833333333333,0.0
0.43316666666666653,0.0
0.4349333333333333,0.0
0.43366666666666653,0.0
0.4302333333333333,0.0
0.57445,0.0
0.53435,0.0
0.5211333333333332,0.0
0.5262333333333332,0.0
1.377033333333333,0.9055
0.3400333333333333,0.0
3.524633333333333,3.2015
0.7220333333333332,0.4006
0.6832333333333332,0.0
0.7291666666666665,0.0
0.6253166666666666,0.0
0.60625,0.0
0.5802666666666666,0.0
0.58365,0.0
1.15995,0.0
0.7706,0.0
0.7211333333333332,0.0
0.2599,0.0
0.2545166666666666,0.0
