use,car
0.2550166666666666,0.0
0.2529166666666666,0.0
0.2588166666666666,0.0
0.2525833333333333,0.0
0.22781666666666664,0.0
0.2272833333333333,0.0
0.35655,0.0
0.2909,0.0
0.6712,0.0
0.3580666666666666,0.0
0.67535,0.0
1.0266333333333333,0.0
0.9272833333333332,0.0
0.9329,0.0
1.2254666666666667,0.0
1.0998166666666669,0.0
1.07425,0.0
0.7824166666666666,0.0
0.774783333333333,0.0
0.7688166666666666,0.0
0.7313666666666665,0.0
0.70035,0.0
0.6709666666666666,0.0
0.6970833333333332,0.0
