use,car
0.2700666666666666,0.0
0.5439666666666666,0.0
0.28945,0.0
0.5248333333333332,0.0
0.2570833333333333,0.0
0.5236166666666666,0.0
0.2816666666666666,0.0
0.2609333333333333,0.0
0.39265,0.0
0.4626,0.0
0.3456333333333333,0.0
0.5558,0.0
0.48405,0.0
0.4926,0.0
0.4130666666666665,0.0
0.38366666666666654,0.0
0.7083166666666666,0.0
0.39085,0.0
0.6910166666666666,0.0
3.461316666666667,2.4190666666666667
1.3271,0.2630333333333333
1.0322666666666669,0.0
0.9990333333333332,0.0
0.9843666666666664,0.0
