use,car
0.2409,0.0
0.2325166666666666,0.0
0.22585,0.0
0.2251833333333333,0.0
0.23435,0.0
0.23555,0.0
0.4438166666666665,0.0
0.42495,0.0
0.574,0.0
0.51455,0.0
0.5042,0.0
0.38426666666666653,0.0
2.1281833333333333,1.4168333333333332
1.7217166666666668,0.4754333333333332
0.3298666666666666,0.0
0.3670166666666666,0.0
0.52465,0.0
0.5446166666666666,0.0
0.5889,0.0
0.6561,0.0
0.5850833333333332,0.0
0.5223,0.0
0.4574166666666666,0.0
0.45705,0.0
