use,car
0.52985,0.0
0.52895,0.0
0.5073,0.0
0.5049,0.0
0.2664,0.0
0.60435,0.0
0.2560666666666666,0.0
0.2567833333333333,0.0
0.66465,0.0
0.4665166666666666,0.0
0.6173666666666666,0.0
2.4690166666666666,1.406383333333333
0.9449833333333332,0.0
1.0518,0.0
3.0123,2.1115
1.2118,0.0
1.1793166666666668,0.0
1.479,0.0
1.3162,0.0
1.50835,0.0
1.4615833333333332,0.0
1.3478,0.0
0.8334666666666666,0.0
0.7533666666666666,0.0
