use,car
0.45755,0.0
0.4533166666666666,0.0
0.4586833333333333,0.0
0.4586166666666666,0.0
0.4574,0.0
0.4547,0.0
0.5907666666666666,0.0
0.7328333333333332,0.0
0.4682166666666666,0.0
1.4873,1.0922333333333332
3.064,2.7641
0.37391666666666656,0.0
0.64915,0.0
0.6975833333333332,0.0
0.9520166666666664,0.0
0.4842666666666666,0.0
0.41476666666666656,0.0
0.5780333333333332,0.0
0.77365,0.0
0.7727,0.0
0.77305,0.0
0.5671666666666666,0.0
0.2559,0.0
0.2332,0.0
