use,car
1.52005,0.0
1.1533,0.0
1.3352666666666668,0.0
0.8813666666666666,0.0
0.8701333333333331,0.0
0.6898166666666666,0.0
1.0104666666666664,0.0
0.9681833333333332,0.0
0.8607666666666666,0.0
0.8306,0.0
1.3665,0.0
2.924,1.7639333333333331
1.952616666666667,0.0
2.529266666666667,0.0
3.7051166666666666,0.0
2.56415,0.08448333333333333
2.4054333333333333,0.0
2.355833333333333,0.0
2.03135,0.0
1.8902166666666669,0.0
1.24405,0.0
2.051633333333333,0.0
1.7079166666666667,0.0
1.623,0.0
