use,car
1.2342166666666667,0.0
1.1652166666666668,0.0
0.8095166666666666,0.0
0.9138666666666666,0.0
0.9973833333333332,0.0
0.7982166666666666,0.0
3.082783333333333,0.0
0.7153833333333331,0.0
0.7395666666666666,0.0
0.8880833333333331,0.0
1.1581833333333331,0.0
1.3526166666666668,0.0
1.5010666666666668,0.0
1.7596333333333332,0.0
2.0675,0.0
4.26965,2.04645
2.2016,0.0
2.51035,0.0
2.4859166666666668,0.0
1.98155,0.0
2.2184166666666667,0.0
2.0294166666666666,0.0
1.4543166666666667,0.0
1.3097,0.0
