use,car
0.2106,0.0
0.2592,0.0
0.21501666666666666,0.0
0.19995,0.0
0.19703333333333328,0.0
0.19531666666666664,0.0
0.3292666666666666,0.0
0.41081666666666655,0.0
0.3967,0.0
0.301,0.0
0.8550333333333331,0.0
0.5379666666666666,0.0
0.3302,0.0
1.17315,0.0
1.0903166666666668,0.0
3.2857833333333333,3.0355
0.3125666666666666,0.0
0.4443166666666665,0.0
0.4610166666666666,0.0
0.43595,0.0
0.3927,0.0
0.30425,0.0
0.24815,0.0
0.24175,0.0
