use,car
0.6966666666666665,0.0
0.953,0.0
0.6485166666666666,0.0
0.9384666666666664,0.0
0.6135833333333331,0.0
0.5851666666666666,0.0
0.58535,0.0
0.9935833333333332,0.0
0.8106,0.0
0.8287333333333331,0.0
0.7477833333333331,0.0
2.644966666666667,1.6614666666666669
1.5564,0.0
1.6907833333333333,0.0
1.4508166666666669,0.0
1.6388166666666668,0.0
4.831633333333333,2.918
4.58155,3.0474
1.6374,0.0
1.5872,0.0
1.6768833333333333,0.0
1.4489,0.0
1.376,0.0
0.7602833333333331,0.0
