use,car
1.2669666666666668,0.0
1.191633333333333,0.0
0.8049666666666666,0.0
1.0277166666666668,0.0
0.9426,0.0
0.80655,0.0
0.78665,0.0
0.775,0.0
0.5736,0.0
1.3711166666666668,0.0
1.84775,0.0
4.26385,0.5056833333333332
5.692833333333333,3.7956
1.5377333333333332,0.2478666666666666
1.5264666666666669,0.0
2.0979666666666668,0.0
2.564633333333333,0.0
1.689466666666667,0.0
1.5254333333333332,0.0
1.3839666666666668,0.0
1.4812166666666668,0.0
1.3655833333333331,0.0
0.9282333333333332,0.0
1.0617,0.0
