use,car
0.825183333333333,0.07308333333333332
1.13245,0.0
0.8887166666666666,0.0
1.0693333333333332,0.08755
0.7150166666666666,0.0
1.0643833333333332,0.0
0.7305,0.0
1.0689,0.07415
1.0634333333333332,0.0
1.3352166666666667,0.0
3.31195,0.0
1.2004833333333331,0.0
1.62535,0.0
1.775,0.0
2.042316666666667,0.0
1.6285333333333332,0.0
1.61345,0.0
1.54755,0.0
1.5363833333333332,0.0
1.2592833333333333,0.0
1.374966666666667,0.0
1.2279,0.0
1.1241166666666669,0.0
0.6107166666666666,0.0
