use,car
4.838116666666666,3.8977166666666663
4.3978166666666665,3.8921166666666664
3.52445,2.839433333333333
0.70295,0.0
0.6661666666666666,0.0
0.27685,0.0
0.56705,0.0
1.0919166666666669,0.0
1.5921333333333332,0.0
1.20175,0.0
1.1502166666666669,0.0
2.7253833333333333,1.6868666666666667
1.6653833333333332,0.0
1.2980333333333332,0.0
1.83995,0.0
1.8410166666666667,0.0
1.5507666666666668,0.0
2.3888,0.0
3.18085,0.0
1.8845166666666668,0.0
1.3751,0.0
0.477,0.0
1.0652833333333331,0.0
0.63355,0.0
