use,car
0.2463,0.0
0.2445833333333333,0.0
0.2484666666666666,0.0
0.2505,0.0
0.2504666666666666,0.0
0.2483666666666666,0.0
0.39495,0.0
0.43501666666666655,0.0
0.4525,0.0
0.6628833333333332,0.0
0.65355,0.0
0.6024333333333332,0.0
1.4129666666666667,0.0
2.371916666666667,0.0
3.471716666666667,0.0
2.746,0.0
2.3149333333333333,0.0
2.4218,0.0
2.234316666666667,0.0
1.93015,0.0
1.7992666666666668,0.0
1.7664,0.0
1.4301833333333331,0.0
1.621816666666667,0.0
