use,car
0.2199,0.0
0.22551666666666664,0.0
0.22855,0.0
0.2467166666666666,0.0
0.22406666666666664,0.0
0.21676666666666666,0.0
0.5289833333333332,0.0
0.45385,0.0
0.6347666666666666,0.0
0.5924666666666666,0.0
0.4488666666666665,0.0
1.3967166666666668,0.0
0.29735,0.0
0.2991333333333333,0.0
0.2889166666666666,0.0
0.4047,0.0
0.43256666666666654,0.0
0.50075,0.0
0.4232166666666666,0.0
0.41305,0.0
0.6728333333333332,0.0
2.8680166666666667,2.388116666666667
4.35625,3.920683333333333
4.39155,3.912
