use,car
0.5603666666666666,0.0
0.5277166666666666,0.0
0.48845,0.0
0.4860666666666666,0.0
0.4829166666666666,0.0
0.4711666666666666,0.0
0.4654166666666666,0.0
0.61505,0.0
0.4787,0.0
0.45565,0.0
0.45835,0.0
0.4723666666666666,0.0
0.4715666666666666,0.0
0.4646833333333332,0.0
0.4745166666666666,0.0
0.45865,0.0
0.45405,0.0
0.4546333333333333,0.0
0.5795166666666666,0.0
0.75475,0.0
0.65865,0.0
0.5868833333333332,0.0
0.523,0.0
0.54385,0.0
