use,car
0.2457666666666666,0.0
0.2460666666666666,0.0
0.2467666666666666,0.0
0.2723166666666666,0.0
0.2444666666666666,0.0
0.2441833333333333,0.0
0.2438666666666666,0.0
0.2480333333333333,0.0
1.595,0.0
0.6572833333333332,0.0
1.387233333333333,0.0
1.93685,0.0
0.8821666666666667,0.0
1.0368,0.0
0.9775833333333332,0.0
1.2576,0.0
1.3297,0.0
0.7763833333333331,0.0
0.8660666666666667,0.0
0.8001666666666666,0.0
0.6871166666666666,0.0
0.5953,0.0
0.5496166666666666,0.0
0.5794166666666666,0.0
