use,car
0.1974833333333333,0.0
0.19766666666666666,0.0
0.1972333333333333,0.0
0.19753333333333328,0.0
0.19671666666666665,0.0
0.2354333333333333,0.0
0.22363333333333327,0.0
0.2913333333333333,0.0
3.201083333333333,0.0
2.938416666666667,0.0
2.502816666666667,0.0
1.25275,0.0
1.23425,0.0
1.1604,0.0
2.96625,0.0
4.261383333333333,0.0
0.31535,0.0
0.47835,0.0
0.6348333333333332,0.0
0.6335666666666666,0.0
0.51505,0.0
0.34705,0.0
0.19806666666666664,0.0
0.1979,0.0
