use,car
0.6773,0.0
0.2664333333333333,0.0
0.2347833333333333,0.0
0.2311333333333333,0.0
0.2295833333333333,0.0
0.22705,0.0
0.4353833333333333,0.0
0.39886666666666654,0.0
0.4513833333333333,0.0
0.55885,0.0
0.8148,0.0
2.0439,1.5642333333333331
1.2141833333333332,0.0
0.6012,0.0
2.9896166666666666,0.0
2.57765,0.0
0.3710833333333333,0.0
0.36415,0.0
0.3511833333333333,0.0
0.4024,0.0
0.3304666666666666,0.0
0.3148333333333333,0.0
0.3161166666666666,0.0
0.3003666666666666,0.0
