use,car
0.20136666666666664,0.0
0.20191666666666666,0.0
0.20125,0.0
0.19993333333333327,0.0
0.19456666666666664,0.0
0.194,0.0
0.19346666666666665,0.0
0.1934,0.0
0.2043,0.0
0.20085,0.0
0.20575,0.0
0.21038333333333328,0.0
0.2129,0.0
0.21781666666666666,0.0
0.3666,0.0
0.58415,0.0
0.35345,0.0
0.2582833333333333,0.0
0.22735,0.0
0.2529833333333333,0.0
0.21728333333333327,0.0
0.2332166666666666,0.0
0.2411166666666666,0.0
0.23935,0.0
