use,car
0.2574166666666666,0.0
0.2570666666666666,0.0
0.2564,0.0
0.2588,0.0
0.2593,0.0
0.2674333333333333,0.0
0.4365,0.0
0.3427333333333333,0.0
0.72105,0.0
1.20415,0.0
0.5353666666666665,0.0
0.3596,0.0
0.36598333333333327,0.0
0.3718,0.0
0.3553,0.0
0.3606666666666666,0.0
0.3536833333333333,0.0
0.6686333333333332,0.0
0.7080166666666666,0.3358333333333333
5.176083333333333,3.9293166666666663
6.7251,3.8690166666666665
1.1896,0.3821333333333333
0.47855,0.0
0.5077,0.0
