use,car
0.5001666666666666,0.0
0.5777166666666665,0.0
0.4976333333333332,0.0
0.5425,0.0
0.52745,0.0
1.48355,0.0
0.9767,0.0
1.01925,0.0
0.97505,0.0
0.9680166666666664,0.0
0.4933833333333332,0.0
0.34215,0.0
0.48605,0.0
0.6150833333333332,0.0
0.5171166666666666,0.0
0.8048833333333331,0.0
1.3803333333333332,0.0
1.5590333333333333,0.0
1.1676833333333332,0.0
0.7720833333333331,0.0
0.8305666666666666,0.0
0.6840166666666666,0.0
1.4299666666666668,0.0
0.6488333333333332,0.0
