use,car
0.4917833333333332,0.0
0.5426,0.0
0.5204833333333332,0.0
0.55875,0.0
0.5688166666666666,0.0
0.4617333333333332,0.0
0.7269833333333332,0.0
0.6476333333333332,0.0
0.6921666666666666,0.0
2.905133333333333,0.0
0.9897833333333332,0.0
1.3249833333333332,0.0
5.411416666666667,0.00035
3.22125,5e-05
2.690516666666667,0.0003
6.0484833333333325,0.0003
1.0970166666666668,0.0
2.5378833333333333,0.0
2.68855,0.0
2.551283333333333,0.0
1.68745,0.0
1.596766666666667,0.0
1.49385,0.0
0.5522,0.0
