use,car
2.58455,0.0
1.4669,0.0
1.45425,0.0
1.2598333333333331,0.0
1.418216666666667,0.0
1.0961833333333333,0.0
1.9314166666666668,0.0
1.167433333333333,0.0
2.63995,0.0
3.286216666666667,0.00145
2.3613,0.0005333333333333333
0.7572666666666666,0.0
3.28215,0.0
2.6660666666666666,0.0
2.9540333333333333,0.0
1.4080666666666668,0.0
1.3558,0.0
5.309433333333333,0.0
5.231233333333333,0.0
5.039016666666666,0.0
2.7718833333333333,0.0
2.678116666666667,0.0
2.650116666666667,0.0
2.000433333333333,0.0
