use,car
0.4811166666666666,0.0
0.3530166666666666,0.0
0.4418166666666665,0.0
0.5412,0.0
0.4913166666666666,0.0
0.5458166666666666,0.0
0.6365,0.0
0.6319333333333332,0.0
0.4921666666666666,0.0
0.4254,0.0
0.47265,0.0
0.4203833333333333,0.0
0.7018833333333332,0.0
0.7609,0.0
0.3711,0.0006333333333333333
0.4104,0.0001
0.44356666666666655,0.0
1.4328166666666668,0.0
1.0941,0.0
0.7906666666666666,0.0
0.94875,0.0
0.6617166666666666,0.0
0.7116833333333332,0.0
0.5990333333333332,0.0
