use,car
0.4785666666666666,0.0
0.5023333333333332,0.0
0.43525,0.0
0.52405,0.0
0.4506666666666666,0.0
0.4829833333333332,0.0
1.1973333333333331,0.0
1.6517666666666668,0.8849166666666666
2.6210166666666668,0.3200333333333333
0.54015,0.0
0.4923666666666666,0.0003
0.45485,0.003
1.5775,1.1712166666666668
3.1384,2.5326833333333334
0.59455,0.00305
0.5227,0.0021
2.00535,0.0
0.93885,0.0
0.76065,0.0
2.2577333333333334,0.0
0.9475333333333332,0.0
0.8220333333333331,0.0
0.5313,0.0
0.4973,0.0
