use,car
0.6447833333333332,0.0
0.484,0.0
0.5039833333333332,0.0
0.4838833333333332,0.0
0.49055,0.0
0.5862,0.0
1.0648333333333333,0.0
0.6562666666666666,0.0
0.4979833333333332,0.0
0.4153,0.0
0.6187333333333332,0.0
0.4944833333333332,0.0
0.5958833333333332,0.0
0.41376666666666656,0.0
0.4542166666666666,0.0
0.43236666666666657,0.0
0.508,0.0
3.7647,1.8327
4.3551,3.2753
1.40255,0.0081
0.97455,0.0
1.0632833333333331,0.0
0.6966166666666666,0.0
0.5663,0.0
