use,car
0.5477333333333332,0.0
0.4820833333333332,0.0
0.4306333333333333,0.0
0.3901333333333333,0.0
0.4513833333333333,0.0
0.4313,0.0
0.87405,0.0
3.988066666666666,0.0
3.0042666666666666,0.0
1.6314333333333333,0.0
0.7402166666666666,0.0
1.2346,0.0
0.7436,0.0
0.5220166666666666,0.0
0.6551666666666666,0.0
0.7278,0.0
0.7651333333333331,0.0
0.80095,0.0
1.6175833333333332,0.0
1.5011,0.0
0.9254833333333332,0.0
1.0681166666666668,0.0
1.0980666666666667,0.0
0.54705,0.0
