use,car
0.57315,0.0
0.5249666666666666,0.0
0.5685166666666666,0.0
0.5291666666666666,0.0
0.5747666666666666,0.0
0.5600833333333332,0.0
1.1151666666666669,0.0
1.8773833333333332,0.0
3.644,0.0
3.27845,0.0
0.9134833333333332,0.0
0.6505166666666666,0.0
0.68685,0.0
0.7366333333333333,0.0
0.7723333333333331,0.0
1.95845,0.0002
2.560416666666667,0.0004
2.21255,0.0
1.0777333333333332,0.0
0.7090833333333332,0.0
1.0596833333333333,0.0
0.94425,0.0
0.86795,0.0
1.86785,0.0
