use,car
0.6162,0.0
0.5225833333333332,0.0
0.5397333333333332,0.0
0.5486833333333332,0.0
0.5246833333333332,0.0
0.68795,0.0
0.91295,0.0
1.4801333333333333,0.0
2.595883333333333,0.0
2.1337,0.0
1.4378,0.0
0.9758833333333332,0.0
3.179,0.0
5.613016666666667,2.2795666666666667
2.787516666666667,1.6847
3.133633333333333,0.0
2.69305,0.0
4.564283333333333,0.0
2.542483333333333,0.0
1.9346,0.0
2.46585,0.0
1.1762333333333332,0.0
1.00875,0.0
1.5399666666666667,0.0
