use,car
0.4703833333333332,0.0
1.2194333333333331,0.0
0.5480166666666666,0.0
0.6991833333333332,0.0
0.4931166666666666,0.0
0.5743333333333333,0.0
0.8612833333333331,0.0
0.6692,0.0
0.4952833333333332,0.0
0.4243,0.0
0.4483333333333333,0.0
0.38061666666666655,0.0
0.5661,0.0
0.4541666666666666,0.0
0.4159,0.0
0.3994,0.0
0.41865,0.0
1.4313166666666668,0.0
0.97105,0.0
4.10495,0.0
5.421383333333333,0.0
2.042666666666667,0.0
1.1949,0.0
0.7429333333333331,0.0
