use,car
0.53285,0.0
1.1208166666666668,0.0
0.52655,0.0
0.5754666666666666,0.0
0.5759,0.0
0.4697666666666666,0.0
0.7253666666666665,0.0
0.7614166666666666,0.0
0.872533333333333,0.0
4.9143333333333326,0.0
2.579733333333333,0.0
3.8400666666666665,0.0
0.8366,0.0
0.78865,0.0
1.0247,0.0
0.754,0.0
2.8821166666666667,0.0
0.83655,0.0
3.67835,1.5868166666666668
4.2156,3.3763
4.400833333333333,3.377066666666667
4.63,3.0458333333333334
0.7984,0.14866666666666664
0.61,0.0
