use,car
0.6559,0.0
0.6609833333333331,0.0
0.5999166666666667,0.0
0.54065,0.0
0.5687,0.0
0.53,0.0
0.8941833333333331,0.0
1.0178333333333331,0.0
0.8324166666666666,0.0
0.5852833333333332,0.0
0.8319333333333331,0.0
0.9048333333333332,0.0
0.7771666666666666,0.0
0.4655,0.0
0.7920166666666666,0.0
0.6536333333333332,0.0
0.7411166666666666,0.0
1.04235,0.0
1.053,0.0
1.2652,0.0
1.1217833333333331,0.0
1.20575,0.0
0.8798833333333331,0.0
0.71725,0.0
