use,car
5.510983333333333,4.9096166666666665
4.152266666666667,3.587133333333333
0.5868333333333332,0.0
0.5781,0.0
0.6338333333333332,0.0
0.8823166666666666,0.0
0.8503666666666666,0.0
1.2382833333333332,0.0
0.85425,0.0
0.7416333333333331,0.0
0.6176,0.0
0.7687833333333332,0.0
0.6266166666666666,0.0
1.2283,0.0
1.94955,0.0
1.921433333333333,0.0
1.5163,0.0
2.0056333333333334,0.0
2.124766666666667,0.0
3.7193,0.0
2.3264,0.0
2.10535,0.0
5.277833333333333,4.483583333333333
5.729433333333333,4.95475
