use,car
1.3323666666666667,0.0
1.5847833333333332,0.0
0.6418166666666666,0.0
1.2450166666666669,0.0
0.6189,0.0
0.66055,0.0
0.5924,0.0
0.9272666666666664,0.0
1.5535166666666669,0.0
0.772,0.0
0.8529666666666667,0.0
1.0669166666666667,0.0
1.0063,0.0
2.3061333333333334,0.0
1.4236333333333333,0.0
1.6610666666666667,0.0
1.3733,0.0
3.047133333333333,0.0
1.1076,0.0
2.564033333333333,0.0
1.2827666666666668,0.0
2.0810166666666667,0.0
2.05835,0.0
0.8209666666666666,0.0
