use,car
4.354166666666666,3.7557166666666664
0.5763833333333332,0.0
0.5470333333333331,0.0
0.5696833333333332,0.0
0.6768,0.0
0.5244166666666666,0.0
0.5303833333333332,0.0
0.55425,0.0
0.7765,0.0
1.2193833333333333,0.0
3.018266666666667,0.0
2.2849666666666666,0.0
1.2360833333333332,0.0
1.0030666666666663,0.0
0.8952,0.0
0.7095,0.0
0.7354166666666665,0.0
1.0552333333333332,0.0
1.0466,0.0
1.1326833333333333,0.0
1.01365,0.0
2.30415,0.0
5.2122166666666665,4.429083333333333
5.239316666666666,4.5074
