use,car
2.30165,0.0
0.7251666666666665,0.0
0.5451666666666666,0.0
0.5895666666666666,0.0
0.64195,0.0
0.5778166666666666,0.0
0.5547833333333332,0.0
0.6164833333333332,0.0
1.915333333333333,0.0
0.5757,0.0
2.1091333333333333,0.0
2.16935,0.0
2.43225,0.0
2.8570333333333333,0.0
2.9248833333333333,0.0
3.952083333333333,0.0
4.5825,0.0
1.1692833333333332,0.0
5.747816666666666,0.0
3.542383333333333,0.0
4.168566666666666,0.0
2.544916666666667,0.0
2.358833333333333,0.0
1.48975,0.0
