use,car
1.88955,0.0
2.38125,0.0
1.7123,0.0
1.1097666666666668,0.0
1.0704833333333332,0.0
0.5214333333333332,0.0
0.81615,0.0
0.6741166666666666,0.0
1.5470166666666667,0.0
1.0303666666666669,0.0
3.2208666666666668,0.0
1.6256333333333333,0.0
3.7762,0.0
5.629266666666666,0.0
0.8803166666666666,0.0
0.8174833333333331,0.0
3.022266666666667,0.0
4.0888833333333325,0.0
2.623216666666667,0.0
3.4672,0.0
6.7802333333333324,0.0
3.1405166666666666,0.0
2.82205,0.0
2.8731166666666668,0.0
