use,car
4.327633333333333,0.0
1.7939,0.0
1.38255,0.0
2.8670166666666668,0.0
0.5406833333333332,0.0
0.5267666666666666,0.0
0.4814,0.0
0.4961666666666666,0.0
0.7417,0.0
1.4094833333333332,0.0
2.34665,0.0
3.60095,0.0
1.5506166666666668,0.0
0.7316166666666665,0.0
3.3888833333333332,0.0
4.0328833333333325,0.0
1.89505,0.0
3.95505,0.0
4.795033333333333,0.0
6.3673,0.0
4.2849,0.0
2.841416666666667,0.0
3.162433333333333,0.0
3.2969666666666666,0.0
