use,car
2.7348833333333333,0.0
2.1190333333333333,0.0
2.729816666666667,0.0
1.3332,0.0
2.0180333333333333,0.0
1.2616666666666667,0.0
0.6499833333333332,0.0
0.5748833333333332,0.0
1.69725,0.0
1.7157833333333332,0.0
3.041383333333333,0.0
3.2129833333333333,0.0
3.587216666666667,0.0
4.469566666666666,0.0
0.6708,0.0
0.3601333333333333,0.0
0.38965,0.0
0.3364166666666666,0.0
0.38671666666666654,0.0
0.3435833333333333,0.0
0.3864,0.0
0.3744333333333333,0.0
0.3612166666666666,0.0
0.4755333333333332,0.0
