use,car
4.475783333333333,1.07
1.5597,0.0
2.08825,0.0
2.4996,0.0
1.2901,0.0
1.32145,0.0
0.6416833333333332,0.0
2.312883333333333,0.0001
2.010533333333333,0.0
1.3744,0.0
1.85225,0.0
2.05485,0.0
4.3864,0.0
5.66625,0.0
0.54645,0.0
3.46795,0.0
4.552416666666667,0.0
2.906166666666667,0.0
5.119166666666667,0.0
2.6076,0.0
4.548216666666667,0.0
2.94725,0.0
3.90685,0.0
2.35455,0.0
