use,car
0.99465,0.0
2.0944,0.0
1.9451,0.0
1.2844,0.0
1.9177666666666668,0.0
0.5628,0.0
0.5641666666666666,0.0
1.5061666666666669,0.0
1.4663333333333333,0.0
3.3722833333333333,0.0
2.1138,0.0
1.74005,0.0
2.871316666666667,0.0
2.528566666666667,0.0
1.70735,0.0
2.6174166666666667,0.0
3.3478,0.0
3.080783333333333,0.0
2.8118166666666666,0.0
3.9857666666666662,0.0
1.4289666666666667,0.0011666666666666665
4.237566666666666,0.0
7.5614833333333324,4.453383333333333
7.3088,4.933183333333333
