use,car
7.256883333333333,5.85755
7.77855,5.8862
4.939383333333333,4.2877
1.2270166666666669,0.0
1.20365,0.0
0.65145,0.0
0.9373833333333332,0.0
1.2000333333333333,0.0
2.033233333333333,0.0
1.3154,0.0
1.9647666666666668,0.0
2.78645,0.0
4.731933333333333,0.0
2.2019,0.0
3.7615,0.0
4.373566666666666,0.0
2.9719333333333333,0.0
2.57215,0.0
4.5334,0.0
2.715333333333333,0.0
3.6806333333333328,0.0
3.1787,0.0
2.928866666666667,0.0
1.58545,0.0
