use,car
1.43145,0.0
0.7674,0.0
0.6828333333333332,0.0
0.7098833333333332,0.0
0.7201166666666666,0.0
0.67645,0.0
0.7292,0.0
0.7368833333333332,0.0
0.8535333333333331,0.0
0.8062666666666666,0.0
1.1632,0.0
1.1395833333333332,0.0
2.6377,0.0
2.5061,0.0
3.885166666666666,0.0
4.0029,0.0
2.334283333333333,0.0
3.364533333333333,0.0
2.723466666666667,0.0010666666666666665
5.611266666666666,0.0
2.5662333333333334,0.0
1.823683333333333,0.0
6.734066666666666,5.2535
6.459633333333333,5.799416666666667
