use,car
0.72905,0.0
0.71205,0.0
0.6808666666666666,0.0
0.6791833333333333,0.0
0.6659166666666666,0.0
0.63125,0.0
0.98365,0.0
1.31905,0.0
0.7830833333333331,0.0
0.5887,0.0
0.6898333333333332,0.0
0.8901,0.0
0.99865,0.0
0.7808666666666666,0.0
0.78425,0.0
0.7952833333333331,0.0
1.2705166666666667,0.0
2.0533,0.0
2.2665333333333333,0.0
2.07895,0.0
1.6509833333333332,0.0
1.1646666666666667,0.0
5.394733333333333,4.489566666666667
5.754616666666666,4.945533333333333
