use,car
2.86685,2.2209166666666667
0.5734666666666666,0.0
0.56785,0.0
0.5551666666666666,0.0
0.57855,0.0
0.5411666666666666,0.0
0.7343333333333332,0.0
0.9104166666666667,0.0
0.6762333333333332,0.0
0.49035,0.0
0.3892,0.0
0.5544166666666666,0.0
0.6177166666666666,0.0
0.4742,0.0
0.44196666666666656,0.0
0.6358333333333333,0.0
1.097,0.0
0.8917166666666666,0.0
0.8175,0.0
0.98805,0.0
2.217916666666667,0.0
0.9335166666666664,0.0
0.7871833333333331,0.0
0.6550333333333332,0.0
