use,car
0.6959166666666666,0.0
0.6759,0.0
0.6508166666666666,0.0
0.6441,0.0
0.6492,0.0
0.6283833333333332,0.0
0.8623166666666666,0.0
0.8524666666666666,0.0
0.60815,0.0
0.4738833333333332,0.0
0.9290833333333332,0.0
0.9736333333333332,0.0
0.73895,0.0
0.6728833333333332,0.0
0.6862166666666666,0.0
0.7471166666666667,0.0
0.97145,0.0
1.0616666666666668,0.0
0.9973333333333332,0.0
0.8450833333333331,0.0
0.9851166666666664,0.0
0.9530666666666664,0.0
0.7025333333333332,0.0
0.7104333333333333,0.0
