use,car
0.6848166666666666,0.0
0.6109,0.0
0.5705666666666666,0.0
0.574,0.0
0.5313333333333332,0.0
0.5636833333333332,0.0
0.5292666666666666,0.0
0.8934833333333331,0.0
0.9958,0.0
1.1661,0.0
1.2354666666666667,0.0
0.9146,0.0
0.90245,0.0
0.9141,0.0
1.0606666666666669,0.0
1.0396333333333332,0.0
1.0349666666666668,0.0
1.082466666666667,0.0
1.3203333333333331,0.0
1.1877833333333332,0.0
0.77955,0.0
1.331,0.0
5.352416666666667,4.368033333333333
5.5963,4.80555
