use,car
5.45245,4.9224
0.88405,0.2737
0.5491833333333332,0.0
0.5755,0.0
0.5409666666666666,0.0
0.59215,0.0
0.73385,0.0
0.9069166666666666,0.0
0.5934,0.0
0.4925,0.0
0.62475,0.0
0.51315,0.0
0.4694,0.0
0.5463166666666666,0.0
0.68255,0.0
0.6379,0.0
0.6066166666666666,0.0
1.1053666666666668,0.0
1.0804,0.0
1.0529,0.0
1.0951666666666668,0.00045
1.58525,0.0
5.672116666666667,4.440033333333333
6.0214333333333325,4.911316666666666
