use,car
5.509566666666666,4.89915
5.550133333333333,4.9006
0.7209833333333332,0.05651666666666666
0.634,0.0
0.59175,0.0
0.6352,0.0
0.85365,0.0
0.89155,0.0
0.6028833333333332,0.0
0.4881166666666666,0.0
0.4666166666666666,0.0
0.49585,0.0
0.7508833333333331,0.0
0.8810166666666666,0.0
0.77415,0.0
0.7406833333333331,0.0
1.05105,0.0
1.2501166666666668,0.0
1.166216666666667,0.0
1.2986166666666668,0.0
1.16735,0.0
1.0226166666666667,0.0
0.87565,0.0
0.6894333333333332,0.0
