use,car
0.37466666666666654,0.0
0.4462333333333333,0.0
0.46365,0.0
0.3556666666666666,0.0
0.3385,0.0
0.36325,0.0
0.3233,0.0
0.42536666666666656,0.0
0.43161666666666654,0.0
0.41896666666666654,0.0
0.3397333333333333,0.0
0.3897833333333333,0.0
0.38751666666666656,0.0
0.66295,0.0
1.9057,0.0
1.2303333333333333,0.0
1.494816666666667,0.0
2.448183333333333,0.0
2.4827,0.0
1.93095,0.0
1.9607666666666668,0.0
1.2131166666666668,0.0
1.1996,0.0
2.4368166666666666,1.5902166666666668
