use,car
5.606283333333333,4.971
5.6757833333333325,4.98025
5.5893,4.998616666666666
2.0157,1.440583333333333
0.6034,0.0
0.69455,0.0
0.6314666666666666,0.0
0.9187,0.0
0.7883666666666665,0.0
0.5056666666666666,0.0
0.6538166666666666,0.0
0.6410333333333332,0.0
0.6496666666666666,0.0
0.6727833333333332,0.0
0.7465,0.0
0.7195666666666666,0.0
2.61435,0.0
1.3659,0.0
1.8275333333333332,0.0
1.8858666666666668,0.0
3.0974,0.0
1.2114,0.0
2.22065,0.0
1.12135,0.0
