use,car
1.358,0.0
2.13205,0.0
0.86665,0.0
1.0103,0.0
1.8247,0.0
0.8923,0.0
0.8976333333333331,0.0
2.986483333333333,0.0019166666666666663
4.179266666666666,2.5810166666666667
2.385016666666667,1.4283833333333331
0.9901333333333332,0.0
1.0578333333333332,0.0
1.0501166666666668,0.0
1.0106666666666664,0.0
1.0180833333333332,0.0
1.0408833333333332,0.0
1.04835,0.0
1.0419666666666667,0.0
1.0416,0.0
1.0434,0.0
1.16115,0.0
1.0652833333333331,0.0
1.0665,0.0
1.0720333333333332,0.0
