use,car
3.684516666666666,0.0
3.5636,0.0
2.662033333333333,0.0
1.1237333333333333,0.0
3.3801,0.0
1.6467333333333332,0.0
0.8283333333333331,0.0
2.753083333333333,0.0
1.2619833333333332,0.0
1.1586333333333332,0.0
1.75195,0.0
2.247533333333333,0.0
1.6187166666666668,0.0
2.316183333333333,0.0
1.7518166666666668,0.0
2.216733333333333,0.0
3.7308,0.0
2.583683333333333,0.0
3.84625,0.0
6.77405,2.62075
5.1573166666666665,0.9107833333333332
4.2390333333333325,0.0
3.0166,0.0
3.42925,0.0
