use,car
3.481816666666667,0.0
3.4368,0.0
3.39325,0.0
3.2756833333333333,0.0
3.273483333333333,0.0
1.2625,0.0
3.10185,0.0
1.4961833333333332,0.0
2.4261,0.10753333333333333
0.9375833333333332,0.0
2.8446333333333333,0.0
3.6105,0.0
4.9572,0.0
3.5385666666666666,0.0
4.97685,0.0
4.0609,0.0
4.349716666666667,0.0
4.1799833333333325,0.0
4.190983333333333,0.0
4.163483333333333,0.0
4.0644,0.0
4.0538333333333325,0.0
4.035783333333333,0.08075
3.89165,0.047033333333333316
