use,car
3.6012166666666667,0.0
3.554416666666667,0.0
3.504566666666667,0.0
3.5033166666666666,0.0
3.444516666666667,0.0
3.3358166666666667,0.0
3.3115,0.0
2.33225,0.0
1.1192,0.0
1.3135,0.0
2.17385,0.0
2.4561,0.0
2.9135666666666666,0.11691666666666665
3.6589333333333327,0.0
4.080183333333332,0.0
4.2009,0.0
4.2714333333333325,0.0
4.11715,0.0
3.9530666666666665,0.0
6.5419,0.0
5.32595,0.0
4.16365,0.0
4.03275,0.0
3.7336,0.0
