use,car
3.37055,0.0
3.3220666666666667,0.0
3.27835,0.0
3.08855,0.0
2.496833333333333,0.0
2.4209,0.00695
2.0324166666666668,0.12935
1.7491166666666669,0.0
0.8147666666666666,0.0
0.7384,0.0
0.6968666666666666,0.0
1.2413166666666668,0.0
1.54115,0.0
1.9083,0.0
1.7539,0.0
1.7634166666666669,0.0
1.3758333333333332,0.0
1.4512333333333332,0.0
1.7785,0.0
1.8073333333333332,0.0
1.66775,0.0005166666666666666
1.22075,0.123
1.2140833333333332,0.0
1.54335,0.0
