use,car
3.343866666666667,0.0
3.2382,0.0
3.244466666666667,0.0
3.1383666666666667,0.0
3.0318666666666667,0.0
1.4892666666666667,0.0
0.8826666666666666,0.0
2.146866666666667,0.0
1.79285,0.0
1.8192333333333333,0.0
1.9116333333333333,0.0
2.2960166666666666,0.0
3.4186,0.0
3.0227,0.0
3.7260166666666663,0.0
3.7637666666666663,0.0
3.952683333333333,0.0
3.9590833333333326,0.0
3.7917,0.0
3.716983333333333,0.0
3.680583333333333,0.0
3.8084666666666664,0.0
3.8936,0.0
3.6269166666666663,0.0
