use,car
2.908666666666667,0.0
1.6344166666666669,0.0
2.9427833333333333,0.0
1.0422,0.0
2.539566666666667,0.0
1.1583,0.0
1.7723666666666669,0.0
1.4782833333333332,0.0
0.6956166666666665,0.0
1.2573666666666667,0.0
0.51255,0.0
1.510133333333333,0.0
1.7641833333333332,0.0
2.25115,0.0
1.8134833333333331,0.0
2.07565,0.0
2.5921,0.0
3.8239,1.3230166666666667
5.6586333333333325,3.36715
6.179866666666666,3.352183333333333
4.48455,2.84255
3.752833333333333,0.0949
3.4581,0.0
3.024783333333333,0.0
