use,car
0.7370666666666665,0.0
0.9489,0.0
1.8909,0.0
0.6759,0.0
2.302483333333333,0.0
2.369933333333333,0.0
0.66125,0.0
1.0132666666666663,0.0
1.74595,0.0
3.19485,0.0
2.685083333333333,0.0
2.8767,0.0
2.05705,0.0
2.828116666666667,0.0
1.27025,0.0
1.039383333333333,0.0
1.660383333333333,0.0
2.3183833333333332,0.0
5.617866666666666,2.910883333333333
5.670483333333332,3.3619166666666667
6.139166666666666,3.3623333333333334
5.724633333333333,2.4717
3.50935,0.0
3.2294666666666667,0.0
