use,car
2.0721833333333333,0.0
1.8453833333333332,0.0
2.81355,0.0
0.9092,0.0
0.9038666666666666,0.0
2.0886666666666667,0.0
1.6376166666666667,0.0
0.65285,0.0
1.5456833333333333,0.0
2.0984833333333333,0.0
1.2075166666666668,0.0
1.7677333333333332,0.0
2.7302833333333334,0.0
2.5065666666666666,0.0
3.06785,0.0
0.8966666666666666,0.0
5.3808,2.3021
5.886083333333333,1.082466666666667
3.0447,0.0
1.79225,0.0
2.53945,0.0
5.156416666666666,0.0
2.485933333333333,0.0
3.4781,0.0
