use,car
3.32715,0.0
3.143733333333333,0.0
0.9421833333333332,0.0
2.7209166666666667,0.0
1.1356166666666667,0.0
1.7740833333333332,0.0
1.848833333333333,0.0
2.667216666666667,0.0
1.2356166666666668,0.0
2.2012666666666667,0.0
1.8249,0.0
1.4039833333333331,0.0
2.0544,0.0
2.890283333333333,0.0
2.522333333333333,0.0
3.28085,0.0
2.92845,0.0
4.9557,1.3234666666666668
7.001483333333333,3.35565
5.84845,3.3547
4.487333333333333,0.44295
4.48735,0.0
1.7745833333333332,0.0
1.7692,0.0
