use,car
2.6674,0.0
1.1966666666666668,0.0
2.0255,0.0
1.6436,0.0
1.1314,0.0
2.4707166666666667,0.0
0.4445,0.0
1.4139,0.0
0.7632,0.0
0.8516666666666666,0.0
1.9248166666666668,0.0
4.238366666666667,0.0
1.505016666666667,0.0
3.0512,0.0
1.5531833333333331,0.0
4.536233333333333,0.0
2.197833333333333,0.0
5.743816666666667,2.562133333333333
5.479933333333332,1.6676666666666669
4.388683333333333,0.0
2.6707666666666667,0.0
2.812466666666667,0.0
3.1248,0.0
3.039833333333333,0.0
