use,car
2.6599833333333334,0.0
2.714916666666667,0.0
1.92355,0.0
1.9310166666666668,0.0
2.5452166666666667,0.0
2.18395,0.0
2.0971,0.0
0.9796333333333332,0.0
0.52205,0.0
0.5132666666666666,0.0
1.19115,0.0
0.4811333333333332,0.0
1.3208,0.0
1.4898833333333332,0.0
1.4634,0.0
1.6447666666666667,0.0
3.473266666666667,1.8323333333333331
5.125066666666666,3.0546
2.5281,0.07095
2.4339166666666667,0.0
2.212683333333333,0.0
2.361416666666667,0.0
2.7688333333333333,0.0
3.555966666666667,0.0
