use,car
1.658,0.0
2.052,0.0
1.3091833333333331,0.0
1.7749333333333333,0.0
1.0957333333333332,0.0
1.6256833333333331,0.0
2.3018666666666667,0.0
1.18825,0.0
0.504,0.0
0.49115,0.0
0.4849833333333332,0.0
0.4844166666666666,0.0
0.4821,0.0
0.6173,0.0
1.2175166666666668,0.0
1.9265,0.3409666666666666
2.59475,1.7713833333333333
5.575283333333333,3.366683333333333
6.259566666666666,3.3587833333333332
5.912583333333333,2.290433333333333
3.602266666666667,0.0
3.573516666666667,0.0
3.45335,0.0
3.3922,0.0
