use,car
1.3049333333333333,0.0
1.2583,0.0
1.2293333333333332,0.0
1.2905166666666668,0.0
1.2324166666666667,0.0
1.1958666666666669,0.0
1.2093833333333333,0.0
1.4332333333333331,0.0
1.2269,0.0
1.2421833333333332,0.0
2.4327,0.0
1.4286666666666668,0.0
1.6570166666666668,0.0
3.1689333333333334,0.0
1.7501833333333332,0.0
1.6792833333333332,0.0
1.26655,0.0
2.2587,0.0
2.987416666666667,0.0
2.02545,0.0
2.1076333333333332,0.0
3.8469,0.0
2.1903333333333332,0.0
3.531,0.0
