use,car
1.39085,0.0
1.2262,0.0
1.3404166666666668,0.0
1.3176666666666668,0.0
1.3732,0.0
1.4691833333333333,0.0
4.337133333333333,0.0
1.825,0.0
1.50475,0.0
1.3983666666666668,0.0
1.4360166666666667,0.0
1.37815,0.0
1.5096,0.0
1.473,0.0
1.429633333333333,0.0
1.5189333333333332,0.0
1.9159666666666668,0.0
5.453116666666666,3.31035
3.8657,1.7364333333333333
1.9791666666666667,0.0
2.185316666666667,0.0
2.015133333333333,0.0
1.4505,0.0
1.2398166666666668,0.0
