use,car
0.8103833333333331,0.0
0.8616,0.0
0.84905,0.0
0.8001666666666666,0.0
0.7842666666666666,0.0
1.0955666666666668,0.0
1.31305,0.0
1.1679,0.0
1.04615,0.0
0.73795,0.0
0.7333833333333332,0.0
0.7045833333333332,0.0
0.7030333333333332,0.0
0.70385,0.0
0.6972166666666666,0.0
0.6995166666666666,0.0
0.7399833333333331,0.0
0.8525666666666666,0.0
1.0319,0.0
1.28455,0.0
1.15005,0.0
1.23635,0.0
0.7400333333333331,0.0
0.7793833333333331,0.0
