use,car
1.6804333333333332,0.0
1.0659666666666667,0.0
1.5961833333333333,0.0
2.0011666666666668,0.0
1.0278833333333333,0.0
1.02255,0.0
1.0215833333333333,0.0
1.01945,0.0
2.28905,0.0
1.9617,0.0
1.0324833333333332,0.0
1.83325,0.0
0.8427833333333331,0.0
1.7369666666666668,0.0
3.55025,1.7373833333333333
1.5924666666666667,0.0
4.626583333333333,0.0
4.44585,0.0
4.2596333333333325,0.0
4.6997833333333325,0.0
3.0841166666666666,0.0
2.8522333333333334,0.0
1.70385,0.0
1.56525,0.0
