use,car
0.5346,0.0
0.92705,0.08871666666666665
0.8824333333333331,0.0
0.7420333333333331,0.0
0.9572666666666664,0.0
0.9821166666666664,0.0
0.8062666666666666,0.0
0.7538666666666666,0.0
0.6604,0.0
1.44125,0.0
2.195583333333333,0.0
2.93925,0.0
2.1681,0.0
2.36255,0.0
2.526466666666667,0.0
2.015366666666667,0.0
5.033733333333333,2.618
1.9618833333333332,0.17035
2.495016666666667,0.0
2.132233333333333,0.0
1.4441833333333332,0.0
1.7073166666666668,0.0
1.1946666666666668,0.0
1.3246,0.0
