use,car
1.66005,0.0
1.5829333333333333,0.0
1.45065,0.0
1.2743,0.0
0.7935833333333331,0.0
1.1459833333333331,0.0
1.0725166666666668,0.0
1.2749666666666668,0.0
1.08985,0.0
1.3897333333333333,0.0
1.8838,0.0
1.3257,0.0
1.9257,0.0
2.383433333333333,0.0
2.554933333333333,0.0
3.6185166666666664,0.08046666666666664
7.067,3.3609666666666667
5.65015,2.6942666666666666
0.6827666666666666,0.0
0.6642666666666666,0.0
0.35445,0.0
3.8626333333333327,2.2356833333333332
6.59015,3.3563
5.22475,3.3514666666666666
