use,car
3.21405,0.0
2.5679833333333333,0.0
1.9979833333333332,0.0
0.5965166666666666,0.0
0.539,0.0
0.6072666666666666,0.0
1.1849,0.0
0.6978166666666666,0.0
1.2203833333333332,0.0
1.0380666666666667,0.0
2.15295,0.0
2.0826333333333333,0.0
1.9780666666666669,0.0
1.90575,0.0
2.0309833333333334,0.0
0.7799,0.0
0.44616666666666654,0.0
2.202566666666667,1.153233333333333
3.3617,2.023616666666667
2.1244,0.0
1.5797,0.0
1.3107833333333332,0.0
2.47775,0.0
1.8953166666666668,0.0
