use,car
0.644,0.0
0.4169,0.0
0.4123,0.0
0.3586833333333333,0.0
0.38706666666666656,0.0
0.4053333333333333,0.0
0.5834,0.0
0.7493666666666666,0.0
0.3582166666666666,0.0
0.2863333333333333,0.0
0.2583,0.0
0.2461,0.0
0.2779833333333333,0.0
0.2961,0.0
0.5235833333333332,0.0
0.84115,0.0
0.9829166666666664,0.0
1.0468,0.0
1.3719,0.0
0.8112166666666666,0.037883333333333324
3.84405,3.3457833333333333
3.015166666666667,2.4219
0.8267166666666667,0.0
0.4831666666666666,0.0
