use,car
0.9136,0.0
0.9267166666666664,0.0
0.9953333333333332,0.0
1.3282166666666668,0.0
0.97,0.0
1.0398833333333333,0.0
1.2448333333333332,0.0
0.77915,0.0
0.69955,0.0
0.8805166666666666,0.0
0.72665,0.0
1.96805,0.7771333333333331
1.2991666666666668,0.0
1.0729166666666667,0.0
1.596933333333333,0.0
2.438683333333333,0.0
0.59875,0.0
0.863,0.0
2.74125,1.43725
2.8055,0.8567166666666666
1.4413166666666668,0.0
0.762633333333333,0.0
0.8571333333333331,0.0
0.5705333333333332,0.0
