use,car
1.2802833333333332,0.0
1.2780833333333332,0.0
1.1555666666666669,0.0
1.2249,0.0
1.16915,0.0
1.1036666666666668,0.0
1.0676166666666669,0.0
0.9870333333333332,0.0
1.2019666666666668,0.0
1.2851,0.0
1.8875333333333333,0.0
2.220133333333333,0.0
2.6155166666666667,0.0
2.3731166666666668,0.0
2.5586,0.0
2.3241,0.0
2.9751333333333334,0.0
2.7155666666666667,0.0
1.9915166666666668,0.0
2.0405333333333333,0.0
2.73015,0.0
2.5522666666666667,0.0
2.0076666666666667,0.0
2.7487833333333334,0.551
