use,car
1.5321,0.0
1.26005,0.0
1.3325166666666668,0.0
1.2589833333333331,0.0
1.3481833333333333,0.0
1.2199,0.0
1.0378333333333332,0.0
1.1306833333333333,0.0
1.17945,0.0
1.2354833333333333,0.0
1.47125,0.0
2.1117166666666667,0.0
1.9210666666666667,0.0
1.9485666666666668,0.0
2.02405,0.0
2.20905,0.0
3.5661666666666667,0.0
2.4689666666666668,0.0
3.0187833333333334,0.0
2.63005,0.0
3.094533333333333,0.0
2.57815,0.0
2.10075,0.0
5.122383333333333,3.5385166666666668
