use,car
1.3087333333333333,0.0
1.1888833333333333,0.0
1.2352,0.0
1.2773166666666669,0.0
1.1912333333333331,0.0
1.3928666666666667,0.0
1.0294,0.0
1.0774333333333332,0.0
1.0705,0.0
1.4732333333333332,0.0
2.195816666666667,0.0
2.27945,0.0
2.250166666666667,0.0
2.7854666666666668,0.0
2.7995666666666668,0.0
2.2338666666666667,0.0
2.331,0.0
2.020583333333333,0.0
1.7064833333333331,0.0
1.96645,0.0
1.7520833333333332,0.0
1.8391833333333332,0.0
1.86335,0.0
5.4219,3.5812666666666666
