use,car
2.2051166666666666,0.0
1.437533333333333,0.0
1.2177166666666668,0.0
1.2949833333333332,0.0
1.1606666666666667,0.0
1.0021166666666663,0.0
1.042166666666667,0.0
1.0283,0.0
1.0384666666666669,0.0
1.6006,0.0
3.050583333333333,0.0
2.847666666666667,0.0
3.202316666666667,0.0
2.7813166666666667,0.0
3.2893,0.0
4.409516666666667,0.0
4.919316666666666,0.0
4.952333333333333,0.0
4.292633333333333,0.0
3.5371,0.0
3.96395,0.0
3.4185833333333333,0.0
3.3800166666666667,0.0
2.17065,0.0
