use,car
2.2559666666666667,0.0
2.4801,0.0
2.4736,0.0
2.184283333333333,0.0
2.13185,0.0
2.1159833333333333,0.0
2.085933333333333,0.0
2.07565,0.0
2.14485,0.0
2.28965,0.0
2.650316666666667,0.0
2.43325,0.0
2.417933333333333,0.0
2.530866666666667,0.0
2.493816666666667,0.0
3.9071166666666666,0.0
5.23355,0.0
4.714716666666666,0.0
3.17895,0.0
2.4366166666666667,0.0004833333333333333
4.039033333333332,0.0
2.6865666666666668,0.0
2.6976166666666668,0.0
6.1437833333333325,3.5062333333333333
