use,car
1.5372833333333331,0.0
2.2232833333333333,0.0
1.4555333333333331,0.0
1.30225,0.0
1.2765333333333333,0.0
1.50505,0.0
1.2367,0.0
1.2101666666666668,0.0
1.6394666666666668,0.0
2.52965,0.0
4.092833333333333,0.0
3.026866666666667,0.0
4.215866666666666,0.0
3.35215,0.0
7.368483333333333,0.0
6.60375,0.0
6.4519,0.0
5.4981833333333325,0.0
3.91855,0.0
2.16355,0.0
2.4652,0.0
2.339983333333333,0.0
1.7511,0.0
2.23295,0.0
