use,car
2.9748,0.0
2.3419166666666666,0.0
2.256066666666667,0.0
2.1961,0.0
2.61555,0.0
2.3004,0.0
2.08415,0.0
2.85335,0.0
2.7945,0.0
4.5635,0.0
7.03205,0.0
6.647683333333333,0.0
6.765466666666667,0.0
7.402616666666666,0.0
7.208966666666665,0.0
7.510683333333333,0.0
6.9357,0.0
5.736333333333333,0.0
2.252866666666667,0.0
1.6466833333333333,0.0
1.68225,0.0
1.94595,0.0
2.3815,0.0
1.968883333333333,0.0
