use,car
2.04925,0.0
1.4097166666666667,0.0
1.4859833333333332,0.0
1.7249666666666668,0.0
2.0868333333333333,0.0
1.1227833333333332,0.0
1.670383333333333,0.0
1.5005166666666667,0.0
2.10585,0.0
2.6424833333333333,0.0
2.96115,0.0
4.233583333333333,0.0
4.111333333333333,0.0
3.456383333333333,0.0
5.527033333333333,0.0
5.155033333333333,0.0
7.265433333333333,0.0
6.788466666666666,0.0
4.1468333333333325,0.0
4.096233333333333,0.0
2.8161666666666667,0.0
4.205033333333333,0.0
2.4984,0.0
2.17005,0.0
