use,car
2.6351,0.0
2.4962,0.0
3.9314166666666663,0.0
1.28125,0.0
1.1525,0.0
1.43735,0.0
1.8064333333333331,0.0
2.4018333333333333,0.0
3.464366666666667,0.0
2.402133333333333,0.0
2.4229,0.0
2.417816666666667,0.0
2.5464333333333333,0.0
3.37965,0.0
2.7948,0.0
2.3622666666666667,0.0
2.372916666666667,0.0
2.036083333333333,0.0
3.4591,0.0
2.256333333333333,0.0
1.4275666666666669,0.0
1.9287166666666669,0.0
3.15055,0.0
1.5518833333333333,0.0
