use,car
4.369316666666666,2.9565333333333332
1.4012,0.0
1.4228833333333333,0.0
1.4787833333333331,0.0
1.369983333333333,0.0
2.930883333333333,0.0
2.08145,0.0
2.607683333333333,0.0
3.3627833333333332,0.0
2.773766666666667,0.0
3.3124833333333332,0.0
3.717333333333333,0.0
4.4290666666666665,0.0
3.1712,0.0
4.576716666666666,0.0
3.286233333333333,0.0
3.580366666666667,0.0
3.3395,0.0
2.540366666666667,0.0
1.9435333333333331,0.0
1.49315,0.0
1.33765,0.0
2.65365,0.0
1.36445,0.0
