use,car
6.642816666666667,5.235033333333333
1.3533666666666668,0.0
1.3833666666666669,0.0
2.7711,0.0
1.3332,0.0
1.6644166666666669,0.0
1.7593333333333332,0.0
1.8610666666666669,0.0
1.2296833333333332,0.0
1.85945,0.0
2.34875,0.0
3.5617,0.0
2.3633333333333333,0.0
2.27425,0.0
2.4113,0.0
2.4329666666666667,0.0
2.4731666666666667,0.0
1.9063166666666669,0.0
1.7456833333333333,0.0
1.543316666666667,0.0
1.3127666666666669,0.0
1.40595,0.0
2.67795,0.0
1.932416666666667,0.0
