use,car
3.664033333333333,2.15395
1.3510833333333332,0.0
3.28045,0.0
1.3884833333333333,0.0
1.761,0.0
1.9056833333333332,0.0
1.423,0.0
1.1183,0.0
2.934766666666667,0.0
2.149583333333333,0.0
2.226866666666667,0.0
2.1188,0.0
2.263383333333333,0.0
2.495483333333333,0.0
3.92435,0.0
2.2763,0.0
1.8423,0.0
2.023566666666667,0.0
1.5748166666666668,0.0
1.3745333333333332,0.0
1.4086333333333332,0.0
1.3808333333333331,0.0
2.879033333333333,0.0
1.32545,0.0
