use,car
2.9878,0.0
1.513,0.0
1.3791,0.0
1.5340166666666668,0.0
2.929333333333333,0.0
1.8255333333333332,0.0
1.524166666666667,0.0
1.1941333333333333,0.0
1.5954166666666667,0.0
2.1911,0.0
2.1262166666666666,0.0
2.17155,0.0
2.15525,0.0
2.2324,0.0
4.496183333333333,0.0
2.253283333333333,0.0
2.21275,0.003133333333333333
1.95445,0.002833333333333333
1.63525,0.0
1.6331666666666669,0.0
1.4932166666666669,0.0
1.7285833333333331,0.0
1.52865,0.0
4.9866166666666665,3.5399333333333334
