use,car
10.471266666666665,7.186166666666667
8.6361,7.2221
8.70525,7.266233333333333
2.4601,1.1289333333333331
1.65355,0.0
1.8380666666666667,0.0
1.3356333333333332,0.0
1.12095,0.0
2.645833333333333,0.0
2.5780833333333333,0.0
2.3327666666666667,0.0
2.7897166666666666,0.0
3.0083333333333333,0.0
2.609183333333333,0.0
2.48475,0.0
2.4983666666666666,0.0
3.5437,0.0
2.107083333333333,0.0
1.73675,0.0
1.4816833333333332,0.0
2.28065,0.0
1.6020833333333333,0.0
1.743083333333333,0.0
1.68825,0.0
