use,car
1.3745833333333333,0.0
1.2020166666666667,0.0
1.2825,0.0
1.1423,0.0
1.1336333333333333,0.0
1.1590166666666668,0.0
1.2188,0.0
1.0505666666666669,0.0
1.0545166666666668,0.0
1.4995,0.0
2.460583333333333,0.0
2.606033333333333,0.0
2.54175,0.0
2.9343166666666667,0.0
2.717,0.0
2.4850166666666667,0.0
2.01105,0.0
1.478816666666667,0.0
1.7756,0.0
1.7443833333333332,0.0
2.256483333333333,0.0
1.71215,0.0
1.7588,0.0
1.7346666666666668,0.0
