use,car
1.3541666666666667,0.0
1.1857,0.0
1.4805,0.0
1.2397833333333332,0.0
1.24175,0.0
1.2107666666666668,0.0
1.2532833333333333,0.0
1.0701833333333333,0.0
1.0770166666666667,0.0
1.50145,0.0
2.466066666666667,0.0
2.790433333333333,0.0
2.59015,0.0
2.7021,0.0
2.58685,0.0
2.606516666666667,0.0
1.8604,0.0
1.5944166666666668,0.0
1.7130333333333332,0.0
1.8207166666666668,0.0
2.3188,0.0
1.7765333333333333,0.0
1.97225,0.0
6.255516666666667,3.7982333333333327
