use,car
1.2434166666666668,0.0
1.20415,0.0
1.14895,0.0
1.2252333333333332,0.0
1.21195,0.0
1.19545,0.0
1.1528833333333333,0.0
0.9893833333333332,0.0
1.0802666666666667,0.0
1.2327833333333331,0.0
1.5161,0.0
2.3750166666666668,0.0
2.403316666666667,0.0
2.286716666666667,0.0
2.42035,0.0
2.3399,0.0
2.429,0.0
1.8642166666666669,0.0
2.3849,0.0
2.377,0.0
2.35315,0.0
1.647333333333333,0.0
1.7670333333333332,0.0
1.70205,0.0
