use,car
1.42475,0.0
1.3247833333333332,0.0
1.0769833333333332,0.0
1.1591333333333331,0.0
0.9287666666666664,0.0
0.9573666666666664,0.0
1.0507833333333332,0.0
0.8460166666666666,0.0
1.1799166666666667,0.0
1.2187333333333332,0.0
2.360266666666667,0.0
2.657916666666667,0.0
2.9353833333333332,0.0
3.3533166666666667,0.0
2.909866666666667,0.0
4.003583333333332,0.0
3.52225,0.0
3.4503666666666666,0.0
3.534416666666667,0.0
2.6754,0.0
2.252,0.0
2.46345,0.0
2.6516333333333333,0.0
1.7683833333333332,0.0
