use,car
1.3637333333333332,0.0
1.3322166666666668,0.0
1.2379833333333332,0.0
1.2204,0.0
1.2558166666666668,0.0
1.2504166666666667,0.0
1.1256,0.0
1.185533333333333,0.0
1.2724666666666669,0.0
1.1839833333333332,0.0
1.5628833333333332,0.0
2.31705,0.0
2.404433333333333,0.0
3.5160666666666667,0.0
2.97375,0.0
3.4776333333333334,0.0
4.236766666666666,0.0
3.663183333333333,0.0
3.0394,0.0
3.6086166666666664,0.0
3.4017166666666667,0.0
2.3882166666666667,0.0
2.4610333333333334,0.0
1.6928833333333333,0.0
