use,car
1.8029666666666668,0.0
1.29555,0.0
1.09265,0.0
1.0941833333333333,0.0
1.0919666666666668,0.0
1.0755833333333331,0.0
1.0847,0.0
1.0680666666666667,0.0
1.1965333333333332,0.0
2.251783333333333,0.0
1.605716666666667,0.0
2.8695833333333334,0.0
3.509666666666667,0.0
4.0281,0.0
4.14175,0.0
3.7596,0.0
4.863233333333333,0.0
4.8171833333333325,0.0
4.566716666666666,0.0
2.5808833333333334,0.0
4.136866666666666,0.0
3.1306833333333333,0.0
2.2891833333333333,0.0
2.4490333333333334,0.0
