use,car
1.21905,0.0
1.0498166666666668,0.0
0.9238,0.0
1.0037666666666665,0.0
0.9882833333333332,0.0
1.1052666666666668,0.0
1.07575,0.0
1.1096833333333331,0.0
1.181366666666667,0.0
1.1149666666666669,0.0
1.4940666666666669,0.0
1.9580333333333333,0.0
1.90995,0.0
2.0539,0.0
2.225233333333333,0.0
2.7724333333333333,0.0
3.090866666666667,0.0
2.614383333333333,0.0
3.386633333333333,0.0
2.4214333333333333,0.0
2.217416666666667,0.0
2.3065,0.0
2.1769166666666666,0.0
1.411333333333333,0.0
