use,car
1.1736666666666669,0.0
1.1267333333333331,0.0
0.9651,0.0
0.9250333333333332,0.0
1.14055,0.0
1.0295333333333332,0.0
1.0406666666666669,0.0
1.1722666666666668,0.0
1.35215,0.0
1.5593,0.0
1.5279333333333331,0.0
1.9592,0.0
1.934483333333333,0.0
1.786266666666667,0.0
2.259066666666667,0.0
2.1353666666666666,0.0
2.448633333333333,0.0
2.067133333333333,0.02995
3.0016,0.0
3.091133333333333,0.0
2.651683333333333,0.0
1.9563166666666667,0.0
1.85515,0.0
5.41275,3.5624833333333332
