use,car
0.6285,0.004
0.7034,0.004
0.6422166666666665,0.004
0.6759333333333332,0.004
0.7528,0.004
0.7079833333333332,0.004
0.93555,0.004
1.0775666666666668,0.004
1.13825,0.004
0.5382333333333332,0.004
0.5989666666666666,0.004
0.5459666666666666,0.004
0.5546833333333332,0.004
0.6189833333333332,0.004
0.5835,0.004
0.5647,0.004
0.6459833333333332,0.004
1.34035,0.004
2.10345,0.004
3.9109166666666666,1.9404666666666668
2.1405,0.4573833333333333
1.7052333333333332,0.004
1.4358,0.004
0.85515,0.004
