use,car
1.006133333333333,0.0
1.1670666666666667,0.0
1.1577833333333332,0.0
0.923,0.0
1.1750166666666668,0.0
0.9013833333333332,0.0
1.0633,0.20006666666666664
0.3904166666666665,0.0
0.8027,6.666666666666666e-05
0.82285,5e-05
1.3221833333333333,0.0
4.270816666666667,5e-05
4.7559,0.0
4.612583333333332,0.0
4.80675,0.0
4.7136,0.0
4.550733333333333,0.0
2.615883333333333,0.0
3.0204,0.0
1.41735,0.0
2.247,5e-05
2.296383333333333,0.0001
0.9509833333333332,0.0
1.27315,5e-05
