use,car
2.0873833333333334,1.0915666666666668
0.9724666666666664,0.0
0.6399333333333332,0.0
0.5170833333333332,0.0
0.7032833333333331,0.0
0.50515,0.0
0.30745,0.0
0.305,0.0
0.4496333333333333,0.00011666666666666668
0.3246666666666666,0.0
0.32335,0.0
0.8691666666666666,0.0
1.32765,0.0
1.5287,0.0
1.3841333333333332,0.0
2.21045,0.0
4.499466666666667,0.0
4.38315,0.0
4.259433333333333,0.0
3.98685,0.0
3.45335,0.0
6.426583333333332,2.5485
4.155033333333333,2.04285
1.3649,0.0
