use,car
2.986283333333333,0.0
1.8966833333333333,0.0
1.92235,0.0
1.27915,0.0
1.4674666666666667,0.0
0.7315,0.0
0.8772,0.0
0.8082333333333331,0.0
1.2657833333333333,0.0
1.6136333333333333,0.0
1.7218,0.0
2.526133333333333,0.0
2.155666666666667,0.0
2.42835,0.0
2.2718,0.0
3.923883333333333,0.0
3.4584333333333332,0.0
4.343583333333333,0.0
4.6146666666666665,0.0
4.5696666666666665,0.0
5.33235,0.432
5.443816666666667,0.04181666666666666
4.99285,0.0009166666666666666
4.48045,0.0
