use,car
0.2729,0.0
0.2531166666666666,0.0
0.25105,0.0
0.2628,0.0
0.2493166666666666,0.0
0.2497833333333333,0.0
0.4923666666666666,0.0002666666666666667
0.4871,0.0
0.54625,0.0
0.79985,0.0002333333333333333
1.19335,0.746
3.1071166666666667,2.3617
0.48515,0.0
0.4839,0.0
0.5259,0.0
2.361416666666667,1.70615
3.85675,3.308883333333333
1.543,0.9324166666666664
0.6955333333333332,0.0
0.8455,0.0
0.6696666666666666,0.0
1.946683333333333,0.0007166666666666666
1.9437,0.0
1.2883,0.0
