use,car
0.4793833333333332,0.0
0.28975,0.0
0.2882666666666666,0.0
0.3065666666666666,0.0
0.28415,0.0
0.2830333333333333,0.0
0.2827666666666666,0.0
0.28465,0.0
0.2905333333333333,0.0
0.2967166666666666,0.0
0.2937333333333333,0.0
0.3096,0.0
0.3132833333333333,0.0
0.3266,0.0
0.32575,0.0
0.3202,0.0
0.3034166666666666,0.0
0.30415,0.0
0.8616333333333331,0.0
0.7675,0.0
0.72005,0.0
0.3188666666666666,0.0
0.3139333333333333,0.0
2.0298333333333334,0.0010166666666666666
