use,car
0.0,0.006
0.0,0.006
0.0,0.006
0.0,0.006
0.0,0.006
0.0,0.006
0.0,0.006
0.0,0.006
0.0,0.006
0.0,0.006
0.0,0.006
0.0,0.006
0.0,0.006
0.0,0.006
0.0,0.006
0.0,0.005933333333333333
0.0,0.005966666666666666
0.0,0.005866666666666667
0.0,0.006
0.0,2.390066666666667
0.0,0.0059
0.0,0.00515
0.0,0.005883333333333332
0.0,0.006
