use,car
0.0,3.731833333333333
0.0,1.5946
0.0,0.006
0.0,0.006
0.0,0.006
0.0,0.006
0.0,0.006
0.0,0.006
0.0,0.006
0.0,0.006
0.0,0.006
0.0,0.006
0.0,0.005816666666666666
0.0,0.00585
0.0,0.005666666666666666
0.0,0.005083333333333333
0.0,0.0053
0.0,0.005066666666666666
0.0,0.0054333333333333326
0.0,0.00585
0.0,0.006
0.0,0.005883333333333332
0.0,0.0058
0.0,0.006
