use,car
0.0,0.006
0.0,0.006
0.0,0.006
0.0,0.006
0.0,0.006
0.0,0.006
0.0,0.006
0.0,0.006
0.0,0.006
0.0,0.006
0.0,0.006
0.0,0.006
0.0,0.006
0.0,0.0057666666666666665
0.0,0.0057333333333333325
0.0,0.006
0.0,0.006
0.0,0.005883333333333332
0.0,0.0059
0.0,0.71645
0.0,3.20695
0.0,0.0057333333333333325
0.0,0.006
0.0,0.006
