use,car
0.0,0.0063
0.0,3.1924
0.0,0.006
0.0,0.006
0.0,0.006
0.0,0.006
0.0,0.006
0.0,0.006
0.0,0.006
0.0,0.006
0.0,0.006
0.0,0.006
0.0,0.006
0.0,0.0055833333333333325
0.0,0.0054333333333333326
0.0,0.005933333333333333
0.0,0.00585
0.0,0.00565
0.0,0.005933333333333333
0.0,1.9230666666666667
0.0,1.2811333333333332
0.0,0.006
0.0,0.006
0.0,0.006
