use,car
0.0,0.006
0.0,0.006
0.0,0.006
0.0,0.006
0.0,0.006
0.0,0.006
0.0,0.006
0.0,0.006
0.0,0.006
0.0,0.006
0.0,0.006
0.0,0.006
0.0,0.006
0.0,0.005983333333333333
0.0,0.0057666666666666665
0.0,0.005983333333333333
0.0,0.005933333333333333
0.0,0.005916666666666666
0.0,0.006
0.0,0.005883333333333332
0.0,2.5025
0.0,3.3637333333333332
0.0,3.3597333333333332
0.0,2.447716666666667
