use,car
0.0,0.00575
0.0,0.005933333333333333
0.0,0.006
0.0,0.006
0.0,0.006
0.0,0.006
0.0,0.006
0.0,0.006
0.0,0.006
0.0,0.005983333333333333
0.0,0.006
0.0,0.006
0.0,0.006
0.0,0.005366666666666666
0.0,0.0057
0.0,0.00565
0.0,0.0052
0.0,0.005
0.0,0.0054666666666666665
0.0,1.7004833333333331
0.0,2.36805
0.0,0.005933333333333333
0.0,0.006
0.0,0.006
