use,car
0.0,0.006
0.0,0.006
0.0,0.006
0.0,0.006
0.0,0.006
0.0,0.006
0.0,0.006
0.0,0.006
0.0,0.006
0.0,0.006
0.0,0.006
0.0,0.006
0.0,0.006
0.0,0.005983333333333333
0.0,0.005983333333333333
0.0,0.0056166666666666665
0.0,0.0054666666666666665
0.0,0.005533333333333333
0.0,0.00565
0.0,0.006
0.0,0.006
0.0,0.006
0.0,0.006
0.0,0.006
