use,car
0.0,0.006
0.0,0.006
0.0,0.006
0.0,0.006
0.0,0.006
0.0,0.006
0.0,0.006
0.0,0.006
0.0,0.006
0.0,0.006
0.0,0.006
0.0,0.006
0.0,0.005966666666666666
0.0,0.005533333333333333
0.0,0.00545
0.0,0.00525
0.0,0.005283333333333333
0.0,0.005833333333333333
0.0,0.005366666666666666
0.0,0.005716666666666667
0.0,0.005883333333333332
0.0,0.0057666666666666665
0.0,0.006
0.0,0.006
