use,car
0.0,1.4537166666666668
0.0,2.984566666666667
0.0,0.005916666666666666
0.0,0.006
0.0,0.006
0.0,0.006
0.0,0.006
0.0,0.00595
0.0,0.006
0.0,0.006
0.0,0.006
0.0,0.006
0.0,0.006
0.0,0.006
0.0,0.005966666666666666
0.0,0.00585
0.0,0.00525
0.0,0.0054333333333333326
0.0,0.00585
0.0,0.005916666666666666
0.0,3.0657
0.0,3.365933333333333
0.0,3.3567
0.0,2.276216666666667
