use,car
0.0,0.0059
0.0,0.005833333333333333
0.0,0.0056
0.0,0.006
0.0,0.006
0.0,0.006
0.0,0.006
0.0,0.005983333333333333
0.0,0.005916666666666666
0.0,0.006
0.0,0.006
0.0,0.006
0.0,0.006
0.0,0.006
0.0,0.0055833333333333325
0.0,0.005233333333333333
0.0,0.005383333333333333
0.0,0.005166666666666667
0.0,2.23375
0.0,1.84345
0.0,0.006
0.0,0.006
0.0,1.8107666666666669
0.0,3.3600833333333333
