use,car
0.0,0.005966666666666666
0.0,0.0052
0.0,0.0054666666666666665
0.0,0.006
0.0,0.006
0.0,0.006
0.0,0.006
0.0,0.006
0.0,0.006
0.0,0.006
0.0,0.006
0.0,0.006
0.0,0.006
0.0,0.006
0.0,0.005933333333333333
0.0,0.005133333333333333
0.0,0.0055833333333333325
0.0,0.005283333333333333
0.0,0.00575
0.0,2.042933333333333
0.0,1.6318166666666667
0.0,0.00565
0.0,0.005516666666666666
0.0,0.005916666666666666
