use,car
0.0,0.006
0.0,0.005233333333333333
0.0,0.005883333333333332
0.0,0.006
0.0,0.006
0.0,0.006
0.0,0.006
0.0,0.0059
0.0,0.006
0.0,0.0059
0.0,0.006
0.0,0.005983333333333333
0.0,0.005533333333333333
0.0,0.005966666666666666
0.0,0.005833333333333333
0.0,0.005233333333333333
0.0,0.005
0.0,0.0053
0.0,0.006
0.0,0.41731666666666656
0.0,3.7409666666666666
0.0,3.75995
0.0,3.7667666666666664
0.0,0.6703833333333332
