use,car
0.0,0.006
0.0,0.006
0.0,0.006
0.0,0.006
0.0,0.006
0.0,0.006
0.0,0.006
0.0,0.005883333333333332
0.0,0.006
0.0,0.005933333333333333
0.0,0.005966666666666666
0.0,0.006
0.0,0.006
0.0,0.006
0.0,0.006
0.0,0.006
0.0,0.006
0.0,0.005816666666666666
0.0,0.005716666666666667
0.0,1.16765
0.0,2.97325
0.0,0.8942
0.0,2.0150333333333332
0.0,0.006
