use,car
0.0,0.005966666666666666
0.0,0.0057666666666666665
0.0,0.006
0.0,0.006
0.0,0.006
0.0,0.006
0.0,0.006
0.0,0.006
0.0,0.006
0.0,0.006
0.0,0.005716666666666667
0.0,0.006
0.0,0.00585
0.0,0.005983333333333333
0.0,0.005316666666666667
0.0,0.005533333333333333
0.0,0.0057333333333333325
0.0,0.005566666666666667
0.0,0.005216666666666666
0.0,0.005666666666666666
0.0,0.005316666666666667
0.0,0.00595
0.0,0.006
0.0,0.006
