use,car
0.0,3.406483333333333
0.0,1.1255666666666668
0.0,0.006
0.0,0.006
0.0,0.006
0.0,0.006
0.0,0.006
0.0,0.0059
0.0,0.006
0.0,0.005983333333333333
0.0,0.006
0.0,0.006
0.0,0.005983333333333333
0.0,0.006
0.0,0.00535
0.0,0.005183333333333333
0.0,0.005716666666666667
0.0,0.005833333333333333
0.0,0.006
0.0,2.4168166666666666
0.0,0.3196333333333333
0.0,0.005283333333333333
0.0,0.0058
0.0,0.006
