use,car
0.0,0.005783333333333333
0.0,0.0058
0.0,0.006
0.0,0.006
0.0,0.006
0.0,0.006
0.0,0.006
0.0,0.006
0.0,0.006
0.0,0.006
0.0,0.006
0.0,0.006
0.0,0.006
0.0,0.006
0.0,0.006
0.0,0.006
0.0,0.006
0.0,0.006
0.0,0.005866666666666667
0.0,1.6682833333333331
0.0,1.705733333333333
0.0,0.006
0.0,0.006
0.0,0.006
