use,car
0.0,1.9551333333333332
0.0,1.8243833333333332
0.0,0.005916666666666666
0.0,0.00595
0.0,0.00565
0.0,0.00535
0.0,0.005266666666666666
0.0,0.00525
0.0,0.0052
0.0,0.0054
0.0,0.005983333333333333
0.0,0.0057
0.0,0.005383333333333333
0.0,0.00565
0.0,0.005783333333333333
0.0,0.00525
0.0,0.005166666666666667
0.0,2.0297
0.0,3.3630166666666668
0.0,3.361283333333333
0.0,2.17325
0.0,0.0054
0.0,0.005483333333333333
0.0,0.005866666666666667
