use,car
0.0,0.005533333333333333
0.0,0.00595
0.0,0.00595
0.0,0.005816666666666666
0.0,0.005516666666666666
0.0,0.0057666666666666665
0.0,0.005666666666666666
0.0,0.005316666666666667
0.0,0.005483333333333333
0.0,0.005983333333333333
0.0,0.0057333333333333325
0.0,0.5382333333333332
0.0,0.07765
0.0,0.08371666666666665
0.0,0.0802
0.0,0.05423333333333332
0.0,0.00525
0.0,0.00525
0.0,0.0056166666666666665
0.0,2.9772
0.0,1.00325
0.0,0.005416666666666666
0.0,0.005833333333333333
0.0,0.006
