use,car
0.0,0.006
0.0,0.006
0.0,0.006
0.0,0.006
0.0,0.006
0.0,0.006
0.0,0.006
0.0,0.006
0.0,0.006
0.0,0.006
0.0,1.1601
0.0,2.352066666666667
0.0,0.006
0.0,0.006
0.0,0.006
0.0,0.006
0.0,0.006
0.0,0.005883333333333332
0.0,0.006
0.0,2.541033333333333
0.0,0.7847666666666666
0.0,0.00595
0.0,0.006
0.0,0.006
