use,car
0.0,1.2681833333333332
0.0,2.82065
0.0,0.006
0.0,0.006
0.0,0.006
0.0,0.006
0.0,0.006
0.0,0.006
0.0,0.006
0.0,0.006
0.0,0.006
0.0,0.006
0.0,0.006
0.0,0.006
0.0,0.006
0.0,1.0988
0.0,3.367383333333333
0.0,3.36385
0.0,3.1626
0.0,0.005916666666666666
0.0,0.006
0.0,0.006
0.0,0.006
0.0,0.006
