use,car
0.0,0.005916666666666666
0.0,0.006
0.0,0.005833333333333333
0.0,0.005816666666666666
0.0,0.0054333333333333326
0.0,0.0054
0.0,0.005
0.0,0.005
0.0,0.005
0.0,0.0057
0.0,0.006
0.0,0.006
0.0,0.005566666666666667
0.0,0.00595
0.0,0.005566666666666667
0.0,0.00595
0.0,0.00565
0.0,0.005283333333333333
0.0,0.0056166666666666665
0.0,0.00565
0.0,0.005566666666666667
0.0,0.0059
0.0,0.006
0.0,0.006
