use,car
0.0,0.005966666666666666
0.0,0.006
0.0,0.006
0.0,0.006
0.0,0.006
0.0,0.006
0.0,0.006
0.0,0.006
0.0,0.006
0.0,0.006
0.0,0.006
0.0,0.005933333333333333
0.0,0.006
0.0,0.006
0.0,0.006
0.0,0.006
0.0,0.006
0.0,0.005866666666666667
0.0,0.006
0.0,2.599333333333333
0.0,2.569
0.0,0.005633333333333333
0.0,0.006
0.0,0.006
