use,car
0.0,0.006
0.0,0.006
0.0,0.006
0.0,0.006
0.0,0.006
0.0,0.006
0.0,0.006
0.0,0.005916666666666666
0.0,0.006
0.0,0.006
0.0,0.006
0.0,0.00585
0.0,0.006
0.0,0.006
0.0,0.006
0.0,0.006
0.0,0.006
0.0,0.005983333333333333
0.0,0.006
0.0,0.2347166666666666
0.0,3.3631
0.0,3.361933333333333
0.0,3.267
0.0,0.09313333333333333
