use,car
0.0,0.006
0.0,0.006
0.0,0.006
0.0,0.006
0.0,0.00575
0.0,0.006
0.0,0.00585
0.0,0.006
0.0,0.006
0.0,0.006
0.0,0.006
0.0,0.006
0.0,0.006
0.0,0.005983333333333333
0.0,0.006
0.0,0.006
0.0,0.006
0.0,0.005983333333333333
0.0,0.0059
0.0,1.8033833333333331
0.0,1.7383
0.0,0.006
0.0,0.006
0.0,0.006
