use,car
0.1633,0.0
0.2297333333333333,0.0
0.21796666666666664,0.0001
3.90805,3.7177666666666664
3.9540166666666665,3.72245
0.9908,0.83035
0.2593,0.0
0.3807,0.0
0.16225,0.0
0.2819,0.0
0.1837166666666666,0.0
0.2339333333333333,0.0
0.2791833333333333,0.0
1.8404333333333331,0.00021666666666666668
3.4383,0.0
2.373266666666667,0.0
0.7329,0.0
0.3979,0.0005333333333333333
0.8725166666666666,0.0005166666666666666
0.36775,0.0
0.8452666666666666,0.0
0.7232,0.0
0.631,0.0
0.3587166666666666,0.0
