use,car
1.4924,0.0
1.2560166666666668,0.0
0.42775,0.0
0.9007166666666666,0.003133333333333333
4.4871333333333325,3.7324666666666664
2.6212666666666666,2.369483333333333
0.2720166666666666,0.0
0.38035,0.0
0.3443833333333333,0.0
0.59235,0.0
0.81325,0.0
1.19715,0.0005166666666666666
0.81805,0.0
1.11915,0.0
1.6695166666666668,0.0
1.5675333333333332,0.0
2.1569,0.0
2.1338,0.0
2.1628833333333333,0.00055
2.2344666666666666,0.0
2.31425,0.0
1.1998833333333332,0.0
1.4683666666666668,0.0
1.90615,0.0
