use,car
1.9860666666666669,0.0
1.1995833333333332,0.0
0.7803166666666665,0.0
1.1610833333333332,0.0
1.1017333333333332,0.0
0.53255,0.0
0.9158,0.0
0.4109833333333333,0.0003833333333333333
1.1456,0.0
1.8815666666666668,0.0
1.6229166666666668,0.0
2.220766666666667,0.0
2.407,0.0
2.8466,0.0
2.26365,0.0
2.3585,0.0
1.2059833333333332,0.0
2.3968333333333334,0.0
1.5898,0.0005666666666666666
2.40985,0.0
2.77285,0.0
2.169633333333333,0.0
2.173983333333333,0.0
1.9077833333333332,0.0
