use,car
0.6453333333333332,0.0
0.4676166666666666,0.0
0.42565,0.0
0.4748666666666666,0.0
0.4065,0.0
0.45065,0.0
0.4712,0.0
0.4930166666666666,0.0
0.7319166666666665,0.0
0.52635,0.0
1.0311,0.0
1.4302833333333331,0.0
1.3379833333333333,0.0
2.6696666666666666,1.2623333333333333
1.4574333333333331,0.0
1.1229,0.0
1.4744333333333333,0.0
2.1026333333333334,0.0
2.261766666666667,0.0005
1.876,0.0
0.781,0.0
0.90915,0.0
0.89365,0.0
0.7655833333333331,0.0
