use,car
2.058116666666667,0.0
1.3771833333333332,0.0
1.46815,0.0
1.47215,0.0
1.1209333333333331,0.0
1.140183333333333,0.0
1.3149333333333333,0.0
1.5131,0.0
1.4932166666666669,0.0017333333333333333
1.8861166666666669,0.11525
2.010283333333333,0.0
2.4783,0.0
2.328866666666667,0.0
2.778216666666667,0.0
3.36705,0.0
3.6298666666666666,0.0
3.8612,0.0
3.7952,0.0
3.7489,0.0
3.8024,0.0
3.8870666666666662,0.1369
3.35615,0.0
2.958416666666667,0.0
2.435166666666667,0.0
