use,car
1.2222333333333333,0.0
1.1185333333333332,0.0
1.133,0.0
1.1757666666666668,0.0
0.7618333333333331,0.0
1.0710833333333332,0.0
0.8207666666666666,0.0
0.88405,0.0
0.84375,0.0
0.8837833333333331,0.0
1.4167166666666668,0.0005
1.5095666666666667,0.0
1.4507,0.0
1.8421166666666668,0.0
1.97545,0.0
2.107083333333333,0.0
2.751916666666667,0.0
2.3249833333333334,0.0
2.8979,0.0
2.767583333333333,0.0
2.4924833333333334,0.0
1.8775666666666668,0.0
1.6458333333333333,0.0
1.3077833333333333,0.0
