use,car
0.45325,0.0
0.37585,0.0
0.432,0.0
0.3567666666666666,0.0
0.4864166666666666,0.00065
0.4469333333333333,0.0
0.3732,0.0
0.6613,0.0
1.2462,0.0
0.5998666666666665,0.0
0.4301833333333333,0.0
0.4865333333333332,0.0
0.40905,0.0
0.5867166666666666,0.0
1.3709166666666668,0.0005666666666666666
0.6637833333333332,0.0
0.41181666666666655,0.0
0.4711833333333332,0.0
0.401,0.0
0.4875,0.0
0.78965,0.0
1.3022166666666668,0.0
0.56835,0.0
0.3592333333333333,0.0
