use,car
0.4245,0.0
0.38751666666666656,0.0
0.3702666666666666,0.0
0.42865,0.0
0.36763333333333326,0.0
0.4353833333333333,0.0
0.3357833333333333,0.0
0.6287666666666666,0.0
0.7107333333333332,0.0
0.58005,0.0
0.40221666666666656,0.0
0.49775,0.0
0.4446833333333333,0.0
0.39325,0.0
0.4562,0.0
0.39405,0.0
0.40215,0.0
0.5271333333333332,0.0
4.348066666666666,3.26985
4.297483333333333,2.7445166666666667
1.0417,0.03173333333333333
0.7264166666666665,0.0
0.7620833333333331,0.0
0.4790833333333332,0.0
