use,car
0.3791333333333333,0.0
0.4212333333333333,0.0
0.3598,0.0
0.3989,0.0
0.37111666666666654,0.0
0.39416666666666655,0.0
0.3641,0.0
0.5812166666666666,0.0
0.3819,0.0
0.4989333333333332,0.0
0.4908833333333332,0.0
0.5605,0.0
0.5627,0.0
0.5539833333333332,0.0
0.4792,0.00015
0.4102,0.0001
0.69065,0.0
0.7447666666666666,5e-05
0.67905,0.0
0.6657166666666666,0.0
0.7033666666666666,0.0005833333333333333
0.6375166666666666,0.0
0.6187166666666666,0.0
0.4444,0.00015
