use,car
0.4155,0.0006666666666666666
0.3416,0.0
0.31745,0.0
0.3333666666666666,0.0
0.3518333333333333,0.0
0.41365,0.0
0.9291666666666664,0.0
0.8985833333333331,0.0
0.9026,0.0
1.1759166666666667,0.774783333333333
0.4859666666666666,0.13121666666666665
0.70085,0.0
2.4050833333333332,0.0
0.8702333333333331,0.0
0.7160333333333332,0.0004
0.71845,0.0003
0.4996333333333332,0.0
0.32905,0.0
0.38635,0.0
0.3615166666666666,0.0
0.294,0.0
0.6604666666666666,0.0
0.6680833333333333,0.0
0.6243833333333332,0.0
