use,car
0.4112,0.0
0.42731666666666657,0.0
0.3954,0.0
0.39976666666666655,0.0
0.43886666666666657,0.0
0.3491833333333333,0.0
0.5272,0.0
0.53265,0.0
0.6869,0.0
0.8504,0.0
0.8627,0.00036666666666666667
0.96245,0.0
0.9975666666666664,0.0
0.4100833333333333,0.0
0.3771333333333333,0.0
0.392,0.0
3.744033333333333,3.2550833333333333
4.520233333333333,3.324516666666667
1.7619333333333331,0.4459
2.168283333333333,0.0
1.448516666666667,0.0
1.1115833333333331,0.0
1.07305,0.0
0.9602,0.0
