use,car
0.4262333333333333,0.0
0.4535,0.0
0.0,0.0
0.45765,0.0
0.4141333333333333,0.0
0.4628,0.0
0.40435,0.0
0.8568333333333331,0.0006666666666666666
0.7277833333333332,0.0004333333333333333
0.6157166666666666,0.0
0.5998333333333332,0.0
0.4847166666666666,0.0
0.47735,0.0
0.8768666666666666,0.0
3.1689333333333334,1.7383166666666667
1.8475,0.8605
1.1600333333333332,0.0
0.8508333333333331,0.0
0.7972,0.0
0.792933333333333,0.0
0.7494,0.0
0.56635,0.0
0.4513833333333333,0.0
0.3805,0.0
