use,car
0.8727,0.0
0.6978666666666666,0.0
0.65175,0.0
0.4867666666666666,0.0
0.264,0.0
0.2508,0.0
0.2355,0.0
0.5774333333333332,0.0
0.43925,0.0
0.4986,0.0
2.9911333333333334,0.0
3.87075,0.0
5.07755,0.0
2.8868,0.0
3.542383333333333,0.0
4.071866666666667,0.0
3.028716666666667,0.0
3.05165,0.0
1.623133333333333,0.0
1.664483333333333,0.0
1.9997666666666667,0.0
1.8515666666666668,0.0
1.60355,0.00315
1.578633333333333,0.00265
