use,car
1.6846,0.0
1.555,0.0
1.0441166666666668,0.0
0.6892166666666666,0.0
0.6663666666666666,0.0
0.40335,0.0
0.5772166666666666,0.0
0.57425,0.0
0.3733833333333333,0.0
0.2354833333333333,0.0
0.2242,0.0
0.28995,0.0
0.2413833333333333,0.0
0.2942,0.0
0.6592166666666666,0.0
1.2103166666666667,0.0
1.1915666666666669,0.0
2.62545,0.0
2.5692166666666667,0.0
2.47875,0.0
2.5566166666666668,0.00305
2.419566666666667,0.003
2.26495,0.002983333333333333
1.3745833333333333,0.0
