use,car
0.27105,0.0
0.2804333333333333,0.0013333333333333333
0.2771166666666666,0.0
0.2738,0.0
1.8688333333333331,1.613716666666667
0.8908666666666666,0.6251
0.2754333333333333,0.0
0.5125833333333332,0.0
0.4396333333333333,0.0
0.336,0.0
0.29205,0.0
0.2489166666666666,0.0
0.26285,0.0
0.2600833333333333,0.0
0.2404333333333333,0.0
0.2437666666666666,0.0
0.26475,0.0
0.2755166666666666,0.0
0.6452666666666667,0.0
0.9621,0.0
1.131133333333333,0.0
0.5119,0.0
0.4055833333333333,0.0
0.2878,0.0
