use,car
0.86165,0.0
0.8535166666666666,0.0
0.8171,0.0
0.8417833333333331,0.0
0.8411,0.0
0.8186666666666667,0.0
0.8323833333333331,0.0
1.1150833333333332,0.0
1.0993666666666668,0.0
0.9349,0.0
0.7111,0.0
0.71785,0.0
0.8272166666666666,0.0
0.9466833333333332,0.0
1.0101666666666664,0.0
0.9585,0.0
0.8686833333333331,0.0
1.1182666666666667,0.0
1.2067166666666669,0.0
1.1786,0.0
1.4347166666666669,0.0
1.6169333333333331,0.0
1.143333333333333,0.0
0.7796,0.0
