use,car
0.7366166666666665,0.0
0.7534333333333331,0.0
0.2403666666666666,0.0
0.3704333333333333,0.0
0.4686833333333332,0.0
0.22715,0.0
0.5914166666666666,0.0
0.6803,0.0
0.3358666666666666,0.0
0.2617166666666666,0.0
0.22405,0.0
0.21771666666666664,0.0
0.22098333333333328,0.0
0.2224,0.0
0.19646666666666665,0.0
0.2234,0.0
0.22228333333333328,0.0
0.2022833333333333,0.0
0.8648,0.0
0.7289833333333332,0.0
0.8450166666666666,0.0
0.61905,0.0
0.9944666666666664,0.0
0.2820666666666666,0.0
