use,car
1.4016333333333333,0.0
1.20345,0.0
1.2495833333333333,0.0
1.2100166666666667,0.0
1.1425333333333332,0.0
1.1606833333333333,0.0
1.1666166666666669,0.0
1.0621,0.0
1.3668333333333331,0.0
1.93615,0.0
2.5559166666666666,0.0
2.666583333333333,0.0
1.7543333333333333,0.0
1.93635,0.0
1.5893833333333331,0.0
1.4321333333333333,0.0
1.397,0.0
1.5561833333333333,0.0
1.8691833333333332,0.0
2.249133333333333,0.0
1.8008166666666667,0.0
1.4837,0.0
1.6328166666666668,0.0
0.9723833333333332,0.0
