use,car
0.7162666666666666,0.0
0.7574,0.0
0.7035166666666666,0.0
0.7065,0.0
0.71545,0.0
0.7394666666666666,0.0
0.7488333333333331,0.0
0.7464166666666666,0.0
1.6264333333333332,0.0
1.2605,0.0
1.8827333333333331,0.0
1.4157833333333332,0.0
0.77875,0.0
0.7419666666666666,0.0
0.7520166666666666,0.0
1.1362333333333332,0.0
0.9594833333333332,0.0
0.9931666666666664,0.0
1.478883333333333,0.0
2.527283333333333,0.0
2.807033333333333,0.0
1.5626666666666669,0.0
2.4266666666666667,0.0
2.68015,0.0
