use,car
0.3827333333333333,0.0
0.37106666666666654,0.0
0.39136666666666653,0.0
0.3847333333333333,0.0
0.37925,0.0
0.3786333333333333,0.0
0.3744,0.0
0.354,0.0
0.3837833333333333,0.0
0.34675,0.0
0.37996666666666656,0.0
0.3574666666666666,0.0
0.36668333333333325,0.0
0.37511666666666654,0.0
0.3524666666666666,0.0
0.34125,0.0
0.3272166666666666,0.0
0.3488166666666666,0.0
0.44831666666666653,0.0
0.4472333333333333,0.0
1.12155,0.0
1.0751166666666667,0.0
0.4626333333333332,0.0
0.3947833333333333,0.0
