use,car
0.0,0.0
0.36653333333333327,0.0
0.36163333333333325,0.0
0.34585,0.0
0.3459333333333333,0.0
0.3292666666666666,0.0
0.6463833333333332,0.0
0.99325,0.0
1.4925833333333332,0.0
0.5506666666666666,0.0
0.53,0.0
0.3249333333333333,0.0
0.4127333333333333,0.0
0.56445,0.0
0.398,0.0
0.51135,0.0
1.2146,0.0
1.3749333333333331,0.0
2.1363833333333333,0.0
2.3515333333333333,0.0
2.4868,0.0
2.55555,0.0
3.9302666666666664,0.0
3.5682,0.0
