use,car
0.37765,0.0
0.3561833333333333,0.0
0.3679166666666666,0.0
0.3520666666666666,0.0
0.36735,0.0
0.3523166666666666,0.0
0.5592833333333332,0.0
0.9761833333333332,0.0
0.38945,0.0
0.28185,0.0
0.2997666666666666,0.0
0.2935,0.0
0.3142666666666666,0.0
0.3076666666666666,0.0
0.3215666666666666,0.0
0.55085,0.0
1.08435,0.0
1.6074,0.0
2.2637,0.0
2.309883333333333,0.0
5.293083333333333,0.0
5.274666666666667,0.0
3.31115,0.0
0.6959166666666666,0.0
