use,car
1.9674833333333333,0.0
1.0203,0.0
0.6081333333333332,0.0
0.56695,0.0
0.5626333333333332,0.0
0.3480666666666666,0.0
0.3370833333333333,0.0
0.6962833333333333,0.0
1.11125,0.0
0.8824666666666666,0.0
1.1448666666666667,0.0
1.28315,0.0
1.3758333333333332,0.0
1.4651833333333333,0.0
1.8402333333333332,0.0
1.810633333333333,0.0
2.3378666666666668,0.0
2.63495,0.0
2.731583333333333,0.0
2.60675,0.0
1.8939666666666668,0.0
1.469,0.0
1.8924833333333333,0.0
0.6731,0.0
