use,car
0.3596166666666666,0.0
0.3580833333333333,0.0
0.33775,0.0
0.3548666666666666,0.0
0.3615,0.0
0.3349833333333333,0.0
0.3470333333333333,0.0
0.6259333333333332,0.0
0.6996333333333332,0.0
0.4593166666666666,0.0
0.8081333333333331,0.0
0.8593666666666666,0.0
1.2386333333333333,0.0
1.54325,0.0
1.9194,0.0
1.8326833333333332,0.0
2.036433333333333,0.0
2.21475,0.0
2.211,0.0
2.310683333333333,0.0
2.4738333333333333,0.0
1.8158833333333333,0.0
1.0744333333333331,0.0
1.2012666666666667,0.0
