use,car
0.44406666666666655,0.0
0.4582666666666666,0.0
0.43691666666666656,0.0
0.4565,0.0
0.4232,0.0
0.4422333333333333,0.0
0.7060833333333332,0.0
1.0591333333333333,0.0
0.5097166666666666,0.0
0.5147833333333331,0.0
0.5100666666666666,0.0
0.5251166666666666,0.0
0.5423666666666666,0.0
0.50255,0.0
0.5376,0.0
0.5146,0.0
0.5164166666666666,0.0
4.099983333333332,0.0
2.3779,0.0
1.2225666666666668,0.0
1.0453666666666668,0.0
0.88735,0.0
0.8565166666666666,0.0
0.4101,0.0
