use,car
0.94895,0.0
1.0488333333333333,0.0
0.9779666666666664,0.0
0.8694,0.0
0.6076666666666666,0.0
0.6091166666666666,0.0
0.9892,0.0
1.0356666666666667,0.0
0.9363166666666664,0.0
1.1816,0.0
1.15925,0.0
1.4301666666666668,0.0
1.7484166666666667,0.0
2.1263666666666667,0.0
2.0124166666666667,0.0
2.838166666666667,0.0
4.208716666666667,0.0
5.762083333333333,0.0
6.020433333333333,0.0
5.814033333333333,0.0
5.4141,0.0
6.50785,0.0
6.154133333333333,0.0
4.252583333333333,0.0
