use,car
1.8278333333333332,0.0
1.402116666666667,0.0
1.4435,0.0
1.42365,0.0
1.4263833333333331,0.0
1.4251166666666668,0.0
1.4997,0.0
1.6312833333333332,0.0
1.60675,0.0
1.3948333333333331,0.0
1.6427666666666667,0.0
1.9783666666666668,0.0
3.069516666666667,0.0
3.1834333333333333,0.0
3.032283333333333,0.0
4.124483333333333,0.0
4.7295,0.0
7.9467333333333325,0.0
7.593416666666665,0.0
7.140783333333332,0.0
6.311266666666667,0.0
4.949866666666666,0.0
1.6315,0.0
0.882,0.0
