use,car
3.8326,0.0
0.5148166666666666,0.0
0.3833,0.0
0.39625,0.0
0.5605666666666665,0.0
0.41426666666666656,0.0
0.3892,0.0
0.6699833333333332,0.0
0.49035,0.0
0.34905,0.0
0.3341166666666666,0.0
0.5759333333333332,0.0
0.8032166666666666,0.0
0.9814,0.0
1.18935,0.0
1.4426666666666668,0.0
1.8723166666666669,0.0
2.2763166666666668,0.0
1.42055,0.0
1.4710333333333332,0.0
0.81055,0.0
0.74045,0.0
3.9583,0.0
4.12305,0.0
