use,car
0.3220166666666666,0.0
0.31765,0.0
0.3287166666666666,0.0
0.3066666666666666,0.0
0.3185333333333333,0.0
0.3115666666666666,0.0
0.31725,0.0
0.4537,0.0
0.7691833333333331,0.0
1.3991833333333332,0.0
0.6432333333333332,0.0
0.5155333333333332,0.0
0.5307166666666666,0.0
2.57175,0.0
0.37671666666666653,0.0
1.76835,0.0
4.020766666666667,0.0
4.1476,0.0
6.510516666666667,0.0
0.8538,0.0
0.6889,0.0
2.1201833333333333,0.0
1.815583333333333,0.0
0.3675,0.0
