use,car
1.28295,0.0
0.9481333333333332,0.0
1.1911166666666668,0.0
0.92095,0.0
1.0904833333333332,0.0
0.8719833333333331,0.0
0.84175,0.0
1.2534,0.0
0.73845,0.0
0.8536833333333331,0.0
1.211733333333333,0.0
1.3005166666666668,0.0
1.4275,0.0
1.688,0.0
1.7490666666666668,0.0
1.9499166666666667,0.0
2.371916666666667,0.0
1.4938,0.0
1.9689333333333332,0.0
1.539383333333333,0.0
1.3565,0.0
1.7026333333333332,0.0
1.7494166666666668,0.0
1.219,0.0
