use,car
0.84075,0.0
0.38156666666666655,0.0
0.87615,0.0
0.8275833333333331,0.0
0.5698666666666666,0.0
0.5776333333333332,0.0
0.849333333333333,0.0
0.9356166666666664,0.0
1.16265,0.0
1.41135,0.0
0.7175333333333332,0.0
0.9930666666666664,0.0
1.3227166666666668,0.0
1.7402166666666667,0.0
2.0038,0.0
2.117783333333333,0.0
2.79595,0.0
2.6870833333333333,0.0
2.9513833333333332,0.0
4.0582,0.0
3.9573166666666664,0.0
3.5799333333333334,0.0
2.784416666666667,0.0
2.0132,0.0
