use,car
1.8855333333333333,0.0
2.143183333333333,0.0
1.6706,0.0
1.1639,0.0
1.5364,0.0
0.8715833333333332,0.0
0.83905,0.0
1.096766666666667,0.0
1.83115,0.0
2.274516666666667,0.0
2.0975,0.0
2.5887,0.0
3.6400166666666665,0.0
4.015916666666667,0.0
4.508266666666667,0.0
4.87725,0.0
5.5472,0.0
4.5085,0.0
5.290166666666666,0.0
5.767166666666666,0.0
2.6182833333333333,0.0
2.9572333333333334,0.0
2.147466666666667,0.0
2.2355,0.0
