use,car
1.23885,0.0
0.9976833333333333,0.0
0.808,0.0
0.7987333333333331,0.0
0.5848166666666667,0.0
0.5690666666666666,0.0
0.6664166666666665,0.0
0.6540666666666666,0.0
0.85555,0.0
0.8210333333333331,0.0
1.2905833333333332,0.0
1.5330166666666667,0.0
1.8375666666666668,0.0
1.9085666666666667,0.0
2.8371166666666667,0.0
2.47785,0.0
2.3867,0.0
2.1536166666666667,0.0
5.054783333333333,0.0
4.134033333333333,0.0
3.129183333333333,0.0
3.06245,0.0
1.929,0.0
1.03565,0.0
