use,car
1.22585,0.0
0.4163333333333333,0.0
0.9664833333333332,0.0
0.87865,0.0
0.6447666666666666,0.0
0.6243666666666666,0.0
0.7124,0.0
0.7315333333333331,0.0
1.4513166666666668,0.0
1.1823666666666668,0.0
1.3673,0.0
1.52985,0.0
1.5979666666666668,0.0
1.8096166666666669,0.0
2.1137333333333332,0.0
2.5128666666666666,0.0
2.1793,0.0
2.0247333333333333,0.0
2.17915,0.0
5.451716666666666,0.0
5.916816666666667,0.0
6.0686,0.0
6.9417833333333325,0.0
5.698483333333333,0.0
