use,car
1.6573833333333332,0.0
1.2855166666666669,0.0
0.9421,0.0
0.6986333333333332,0.0
0.87415,0.0
0.5347166666666666,0.0
0.6792333333333332,0.0
0.65565,0.0
0.5430833333333333,0.0
2.145983333333333,0.0
1.9050833333333332,0.0
2.44375,0.0
3.0938833333333333,0.0
3.22925,0.0
4.5369,0.0
2.4239,0.0
2.9659833333333334,0.0
2.7299,0.0
2.8276833333333333,0.0
3.5092166666666667,0.0
5.571916666666667,0.0
4.41685,0.0
5.137616666666666,0.0
1.8084666666666669,0.0
