use,car
1.0096,0.0
0.6700833333333333,0.0
0.8131666666666666,0.0
0.43971666666666653,0.0
0.4282166666666665,0.0
0.7092333333333332,0.0
0.73405,0.0
0.7031166666666666,0.0
1.8075333333333332,0.0
2.700016666666667,0.0
5.191416666666666,0.0
5.564083333333333,0.0
7.000616666666667,0.0
5.8713,0.0
6.20785,0.0
5.889783333333333,0.0
6.27715,0.0
4.829516666666667,0.0
5.939333333333333,0.0
4.879633333333333,0.0
3.8333666666666666,0.0
2.94095,0.0
2.51165,0.0
2.476983333333333,0.0
