use,car
3.90475,0.0
2.220133333333333,0.0
2.135683333333333,0.0
1.8423166666666668,0.0
1.99775,0.0
1.372966666666667,0.0
1.55995,0.0
1.8825166666666668,0.0
1.411266666666667,0.0
1.6494666666666669,0.0
0.3414,0.0
0.3561333333333333,0.0
0.35885,0.0
0.3468833333333333,0.0
0.3614666666666666,0.0
0.3621166666666666,0.0
3.7206166666666665,0.0
5.398266666666666,0.0
7.953083333333333,0.0
9.0859,0.0
6.07415,0.0
4.4003,0.0
4.1255,0.0
6.768333333333333,0.0
