use,car
0.81905,0.0
0.8263666666666666,0.0
0.7605,0.0
0.7665666666666666,0.0
0.773,0.0
0.7158666666666667,0.0
0.7181,0.0
1.382866666666667,0.0
1.4341166666666667,0.0
0.8391166666666666,0.0
0.8244833333333331,0.0
0.825183333333333,0.0
0.8359166666666666,0.0
0.74515,0.0
0.6821333333333331,0.0
1.6290166666666668,0.0
4.517983333333333,0.0
4.623283333333333,0.0
3.71825,0.0
1.0001166666666663,0.0
0.84035,0.0
0.9073166666666665,0.0
0.68115,0.0
0.5872,0.0
