use,car
3.914,0.0
4.13235,0.0
2.857533333333333,0.0
2.45325,0.0
1.770066666666667,0.0
2.232266666666667,0.0
1.7544833333333332,0.0
2.05025,0.0
2.77855,0.0
1.8398166666666669,0.0
0.6880166666666666,0.0
0.70355,0.0
0.70745,0.0
0.7016166666666666,0.0
0.6961833333333332,0.0
0.6872,0.0
4.849383333333333,0.0
5.245033333333333,0.0
5.155133333333333,0.0
6.9354,0.0
8.4851,0.0
7.129883333333333,0.0
4.244983333333333,0.0
3.8308,0.0
