use,car
3.917583333333333,0.0
1.8875,0.0
1.9793166666666668,0.0
2.3138666666666667,0.0
1.6385333333333332,0.0
1.8404833333333332,0.0
1.30015,0.0
2.118116666666667,0.0
2.12205,0.0
1.5363666666666669,0.0
0.55585,0.0
0.6095,0.0
0.6212833333333332,0.0
0.6191666666666666,0.0
0.61845,0.0
0.61105,0.0
3.4770833333333333,0.0
5.131433333333333,0.0
5.0681,0.0
5.01955,0.0
4.94385,0.0
4.573483333333333,0.0
4.3881,0.0
3.8014666666666663,0.0
