use,car
4.34525,0.0
1.7042833333333332,0.0
2.3275333333333332,0.0
1.9966333333333333,0.0
1.5353333333333332,0.0
1.6238833333333331,0.0
1.4614,0.0
1.5487333333333333,0.0
1.78755,0.0
2.0479333333333334,0.0
2.3824,0.0
2.734866666666667,0.0
3.2941166666666666,0.0
4.798333333333333,0.0
5.241,0.0
5.190166666666666,0.0
5.1673833333333326,0.0
5.14335,0.0
5.176683333333333,0.0
5.1747,0.0
5.108,0.0
5.84855,0.0
8.422933333333333,0.0
8.1736,0.0
