use,car
3.8092666666666664,0.0
2.6951666666666667,0.0
2.603966666666667,0.0
1.9901166666666668,0.0
2.54915,0.0
1.8138833333333333,0.0
1.8686833333333333,0.0
1.3092166666666667,0.0
2.066583333333333,0.0
1.661,0.0
2.3829,0.0
2.5956,0.0
3.6843166666666662,0.0
5.2056,0.0
8.05875,0.0
7.184383333333333,0.0
5.354333333333333,0.0
5.0975166666666665,0.0
5.274466666666666,0.0
5.4665833333333325,0.0
5.465833333333332,0.0
5.22215,0.0
5.217033333333333,0.0
4.437266666666666,0.0
