use,car
0.7747,0.0
1.1911833333333333,0.0
1.3680166666666669,0.0
1.3617,0.0
1.3308666666666669,0.0
1.3430166666666667,0.0
1.3205666666666669,0.0
1.6434,0.0
0.7897,0.0
1.0390333333333333,0.0
1.2691,0.0
1.2117666666666669,0.0
1.37755,0.0
1.77465,0.0
1.9145666666666667,0.0
2.22375,0.0
2.136433333333333,0.0
0.64935,0.0
5.084433333333333,0.0
2.393266666666667,0.0
0.8910666666666666,0.0
0.9172666666666666,0.0
0.6085666666666666,0.0
0.3396,0.0
