use,car
3.863683333333333,0.0
3.257,0.0
2.955083333333333,0.0
2.809133333333333,0.0
2.0401833333333332,0.0
2.276733333333333,0.0
2.0953666666666666,0.0
1.98065,0.0
2.787433333333333,0.0
1.9850666666666668,0.0
0.62125,0.0
0.6244166666666666,0.0
0.4928333333333332,0.0
0.3969,0.0
0.4054,0.0
0.9419666666666664,0.0
5.0901,0.0
5.268,0.0
5.648483333333333,0.0
5.674266666666666,0.0
5.65295,0.0
5.328866666666666,0.0
4.958466666666666,0.0
4.4345333333333325,0.0
