use,car
4.615266666666666,0.0
4.360333333333333,0.0
3.704716666666666,0.0
3.984533333333333,0.0
2.658166666666667,0.0
2.1790333333333334,0.0
2.1769166666666666,0.0
2.5408,0.0
2.2996333333333334,0.0
2.146733333333333,0.0
1.9474,0.0
4.378733333333333,0.0
5.11075,0.0
5.23065,0.0
5.6448,0.0
5.602783333333333,0.0
5.6598,0.0
5.232983333333332,0.0
5.2531,0.0
5.46085,0.0
5.400933333333333,0.0
5.3039,0.0
5.567916666666666,0.0
5.1456,0.0
