use,car
4.5715,0.0
4.486983333333333,0.0
4.4115,0.0
3.0424333333333333,0.0
2.4171666666666667,0.0
2.325766666666667,0.0
2.0791166666666667,0.0
2.1464,0.0
3.60535,0.0
4.41475,0.0
1.9386,0.0
0.753,0.0
2.117633333333333,0.0
5.8446333333333325,0.0
8.951683333333333,0.0
8.820816666666666,0.0
7.6782,0.0
4.312566666666666,0.0
4.369666666666666,0.0
4.39715,0.0
4.689733333333333,0.0
4.20785,0.0
2.377533333333333,0.0
2.0433,0.0
