use,car
3.9195,0.0
4.033033333333333,0.0
3.035616666666667,0.0
2.7443166666666667,0.0
2.4404833333333333,0.0
2.3758166666666667,0.0
1.8043,0.0
1.817416666666667,0.0
2.609366666666667,0.0
2.265616666666667,0.0
1.3644833333333333,0.0
1.43275,0.0
0.6005833333333332,0.0
0.4769,0.0
0.4535833333333333,0.0
0.5102666666666666,0.0
5.2141,0.0
5.212933333333333,0.0
5.116866666666667,0.0
5.1230166666666666,0.0
5.1854,0.0
5.0749,0.0
4.979733333333333,0.0
4.737783333333333,0.0
