use,car
0.4059833333333333,0.0
0.3534833333333333,0.0
0.3418666666666666,0.0
0.3381166666666666,0.0
0.3366,0.0
0.3182,0.0
0.4824,0.0
1.1705166666666669,0.0
2.0517,0.0
0.9735666666666664,0.0
0.8088666666666666,0.0
0.3232666666666666,0.0
0.33505,0.0
1.0432333333333332,0.0
0.7132666666666666,0.0
0.3750833333333333,0.0
0.3402333333333333,0.0
0.3358333333333333,0.0
0.6374,0.0
0.6050333333333332,0.0
0.615,0.0
2.8171833333333334,0.0
4.154616666666667,0.0
1.8136333333333332,0.0
