use,car
4.988866666666667,0.0
5.056283333333333,0.0
4.80495,0.0
4.3281,0.0
2.3317,0.0
2.72165,0.0
2.246783333333333,0.0
2.5999833333333333,0.0
2.4208833333333333,0.0
2.28915,0.0
2.8298666666666668,0.0
3.2906666666666666,0.0
4.156516666666667,0.0
5.332483333333333,0.0
5.456933333333333,0.0
5.47705,0.0
5.519083333333333,0.0
5.7496,0.0
5.411433333333333,0.0
5.423683333333333,0.0
5.111516666666667,0.0
5.03475,0.0
8.98255,0.0
8.703283333333333,0.0
