use,car
2.709683333333333,0.0
2.478466666666667,0.0
1.78035,0.0
1.6794833333333332,0.0
1.5808833333333332,0.0
1.08025,0.0
2.0643833333333332,0.0
1.3563833333333333,0.0
1.5593833333333331,0.0
1.5119333333333331,0.0
1.5442833333333332,0.0
1.77025,0.0
2.6673,0.0
3.7176666666666662,0.0
4.326616666666666,0.0
3.8946166666666664,0.0
4.886333333333333,0.0
5.1757,0.0
5.128516666666666,0.0
5.206583333333333,0.0
8.138683333333333,0.0
9.2951,0.0
7.0635,0.0
4.021966666666667,0.0
