use,car
2.3890333333333333,0.0
1.70005,0.0
1.30495,0.0
1.0302666666666669,0.0
1.7076333333333331,0.0
1.0402333333333331,0.0
0.8734,0.0
0.9086666666666666,0.0
1.8056666666666668,0.0
2.06495,0.0
2.3484,0.0
2.0338,0.0
1.9266833333333333,0.0
1.6598,0.0
2.647683333333333,0.0
2.5536333333333334,0.0
5.53215,0.0
7.453483333333333,0.0
8.08715,0.0
8.53035,0.0
5.047466666666667,0.0
4.517666666666666,0.0
4.5366,0.0
3.0284166666666668,0.0
