use,car
1.9614666666666667,0.0
0.9809333333333332,0.0
0.9736333333333332,0.0
1.1327,0.0
1.10025,0.0
0.86125,0.0
0.6393166666666666,0.0
0.6961,0.0
1.4824,0.0
2.3094,0.0
1.9522833333333331,0.0
2.752333333333333,0.0
2.8575833333333334,0.0
3.695483333333333,0.0
4.780133333333333,0.0
4.855216666666666,0.0
4.9257833333333325,0.0
4.860933333333333,0.0
4.692,0.0
3.6146166666666666,0.0
7.144116666666666,0.0
7.609233333333333,0.0
3.380033333333333,0.0
1.70295,0.0
