use,car
1.3867833333333333,0.0
0.9985166666666664,0.0
0.94565,0.0
1.3062,0.0
0.8513,0.0
0.6365,0.0
0.643,0.0
0.8785,0.0
0.6985666666666666,0.0
1.11175,0.0
1.9200833333333331,0.0
1.7742833333333332,0.0
2.7132,0.0
3.089866666666667,0.0
3.4721,0.0
4.4501,0.0
4.374533333333333,0.0
5.08955,0.0
5.419483333333333,0.0
5.340083333333332,0.0
4.325133333333333,0.0
3.0902833333333333,0.0
3.176283333333333,0.0
2.3356833333333333,0.0
