use,car
1.1866333333333332,0.0
0.9122833333333332,0.0
0.8473833333333332,0.0
0.760633333333333,0.0
0.5564666666666666,0.0
0.7533166666666666,0.0
0.52855,0.0
0.8651833333333331,0.0
1.6606666666666667,0.0
1.3065166666666668,0.0
1.5085,0.0
1.0644333333333331,0.0
1.2069,0.0
1.550266666666667,0.0
2.14785,0.0
2.4394666666666667,0.0
3.2722333333333333,0.0
2.8876666666666666,0.0
3.699083333333333,0.0
2.8516166666666667,0.0
2.8301,0.0
1.9411333333333332,0.0
1.2598166666666668,0.0
0.8494333333333332,0.0
