use,car
4.338966666666666,3.7313333333333327
2.86,2.297633333333333
0.3608666666666666,0.0001
0.3600333333333333,0.0
0.3594833333333333,0.0
0.3578,0.0
0.3528,0.0
0.5917333333333332,0.0003
0.47775,0.0019
0.3244166666666666,0.0
0.3053,0.0
0.5592,0.0
1.06975,0.0
1.3625166666666668,0.0
1.4520166666666667,0.0
2.77085,0.0
2.58375,0.0
3.1879666666666666,0.0
3.04045,0.0
2.6715666666666666,0.0
2.5913666666666666,0.0
2.804066666666667,0.0
1.6227833333333332,0.0
1.10285,0.0
