use,car
2.87455,0.0
1.9074,0.0
2.1838,0.0
1.5876,0.0
1.748,0.0
2.0466,0.0
3.904683333333333,0.0
4.611883333333333,0.0
3.4729666666666668,0.0
1.1257166666666667,0.0
4.266466666666666,0.0
4.37655,0.0
4.639016666666667,0.0
4.739166666666667,0.0
4.680466666666667,0.0
5.13115,0.0
4.875783333333333,0.0
5.0540666666666665,0.0
5.063533333333333,0.0
5.044266666666666,0.0
5.967533333333333,1.3821666666666668
8.78435,3.719683333333333
8.492883333333333,3.7334333333333327
3.2164,0.9039166666666666
