use,car
1.14255,0.0
0.91005,0.0
0.7084333333333332,0.0
0.6827833333333332,0.0
0.6889,0.0
0.4682666666666666,0.0
0.4636333333333332,0.0
1.0454,0.0
0.531,0.0
1.01755,0.0
0.2498833333333333,0.0
0.8857,0.0
1.4424833333333331,0.0
1.9270666666666667,0.0
2.2667,0.0
3.8655166666666663,0.0
2.84095,0.0
2.799166666666667,0.0
3.7363666666666666,0.0
2.7191,0.0
4.75175,0.0
3.545183333333333,0.0
2.44455,0.0
1.9404666666666668,0.0
