use,car
1.31435,0.0
1.1521,0.0
0.29155,0.0
0.7177833333333332,0.0
0.6748666666666666,0.0
0.65975,0.0
0.4604166666666666,0.0
0.2855333333333333,0.0
0.7275166666666665,0.0
1.8371166666666667,0.0
2.2852,0.0
1.1849833333333333,0.0
2.1799166666666667,0.0
3.4833333333333334,0.0
2.68115,0.0
2.19215,0.0
2.4214,0.0
1.7842166666666668,0.0
2.503683333333333,0.0
3.206383333333333,0.0
3.42975,0.0
2.7007166666666667,0.0
1.5147,0.0
1.3861166666666669,0.0
