use,car
0.5589333333333332,0.20413333333333328
0.3312666666666666,0.0
0.3576,0.0
0.3568666666666666,0.0
0.3341166666666666,0.0
0.35655,0.0
0.3496833333333333,0.0
0.4453333333333333,0.0
1.03975,0.0
0.64045,0.0
0.2912333333333333,0.0
0.2941833333333333,0.0
0.28735,0.0
0.2875166666666666,0.0
0.2873166666666666,0.0
0.2733,0.0
0.2884166666666666,0.0
0.2786833333333333,0.0
0.2540333333333333,0.0
0.2764333333333333,0.0
0.2455333333333333,0.0
0.27055,0.0
0.2447166666666666,0.0
0.2720166666666666,0.0
