use,car
0.3492,0.0
0.3471333333333333,0.0
0.3298166666666666,0.0
0.3201166666666666,0.0
0.3284666666666666,0.0
0.3273,0.0
0.6395333333333332,0.0
0.7897833333333331,0.0
0.2466166666666666,0.0
2.2169,0.0
3.828016666666666,0.0
1.8211333333333333,0.0
1.3928333333333331,0.0
2.123816666666667,0.0
1.7582,0.0
2.294316666666667,0.0
1.9494166666666668,0.0
0.40765,0.0
0.7857166666666666,0.0
0.787,0.0
0.8844,0.0
1.3733,0.0
1.2958833333333333,0.0
0.4262833333333333,0.0
