use,car
0.2467,0.0
0.27025,0.0
0.2471166666666666,0.0
0.24525,0.0
0.2721333333333333,0.0
0.2417666666666666,0.0
0.2498333333333333,0.0
0.2652666666666666,0.0
0.2417833333333333,0.0
0.25415,0.0
0.2861666666666666,0.0
0.2663833333333333,0.0
0.2686,0.0
0.3006333333333333,0.0
0.2749833333333333,0.0
0.33115,0.0
0.3009666666666666,0.0
0.2849666666666666,0.0
0.2536166666666666,0.0
0.93855,0.0
0.9463666666666664,0.0
0.8147333333333331,0.0004
0.4287,0.0007
0.3143666666666666,0.0
