use,car
0.2951333333333333,0.0
0.3177833333333333,0.0
0.2896833333333333,0.0
0.3170166666666666,0.0
0.29175,0.0
0.3474333333333333,0.0
1.3235333333333332,0.0
1.1912,0.0
0.6887666666666666,0.0
0.4367333333333333,0.0
0.46495,0.0
0.46935,0.0
0.4595,0.0
0.4835,0.0
0.4618333333333332,0.0
0.48415,0.0
0.4790166666666666,0.0
0.4426333333333333,0.0
0.4693666666666666,0.0
1.3235833333333331,0.0
1.6256666666666668,0.0
1.0356333333333332,0.0
2.496566666666667,0.0
1.4597833333333332,0.0
