use,car
0.3583333333333333,0.0
0.3513333333333333,0.0
0.3378333333333333,0.0
0.3317166666666666,0.0
0.3308833333333333,0.0
0.32765,0.0
0.4848666666666666,0.0
0.8153833333333331,0.0
0.5694,0.0
0.481,0.0
0.4953833333333332,0.0
0.5223,0.0
0.5187166666666666,0.0
0.5163,0.0
0.5262166666666666,0.0
0.51865,0.0
0.5681833333333332,0.0
3.5942833333333333,0.0
0.4914833333333332,0.0
0.4961666666666666,0.0
0.4787333333333332,0.0
1.5237166666666668,0.0
4.581883333333333,0.0
1.87875,0.0
