use,car
0.0,0.0
0.0,0.0
0.0,0.0
0.0,0.0
0.0,0.0
0.0,0.0
0.0,0.0
0.0,0.0
0.0,0.6968666666666666
0.0,0.9973333333333332
0.0,0.0
0.0,0.0
0.0,1.3313333333333333
0.0,3.710633333333333
0.0,0.3189666666666666
0.0,0.0
0.0,0.0
0.0,0.0
0.0,0.0
0.0,2.047566666666667
0.0,3.7140166666666663
0.0,3.719083333333333
0.0,3.7210166666666664
0.0,2.666183333333333
