use,car
0.9976166666666664,0.0
0.7573833333333331,0.0
0.7388166666666666,0.0
0.800933333333333,0.0
1.1569333333333331,0.0
0.7697833333333332,0.0
0.7420333333333331,0.0
1.7397833333333332,0.0
1.4148666666666667,0.0
0.8950166666666666,0.0
0.8900333333333331,0.0
0.8829333333333331,0.0
1.0713666666666668,0.0
0.7702,0.0
1.13735,0.0
3.9607833333333327,0.0
0.8613833333333331,0.0
0.2841,0.0
0.5060666666666666,0.0
1.30175,0.0
1.05535,0.0
1.1024,0.0
1.6151,0.0
1.77845,0.0
