use,car
0.9525166666666663,0.0
1.2498,0.0
1.186583333333333,0.0
0.4881,0.0
0.5315166666666666,0.0
0.6149666666666666,0.0
1.5042833333333332,0.0
1.4710833333333333,0.0
0.2687833333333333,0.0
0.33585,0.0
0.5695,0.0
0.7220833333333332,0.0
0.6786166666666666,0.0
0.6353,0.0
0.3001166666666666,0.0
0.3364666666666666,0.0
0.3082,0.0
4.624766666666666,0.0
1.9548,0.0
1.1082333333333332,0.0
3.530666666666667,0.0
2.087566666666667,0.0
1.8176166666666669,0.0
1.2667666666666668,0.0
