use,car
0.6389,0.0
0.8569,0.0
1.2377166666666668,0.0
0.9983666666666664,0.0
0.3436333333333333,0.0
0.4707666666666666,0.0
0.7291166666666665,0.0
1.6833166666666668,0.0
1.2536333333333332,0.0
0.5265333333333332,0.0
0.2684666666666666,0.0
0.2581,0.0
0.2825833333333333,0.0
0.2933166666666666,0.0
0.2998333333333333,0.0
0.2702666666666666,0.0
0.2550333333333333,0.0
0.29665,0.0
0.5027,0.0
1.1487833333333333,0.0
1.1261,0.0
1.20145,0.0
1.1591166666666668,0.0
0.3499333333333333,0.0
