use,car
1.2563166666666667,0.0
1.24175,0.0
1.2460666666666669,0.0
1.1484166666666669,0.0
1.24695,0.0
1.2239,0.0
1.3807333333333331,0.0
1.2650833333333331,0.0
1.3399833333333333,0.0
1.403066666666667,0.0
1.1977666666666669,0.0
1.1823333333333332,0.0
1.18745,0.0
1.2102333333333333,0.0
1.184583333333333,0.0
1.1962333333333333,0.0
2.20195,0.0
5.9155,0.0
3.204683333333333,0.0
1.6485666666666667,0.0
1.7548666666666668,0.0
1.8057833333333333,0.0
1.6779666666666668,0.0
1.3049,0.0
