use,car
0.3656166666666666,0.0
0.3155166666666666,0.0
0.3115,0.0
0.3100166666666666,0.0
0.2880833333333333,0.0
0.3048833333333333,0.0
0.4387,0.0
0.8508166666666666,0.0
0.9152833333333332,0.0
0.2325333333333333,0.0
0.2607666666666666,0.0
0.2439666666666666,0.0
0.2704666666666666,0.0
0.2484833333333333,0.0
0.2707833333333333,0.0
0.4311,0.0
0.7361166666666665,0.0
1.0798166666666669,0.0
1.5609666666666668,0.0
1.2254,0.0
1.035,0.0
0.98505,0.0
0.4376333333333333,0.0
0.39175,0.0
