use,car
0.33165,0.0
0.3290666666666666,0.0
0.3208666666666666,0.0
0.3161833333333333,0.0
0.309,0.0
0.3097,0.0
0.51985,0.0
0.59295,0.0
0.3915333333333333,0.0
0.7623666666666666,0.0
0.5037166666666666,0.0
0.2413166666666666,0.0
0.2603666666666666,0.0
0.24185,0.0
0.8638333333333331,0.0
1.38825,0.0
1.56185,0.0
1.9746666666666668,0.0
1.7251666666666667,0.0
5.107216666666666,0.0
5.134716666666667,0.0
2.1158333333333332,0.0
1.3467833333333332,0.0
0.9609666666666664,0.0
