use,car
0.3530333333333333,0.0
0.3197333333333333,0.0
0.3378666666666666,0.0
0.3200666666666666,0.0
0.3345666666666666,0.0
0.3132166666666666,0.0
0.3108166666666666,0.0
0.6796833333333332,0.0
0.7570833333333331,0.0
1.0216666666666667,0.0
0.283,0.0
0.2818,0.0
0.268,0.0
0.5047,0.0
0.7520333333333331,0.0
0.4901166666666666,0.0
0.6909166666666666,0.0
0.4464333333333333,0.0
0.26515,0.0
0.4632666666666666,0.0
0.8310333333333331,0.0
0.7320833333333332,0.0
0.4141166666666666,0.0
0.3426833333333333,0.0
