use,car
0.3375333333333333,0.0
0.3299,0.0
0.3136,0.0
0.3082,0.0
0.3075333333333333,0.0
0.2861833333333333,0.0
0.4337666666666665,0.0
0.7077333333333332,0.0
0.2914666666666666,0.0
0.2761166666666666,0.0
0.2543833333333333,0.0
0.27835,0.0
0.2947333333333333,0.0
0.2972666666666666,0.0
0.26025,0.0
0.2524666666666666,0.0
0.2332166666666666,0.0
0.2264333333333333,0.0
0.2346,0.0
2.26565,0.0
5.512866666666667,0.0
1.904216666666667,0.0
1.4715666666666667,0.0
0.5008833333333332,0.0
