use,car
0.3290666666666666,0.0
0.3234166666666666,0.0
0.3219666666666666,0.0
0.5517,0.0
0.3333,0.0
0.3161166666666666,0.0
0.4308,0.0
1.4024166666666669,0.0
1.3989666666666667,0.0
0.22785,0.0
0.2476333333333333,0.0
0.2346,0.0
0.2544166666666666,0.0
0.2351166666666666,0.0
0.2588666666666666,0.0
0.2464833333333333,0.0
1.0417166666666668,0.0
0.809,0.0
4.899033333333333,0.0
4.0298,0.0
2.777083333333333,0.0
2.539016666666667,0.0
1.88195,0.0
0.5682166666666666,0.0
