use,car
0.3402,0.0
0.3345333333333333,0.0
0.32,0.0
0.3178166666666666,0.0
0.3292333333333333,0.0
0.3026166666666666,0.0
0.3995,0.0
3.4183,0.0
2.523016666666667,0.0
3.6259166666666665,0.0
2.2141,0.0
0.6745166666666667,0.0
1.1598,0.0
1.6245166666666668,0.0
1.8532833333333332,0.0
1.4936666666666667,0.0
1.6022166666666668,0.0
1.4732333333333332,0.0
0.9667166666666664,0.0
0.6243,0.0
0.7228666666666665,0.0
0.2549166666666666,0.0
0.2708,0.0
0.25455,0.0
