use,car
1.0437,0.0
1.1900166666666667,0.0
0.3269,0.0
0.25765,0.0
0.2527166666666666,0.0
0.2514,0.0
0.4010166666666666,0.0
0.7030666666666666,0.0
1.605033333333333,0.0
2.276666666666667,0.0
0.7400833333333331,0.0
0.7493333333333331,0.0
0.5981666666666666,0.0
0.46485,0.0
2.471916666666667,0.0
1.43075,0.0
2.9522833333333334,0.0
2.8431333333333333,0.0
1.8514833333333331,0.0
0.44671666666666654,0.0
4.557883333333333,0.0
2.93735,0.0
2.02165,0.0
0.3085166666666666,0.0
