use,car
2.1199166666666667,0.0
0.7532166666666666,0.0
0.7164,0.0
0.8424166666666666,0.0
0.7568,0.0
0.75695,0.0
0.772783333333333,0.0
1.2503833333333332,0.0
1.64565,0.0
0.9949333333333332,0.0
0.3005666666666666,0.0
0.30315,0.0
0.3096666666666666,0.0
0.2882166666666666,0.0
0.4581333333333333,0.0
0.3233333333333333,0.0
0.2838,0.0
2.47205,0.0
6.3376,0.0
1.5988666666666669,0.0
1.2058,0.0
1.31905,0.0
0.7949833333333332,0.0
0.38206666666666655,0.0
