use,car
0.38811666666666655,0.0
0.3741,0.0
0.36248333333333327,0.0
0.36183333333333323,0.0
0.35785,0.0
0.3438166666666666,0.0
0.5355,0.0
0.7856,0.0
0.2437833333333333,0.0
0.2661833333333333,0.0
0.2511333333333333,0.0
0.2820333333333333,0.0
0.2634166666666666,0.0
0.3166,0.0
0.9712333333333332,0.0
1.30735,0.0
1.42745,0.0
2.543283333333333,0.0
0.45155,0.0
0.44515,0.0
0.4382333333333333,0.0
0.42,0.0
0.86065,0.0
0.4833333333333332,0.0
