use,car
0.3093166666666666,0.0
0.3011333333333333,0.0
0.2828666666666666,0.0
0.303,0.0
0.2801833333333333,0.0
0.3041666666666666,0.0
0.2787,0.0
2.017866666666667,0.0
1.1027333333333331,0.0
1.0189666666666668,0.0
0.2525666666666666,0.0
0.2686333333333333,0.0
0.2526166666666666,0.0
0.2747833333333333,0.0
0.2546333333333333,0.0
0.28175,0.0
0.9509666666666664,0.0
1.08025,0.0
1.2049666666666667,0.0
1.0720333333333332,0.0
0.8426333333333331,0.0
1.14055,0.0
0.7548333333333331,0.0
0.31785,0.0
