use,car
0.3452166666666666,0.0
0.35885,0.0
0.3234666666666666,0.0
0.33555,0.0
0.3496666666666666,0.0
0.3167833333333333,0.0
0.6310833333333332,0.0
0.7869,0.0
0.27045,0.0
0.2790666666666666,0.0
0.2843166666666666,0.0
0.3048666666666666,0.0
0.2855666666666666,0.0
0.3344833333333333,0.0
0.2811833333333333,0.0
0.3181,0.0
0.4244833333333333,0.0
2.5225,0.0
5.416433333333333,0.0
3.49655,0.0
1.2031666666666667,0.0
1.1993666666666667,0.0
1.0205166666666667,0.0
0.4369833333333333,0.0
