use,car
0.2624,0.0
0.2558333333333333,0.0
0.25525,0.0
0.2569,0.0
0.23955,0.0
0.2599166666666666,0.0
0.2351333333333333,0.0
0.5181833333333332,0.0
0.44861666666666655,0.0
0.3200833333333333,0.0
0.2583166666666666,0.0
0.2637333333333333,0.0
0.2761,0.0
0.5208,0.0
1.11555,0.0
1.91135,0.0
2.59445,0.0
3.538266666666667,0.0
7.111183333333333,0.0
6.150816666666667,0.0
2.2459,0.0
2.5021166666666668,0.0
1.5909833333333332,0.0
1.4485666666666668,0.0
