use,car
1.4487,0.0
1.4229666666666667,0.0
0.7701666666666666,0.0
0.5184,0.0
0.5283833333333332,0.0
0.5286166666666666,0.0
0.50765,0.0
0.5379333333333332,0.0
0.5476333333333332,0.0
0.5337833333333332,0.0
0.7567666666666666,0.0
0.5596,0.0
0.8001833333333331,0.0
1.11225,0.0
1.3590666666666669,0.0
1.4938333333333331,0.0
1.9347666666666667,0.0
2.33365,0.0
2.2363833333333334,0.0
2.03645,0.0
1.9051166666666668,0.0
1.3393166666666667,0.0
1.08595,0.0
0.7601666666666665,0.0
