use,car
1.48075,0.003133333333333333
1.1451666666666669,0.0
1.1946,0.0
1.7392333333333332,0.7063166666666666
4.1308333333333325,3.265683333333333
3.2552166666666666,2.38885
0.8837166666666666,0.0
0.81575,0.0
0.289,0.0
0.3354,0.0
0.5169,0.0
0.8861166666666666,0.0
0.7641,0.0
0.3077833333333333,0.0
0.2933333333333333,0.0
0.28225,0.0
0.2822666666666666,0.0
0.2909,0.0
0.2856833333333333,0.0
0.2359833333333333,0.0
0.20143333333333327,0.0
0.5671333333333332,0.0
0.22505,0.0
0.5763833333333332,0.0
