use,car
0.15871666666666664,0.0
0.18583333333333327,0.0
0.20318333333333327,0.0484
3.459683333333333,3.26985
3.3765666666666667,3.2618
1.5753833333333331,1.4161666666666668
0.18226666666666663,0.0
0.1641833333333333,0.0
3.01505,2.8007833333333334
0.7303,0.48845
0.2509,0.0
0.3125833333333333,0.0
0.3105,0.0
0.31705,0.0
0.2927333333333333,0.0
0.3194666666666666,0.0
0.2812666666666666,0.0
0.2720166666666666,0.0
0.2744,0.0
0.3767,0.0
0.3289,0.0
0.4055166666666665,0.0
0.4717,0.0
0.2562,0.0
