use,car
0.3262,0.0
0.1627833333333333,0.0
0.19878333333333328,0.00145
0.1668333333333333,0.0
0.17861666666666665,0.00145
1.37635,1.2037833333333332
0.1606,0.0
0.2416666666666666,0.0
0.23775,0.0
0.2590666666666666,0.0
0.2011,0.0
0.21693333333333328,0.0001
3.57245,3.2598833333333332
3.4069833333333333,3.1223
0.51985,0.16016666666666665
0.3467333333333333,0.0
0.3227666666666666,0.0
0.2993333333333333,0.0
0.34305,0.0
0.2478333333333333,0.0
0.2159,0.0
0.22235,0.0
0.3528,0.0
0.36228333333333324,0.0
