use,car
0.2002,0.0
0.17375,0.00155
0.1717,0.0
0.2322,0.0294
3.387833333333333,3.26445
2.56105,2.4199333333333333
0.2663666666666666,0.0
0.2851,0.0
0.2818833333333333,0.0
0.2946833333333333,0.0
0.2926166666666666,0.0
0.3313,0.0
0.3417666666666666,0.0
0.3170166666666666,0.0
0.34285,0.0
0.3241666666666666,0.0
0.2950833333333333,0.0
0.2466333333333333,0.0
0.4549333333333333,0.0
0.4714666666666666,0.0
0.3508833333333333,0.0
0.23355,0.0
0.8371166666666666,0.0
0.6389833333333332,0.0
